[2026-08-31T04:09:57+00:00] === perturbation study begins (N=384, nodes=8000) ===
[2026-08-31T04:09:57+00:00] START B_s3_trim_damper  ::  --stage s3 --materials no_q,no_r,no_rr,no_nn,no_bb,no_q_r,no_q_rr --regimes ET,IL
42 points, 16128 games max
  s3-no_q-ET-nc2: mat=no_q|reg=ET|nc2=1|dp2=0|k=1|dbl=W|first=W|n=8000|e=search x384
  s3-no_q-ET-dp2: mat=no_q|reg=ET|nc2=0|dp2=1|k=1|dbl=W|first=W|n=8000|e=search x384
  s3-no_q-ET-nc2-dp2: mat=no_q|reg=ET|nc2=1|dp2=1|k=1|dbl=W|first=W|n=8000|e=search x384
  s3-no_r-ET-nc2: mat=no_r|reg=ET|nc2=1|dp2=0|k=1|dbl=W|first=W|n=8000|e=search x384
  s3-no_r-ET-dp2: mat=no_r|reg=ET|nc2=0|dp2=1|k=1|dbl=W|first=W|n=8000|e=search x384
  s3-no_r-ET-nc2-dp2: mat=no_r|reg=ET|nc2=1|dp2=1|k=1|dbl=W|first=W|n=8000|e=search x384
  s3-no_rr-ET-nc2: mat=no_rr|reg=ET|nc2=1|dp2=0|k=1|dbl=W|first=W|n=8000|e=search x384
  s3-no_rr-ET-dp2: mat=no_rr|reg=ET|nc2=0|dp2=1|k=1|dbl=W|first=W|n=8000|e=search x384
  s3-no_rr-ET-nc2-dp2: mat=no_rr|reg=ET|nc2=1|dp2=1|k=1|dbl=W|first=W|n=8000|e=search x384
  s3-no_nn-ET-nc2: mat=no_nn|reg=ET|nc2=1|dp2=0|k=1|dbl=W|first=W|n=8000|e=search x384
  s3-no_nn-ET-dp2: mat=no_nn|reg=ET|nc2=0|dp2=1|k=1|dbl=W|first=W|n=8000|e=search x384
  s3-no_nn-ET-nc2-dp2: mat=no_nn|reg=ET|nc2=1|dp2=1|k=1|dbl=W|first=W|n=8000|e=search x384
  s3-no_bb-ET-nc2: mat=no_bb|reg=ET|nc2=1|dp2=0|k=1|dbl=W|first=W|n=8000|e=search x384
  s3-no_bb-ET-dp2: mat=no_bb|reg=ET|nc2=0|dp2=1|k=1|dbl=W|first=W|n=8000|e=search x384
  s3-no_bb-ET-nc2-dp2: mat=no_bb|reg=ET|nc2=1|dp2=1|k=1|dbl=W|first=W|n=8000|e=search x384
  s3-no_q_r-ET-nc2: mat=no_q_r|reg=ET|nc2=1|dp2=0|k=1|dbl=W|first=W|n=8000|e=search x384
  s3-no_q_r-ET-dp2: mat=no_q_r|reg=ET|nc2=0|dp2=1|k=1|dbl=W|first=W|n=8000|e=search x384
  s3-no_q_r-ET-nc2-dp2: mat=no_q_r|reg=ET|nc2=1|dp2=1|k=1|dbl=W|first=W|n=8000|e=search x384
  s3-no_q_rr-ET-nc2: mat=no_q_rr|reg=ET|nc2=1|dp2=0|k=1|dbl=W|first=W|n=8000|e=search x384
  s3-no_q_rr-ET-dp2: mat=no_q_rr|reg=ET|nc2=0|dp2=1|k=1|dbl=W|first=W|n=8000|e=search x384
  s3-no_q_rr-ET-nc2-dp2: mat=no_q_rr|reg=ET|nc2=1|dp2=1|k=1|dbl=W|first=W|n=8000|e=search x384
  s3-no_q-IL-nc2: mat=no_q|reg=IL|nc2=1|dp2=0|k=1|dbl=W|first=W|n=8000|e=search x384
  s3-no_q-IL-dp2: mat=no_q|reg=IL|nc2=0|dp2=1|k=1|dbl=W|first=W|n=8000|e=search x384
  s3-no_q-IL-nc2-dp2: mat=no_q|reg=IL|nc2=1|dp2=1|k=1|dbl=W|first=W|n=8000|e=search x384
  s3-no_r-IL-nc2: mat=no_r|reg=IL|nc2=1|dp2=0|k=1|dbl=W|first=W|n=8000|e=search x384
  s3-no_r-IL-dp2: mat=no_r|reg=IL|nc2=0|dp2=1|k=1|dbl=W|first=W|n=8000|e=search x384
  s3-no_r-IL-nc2-dp2: mat=no_r|reg=IL|nc2=1|dp2=1|k=1|dbl=W|first=W|n=8000|e=search x384
  s3-no_rr-IL-nc2: mat=no_rr|reg=IL|nc2=1|dp2=0|k=1|dbl=W|first=W|n=8000|e=search x384
  s3-no_rr-IL-dp2: mat=no_rr|reg=IL|nc2=0|dp2=1|k=1|dbl=W|first=W|n=8000|e=search x384
  s3-no_rr-IL-nc2-dp2: mat=no_rr|reg=IL|nc2=1|dp2=1|k=1|dbl=W|first=W|n=8000|e=search x384
  s3-no_nn-IL-nc2: mat=no_nn|reg=IL|nc2=1|dp2=0|k=1|dbl=W|first=W|n=8000|e=search x384
  s3-no_nn-IL-dp2: mat=no_nn|reg=IL|nc2=0|dp2=1|k=1|dbl=W|first=W|n=8000|e=search x384
  s3-no_nn-IL-nc2-dp2: mat=no_nn|reg=IL|nc2=1|dp2=1|k=1|dbl=W|first=W|n=8000|e=search x384
  s3-no_bb-IL-nc2: mat=no_bb|reg=IL|nc2=1|dp2=0|k=1|dbl=W|first=W|n=8000|e=search x384
  s3-no_bb-IL-dp2: mat=no_bb|reg=IL|nc2=0|dp2=1|k=1|dbl=W|first=W|n=8000|e=search x384
  s3-no_bb-IL-nc2-dp2: mat=no_bb|reg=IL|nc2=1|dp2=1|k=1|dbl=W|first=W|n=8000|e=search x384
  s3-no_q_r-IL-nc2: mat=no_q_r|reg=IL|nc2=1|dp2=0|k=1|dbl=W|first=W|n=8000|e=search x384
  s3-no_q_r-IL-dp2: mat=no_q_r|reg=IL|nc2=0|dp2=1|k=1|dbl=W|first=W|n=8000|e=search x384
  s3-no_q_r-IL-nc2-dp2: mat=no_q_r|reg=IL|nc2=1|dp2=1|k=1|dbl=W|first=W|n=8000|e=search x384
  s3-no_q_rr-IL-nc2: mat=no_q_rr|reg=IL|nc2=1|dp2=0|k=1|dbl=W|first=W|n=8000|e=search x384
  s3-no_q_rr-IL-dp2: mat=no_q_rr|reg=IL|nc2=0|dp2=1|k=1|dbl=W|first=W|n=8000|e=search x384
  s3-no_q_rr-IL-nc2-dp2: mat=no_q_rr|reg=IL|nc2=1|dp2=1|k=1|dbl=W|first=W|n=8000|e=search x384
== s3-no_q-ET-nc2 -> experiments/results/perturbation/s3-no_q-ET-nc2.jsonl
  [s3-no_q-ET-nc2] 1/384 games (598/h, eta 38m)
  [s3-no_q-ET-nc2] 2/384 games (740/h, eta 31m)
  [s3-no_q-ET-nc2] 3/384 games (959/h, eta 24m)
  [s3-no_q-ET-nc2] 4/384 games (801/h, eta 28m)
  [s3-no_q-ET-nc2] 5/384 games (944/h, eta 24m)
  [s3-no_q-ET-nc2] 6/384 games (1123/h, eta 20m)
  [s3-no_q-ET-nc2] 7/384 games (1290/h, eta 18m)
  [s3-no_q-ET-nc2] 8/384 games (1311/h, eta 17m)
  [s3-no_q-ET-nc2] 9/384 games (1394/h, eta 16m)
  [s3-no_q-ET-nc2] 10/384 games (1514/h, eta 15m)
  [s3-no_q-ET-nc2] 11/384 games (1575/h, eta 14m)
  [s3-no_q-ET-nc2] 12/384 games (1660/h, eta 13m)
  [s3-no_q-ET-nc2] 13/384 games (1756/h, eta 13m)
  [s3-no_q-ET-nc2] 14/384 games (1886/h, eta 12m)
  [s3-no_q-ET-nc2] 15/384 games (2008/h, eta 11m)
  [s3-no_q-ET-nc2] 16/384 games (2088/h, eta 11m)
  [s3-no_q-ET-nc2] 17/384 games (2218/h, eta 10m)
  [s3-no_q-ET-nc2] 18/384 games (2275/h, eta 10m)
  [s3-no_q-ET-nc2] 19/384 games (2340/h, eta 9m)
  [s3-no_q-ET-nc2] 20/384 games (2438/h, eta 9m)
  [s3-no_q-ET-nc2] 21/384 games (2543/h, eta 9m)
  [s3-no_q-ET-nc2] 22/384 games (2611/h, eta 8m)
  [s3-no_q-ET-nc2] 23/384 games (2687/h, eta 8m)
  [s3-no_q-ET-nc2] 24/384 games (2800/h, eta 8m)
  [s3-no_q-ET-nc2] 25/384 games (2846/h, eta 8m)
  [s3-no_q-ET-nc2] 26/384 games (2683/h, eta 8m)
  [s3-no_q-ET-nc2] 27/384 games (2656/h, eta 8m)
  [s3-no_q-ET-nc2] 28/384 games (2653/h, eta 8m)
  [s3-no_q-ET-nc2] 29/384 games (2717/h, eta 8m)
  [s3-no_q-ET-nc2] 30/384 games (2733/h, eta 8m)
  [s3-no_q-ET-nc2] 31/384 games (2716/h, eta 8m)
  [s3-no_q-ET-nc2] 32/384 games (2804/h, eta 8m)
  [s3-no_q-ET-nc2] 33/384 games (2885/h, eta 7m)
  [s3-no_q-ET-nc2] 34/384 games (2773/h, eta 8m)
  [s3-no_q-ET-nc2] 35/384 games (2605/h, eta 8m)
  [s3-no_q-ET-nc2] 36/384 games (2606/h, eta 8m)
  [s3-no_q-ET-nc2] 37/384 games (2606/h, eta 8m)
  [s3-no_q-ET-nc2] 38/384 games (2670/h, eta 8m)
  [s3-no_q-ET-nc2] 39/384 games (2740/h, eta 8m)
  [s3-no_q-ET-nc2] 40/384 games (2810/h, eta 7m)
  [s3-no_q-ET-nc2] 41/384 games (2820/h, eta 7m)
  [s3-no_q-ET-nc2] 42/384 games (2820/h, eta 7m)
  [s3-no_q-ET-nc2] 43/384 games (2832/h, eta 7m)
  [s3-no_q-ET-nc2] 44/384 games (2866/h, eta 7m)
  [s3-no_q-ET-nc2] 45/384 games (2896/h, eta 7m)
  [s3-no_q-ET-nc2] 46/384 games (2854/h, eta 7m)
  [s3-no_q-ET-nc2] 47/384 games (2778/h, eta 7m)
  [s3-no_q-ET-nc2] 48/384 games (2800/h, eta 7m)
  [s3-no_q-ET-nc2] 49/384 games (2770/h, eta 7m)
  [s3-no_q-ET-nc2] 50/384 games (2806/h, eta 7m)
  [s3-no_q-ET-nc2] 51/384 games (2820/h, eta 7m)
  [s3-no_q-ET-nc2] 52/384 games (2825/h, eta 7m)
  [s3-no_q-ET-nc2] 53/384 games (2856/h, eta 7m)
  [s3-no_q-ET-nc2] 54/384 games (2883/h, eta 7m)
  [s3-no_q-ET-nc2] 55/384 games (2931/h, eta 7m)
  [s3-no_q-ET-nc2] 56/384 games (2920/h, eta 7m)
  [s3-no_q-ET-nc2] 57/384 games (2970/h, eta 7m)
  [s3-no_q-ET-nc2] 58/384 games (2917/h, eta 7m)
  [s3-no_q-ET-nc2] 59/384 games (2909/h, eta 7m)
  [s3-no_q-ET-nc2] 60/384 games (2950/h, eta 7m)
  [s3-no_q-ET-nc2] 61/384 games (2973/h, eta 7m)
  [s3-no_q-ET-nc2] 62/384 games (2966/h, eta 7m)
  [s3-no_q-ET-nc2] 63/384 games (2994/h, eta 6m)
  [s3-no_q-ET-nc2] 64/384 games (3029/h, eta 6m)
  [s3-no_q-ET-nc2] 65/384 games (3031/h, eta 6m)
  [s3-no_q-ET-nc2] 66/384 games (2992/h, eta 6m)
  [s3-no_q-ET-nc2] 67/384 games (3011/h, eta 6m)
  [s3-no_q-ET-nc2] 68/384 games (3048/h, eta 6m)
  [s3-no_q-ET-nc2] 69/384 games (3055/h, eta 6m)
  [s3-no_q-ET-nc2] 70/384 games (3060/h, eta 6m)
  [s3-no_q-ET-nc2] 71/384 games (3074/h, eta 6m)
  [s3-no_q-ET-nc2] 72/384 games (2952/h, eta 6m)
  [s3-no_q-ET-nc2] 73/384 games (2934/h, eta 6m)
  [s3-no_q-ET-nc2] 74/384 games (2885/h, eta 6m)
  [s3-no_q-ET-nc2] 75/384 games (2900/h, eta 6m)
  [s3-no_q-ET-nc2] 76/384 games (2898/h, eta 6m)
  [s3-no_q-ET-nc2] 77/384 games (2914/h, eta 6m)
  [s3-no_q-ET-nc2] 78/384 games (2946/h, eta 6m)
  [s3-no_q-ET-nc2] 79/384 games (2968/h, eta 6m)
  [s3-no_q-ET-nc2] 80/384 games (2984/h, eta 6m)
  [s3-no_q-ET-nc2] 81/384 games (2973/h, eta 6m)
  [s3-no_q-ET-nc2] 82/384 games (3007/h, eta 6m)
  [s3-no_q-ET-nc2] 83/384 games (3010/h, eta 6m)
  [s3-no_q-ET-nc2] 84/384 games (3041/h, eta 6m)
  [s3-no_q-ET-nc2] 85/384 games (3067/h, eta 6m)
  [s3-no_q-ET-nc2] 86/384 games (3068/h, eta 6m)
  [s3-no_q-ET-nc2] 87/384 games (3095/h, eta 6m)
  [s3-no_q-ET-nc2] 88/384 games (3098/h, eta 6m)
  [s3-no_q-ET-nc2] 89/384 games (3133/h, eta 6m)
  [s3-no_q-ET-nc2] 90/384 games (3145/h, eta 6m)
  [s3-no_q-ET-nc2] 91/384 games (3051/h, eta 6m)
  [s3-no_q-ET-nc2] 92/384 games (3034/h, eta 6m)
  [s3-no_q-ET-nc2] 93/384 games (2997/h, eta 6m)
  [s3-no_q-ET-nc2] 94/384 games (3013/h, eta 6m)
  [s3-no_q-ET-nc2] 95/384 games (3044/h, eta 6m)
  [s3-no_q-ET-nc2] 96/384 games (3047/h, eta 6m)
  [s3-no_q-ET-nc2] 97/384 games (3058/h, eta 6m)
  [s3-no_q-ET-nc2] 98/384 games (3085/h, eta 6m)
  [s3-no_q-ET-nc2] 99/384 games (3100/h, eta 6m)
  [s3-no_q-ET-nc2] 100/384 games (3123/h, eta 5m)
  [s3-no_q-ET-nc2] 101/384 games (3134/h, eta 5m)
  [s3-no_q-ET-nc2] 102/384 games (3098/h, eta 5m)
  [s3-no_q-ET-nc2] 103/384 games (3126/h, eta 5m)
  [s3-no_q-ET-nc2] 104/384 games (3129/h, eta 5m)
  [s3-no_q-ET-nc2] 105/384 games (3131/h, eta 5m)
  [s3-no_q-ET-nc2] 106/384 games (3124/h, eta 5m)
  [s3-no_q-ET-nc2] 107/384 games (3153/h, eta 5m)
  [s3-no_q-ET-nc2] 108/384 games (3163/h, eta 5m)
  [s3-no_q-ET-nc2] 109/384 games (3089/h, eta 5m)
  [s3-no_q-ET-nc2] 110/384 games (3108/h, eta 5m)
  [s3-no_q-ET-nc2] 111/384 games (3121/h, eta 5m)
  [s3-no_q-ET-nc2] 112/384 games (3139/h, eta 5m)
  [s3-no_q-ET-nc2] 113/384 games (3155/h, eta 5m)
  [s3-no_q-ET-nc2] 114/384 games (3105/h, eta 5m)
  [s3-no_q-ET-nc2] 115/384 games (3039/h, eta 5m)
  [s3-no_q-ET-nc2] 116/384 games (3057/h, eta 5m)
  [s3-no_q-ET-nc2] 117/384 games (3069/h, eta 5m)
  [s3-no_q-ET-nc2] 118/384 games (3086/h, eta 5m)
  [s3-no_q-ET-nc2] 119/384 games (3095/h, eta 5m)
  [s3-no_q-ET-nc2] 120/384 games (3112/h, eta 5m)
  [s3-no_q-ET-nc2] 121/384 games (3089/h, eta 5m)
  [s3-no_q-ET-nc2] 122/384 games (3097/h, eta 5m)
  [s3-no_q-ET-nc2] 123/384 games (3084/h, eta 5m)
  [s3-no_q-ET-nc2] 124/384 games (3091/h, eta 5m)
  [s3-no_q-ET-nc2] 125/384 games (3072/h, eta 5m)
  [s3-no_q-ET-nc2] 126/384 games (3067/h, eta 5m)
  [s3-no_q-ET-nc2] 127/384 games (3052/h, eta 5m)
  [s3-no_q-ET-nc2] 128/384 games (3058/h, eta 5m)
  [s3-no_q-ET-nc2] 129/384 games (3074/h, eta 5m)
  [s3-no_q-ET-nc2] 130/384 games (3068/h, eta 5m)
  [s3-no_q-ET-nc2] 131/384 games (3060/h, eta 5m)
  [s3-no_q-ET-nc2] 132/384 games (3073/h, eta 5m)
  [s3-no_q-ET-nc2] 133/384 games (3063/h, eta 5m)
  [s3-no_q-ET-nc2] 134/384 games (3081/h, eta 5m)
  [s3-no_q-ET-nc2] 135/384 games (3064/h, eta 5m)
  [s3-no_q-ET-nc2] 136/384 games (3074/h, eta 5m)
  [s3-no_q-ET-nc2] 137/384 games (3093/h, eta 5m)
  [s3-no_q-ET-nc2] 138/384 games (3114/h, eta 5m)
  [s3-no_q-ET-nc2] 139/384 games (3107/h, eta 5m)
  [s3-no_q-ET-nc2] 140/384 games (3125/h, eta 5m)
  [s3-no_q-ET-nc2] 141/384 games (3111/h, eta 5m)
  [s3-no_q-ET-nc2] 142/384 games (3110/h, eta 5m)
  [s3-no_q-ET-nc2] 143/384 games (3122/h, eta 5m)
  [s3-no_q-ET-nc2] 144/384 games (3133/h, eta 5m)
  [s3-no_q-ET-nc2] 145/384 games (3103/h, eta 5m)
  [s3-no_q-ET-nc2] 146/384 games (3100/h, eta 5m)
  [s3-no_q-ET-nc2] 147/384 games (3112/h, eta 5m)
  [s3-no_q-ET-nc2] 148/384 games (3131/h, eta 5m)
  [s3-no_q-ET-nc2] 149/384 games (3150/h, eta 4m)
  [s3-no_q-ET-nc2] 150/384 games (3167/h, eta 4m)
  [s3-no_q-ET-nc2] 151/384 games (3185/h, eta 4m)
  [s3-no_q-ET-nc2] 152/384 games (3187/h, eta 4m)
  [s3-no_q-ET-nc2] 153/384 games (3194/h, eta 4m)
  [s3-no_q-ET-nc2] 154/384 games (3212/h, eta 4m)
  [s3-no_q-ET-nc2] 155/384 games (3226/h, eta 4m)
  [s3-no_q-ET-nc2] 156/384 games (3210/h, eta 4m)
  [s3-no_q-ET-nc2] 157/384 games (3218/h, eta 4m)
  [s3-no_q-ET-nc2] 158/384 games (3234/h, eta 4m)
  [s3-no_q-ET-nc2] 159/384 games (3243/h, eta 4m)
  [s3-no_q-ET-nc2] 160/384 games (3232/h, eta 4m)
  [s3-no_q-ET-nc2] 161/384 games (3229/h, eta 4m)
  [s3-no_q-ET-nc2] 162/384 games (3224/h, eta 4m)
  [s3-no_q-ET-nc2] 163/384 games (3241/h, eta 4m)
  [s3-no_q-ET-nc2] 164/384 games (3240/h, eta 4m)
  [s3-no_q-ET-nc2] 165/384 games (3244/h, eta 4m)
  [s3-no_q-ET-nc2] 166/384 games (3228/h, eta 4m)
  [s3-no_q-ET-nc2] 167/384 games (3138/h, eta 4m)
  [s3-no_q-ET-nc2] 168/384 games (3154/h, eta 4m)
  [s3-no_q-ET-nc2] 169/384 games (3166/h, eta 4m)
  [s3-no_q-ET-nc2] 170/384 games (3160/h, eta 4m)
  [s3-no_q-ET-nc2] 171/384 games (3162/h, eta 4m)
  [s3-no_q-ET-nc2] 172/384 games (3138/h, eta 4m)
  [s3-no_q-ET-nc2] 173/384 games (3153/h, eta 4m)
  [s3-no_q-ET-nc2] 174/384 games (3159/h, eta 4m)
  [s3-no_q-ET-nc2] 175/384 games (3168/h, eta 4m)
  [s3-no_q-ET-nc2] 176/384 games (3178/h, eta 4m)
  [s3-no_q-ET-nc2] 177/384 games (3190/h, eta 4m)
  [s3-no_q-ET-nc2] 178/384 games (3180/h, eta 4m)
  [s3-no_q-ET-nc2] 179/384 games (3197/h, eta 4m)
  [s3-no_q-ET-nc2] 180/384 games (3212/h, eta 4m)
  [s3-no_q-ET-nc2] 181/384 games (3228/h, eta 4m)
  [s3-no_q-ET-nc2] 182/384 games (3236/h, eta 4m)
  [s3-no_q-ET-nc2] 183/384 games (3254/h, eta 4m)
  [s3-no_q-ET-nc2] 184/384 games (3238/h, eta 4m)
  [s3-no_q-ET-nc2] 185/384 games (3186/h, eta 4m)
  [s3-no_q-ET-nc2] 186/384 games (3198/h, eta 4m)
  [s3-no_q-ET-nc2] 187/384 games (3212/h, eta 4m)
  [s3-no_q-ET-nc2] 188/384 games (3229/h, eta 4m)
  [s3-no_q-ET-nc2] 189/384 games (3241/h, eta 4m)
  [s3-no_q-ET-nc2] 190/384 games (3232/h, eta 4m)
  [s3-no_q-ET-nc2] 191/384 games (3236/h, eta 4m)
  [s3-no_q-ET-nc2] 192/384 games (3249/h, eta 4m)
  [s3-no_q-ET-nc2] 193/384 games (3168/h, eta 4m)
  [s3-no_q-ET-nc2] 194/384 games (3184/h, eta 4m)
  [s3-no_q-ET-nc2] 195/384 games (3198/h, eta 4m)
  [s3-no_q-ET-nc2] 196/384 games (3171/h, eta 4m)
  [s3-no_q-ET-nc2] 197/384 games (3186/h, eta 4m)
  [s3-no_q-ET-nc2] 198/384 games (3171/h, eta 4m)
  [s3-no_q-ET-nc2] 199/384 games (3181/h, eta 3m)
  [s3-no_q-ET-nc2] 200/384 games (3187/h, eta 3m)
  [s3-no_q-ET-nc2] 201/384 games (3188/h, eta 3m)
  [s3-no_q-ET-nc2] 202/384 games (3158/h, eta 3m)
  [s3-no_q-ET-nc2] 203/384 games (3141/h, eta 3m)
  [s3-no_q-ET-nc2] 204/384 games (3129/h, eta 3m)
  [s3-no_q-ET-nc2] 205/384 games (3127/h, eta 3m)
  [s3-no_q-ET-nc2] 206/384 games (3140/h, eta 3m)
  [s3-no_q-ET-nc2] 207/384 games (3143/h, eta 3m)
  [s3-no_q-ET-nc2] 208/384 games (3154/h, eta 3m)
  [s3-no_q-ET-nc2] 209/384 games (3168/h, eta 3m)
  [s3-no_q-ET-nc2] 210/384 games (3166/h, eta 3m)
  [s3-no_q-ET-nc2] 211/384 games (3168/h, eta 3m)
  [s3-no_q-ET-nc2] 212/384 games (3180/h, eta 3m)
  [s3-no_q-ET-nc2] 213/384 games (3195/h, eta 3m)
  [s3-no_q-ET-nc2] 214/384 games (3187/h, eta 3m)
  [s3-no_q-ET-nc2] 215/384 games (3186/h, eta 3m)
  [s3-no_q-ET-nc2] 216/384 games (3196/h, eta 3m)
  [s3-no_q-ET-nc2] 217/384 games (3204/h, eta 3m)
  [s3-no_q-ET-nc2] 218/384 games (3217/h, eta 3m)
  [s3-no_q-ET-nc2] 219/384 games (3231/h, eta 3m)
  [s3-no_q-ET-nc2] 220/384 games (3228/h, eta 3m)
  [s3-no_q-ET-nc2] 221/384 games (3234/h, eta 3m)
  [s3-no_q-ET-nc2] 222/384 games (3221/h, eta 3m)
  [s3-no_q-ET-nc2] 223/384 games (3198/h, eta 3m)
  [s3-no_q-ET-nc2] 224/384 games (3206/h, eta 3m)
  [s3-no_q-ET-nc2] 225/384 games (3194/h, eta 3m)
  [s3-no_q-ET-nc2] 226/384 games (3193/h, eta 3m)
  [s3-no_q-ET-nc2] 227/384 games (3184/h, eta 3m)
  [s3-no_q-ET-nc2] 228/384 games (3179/h, eta 3m)
  [s3-no_q-ET-nc2] 229/384 games (3177/h, eta 3m)
  [s3-no_q-ET-nc2] 230/384 games (3189/h, eta 3m)
  [s3-no_q-ET-nc2] 231/384 games (3186/h, eta 3m)
  [s3-no_q-ET-nc2] 232/384 games (3191/h, eta 3m)
  [s3-no_q-ET-nc2] 233/384 games (3198/h, eta 3m)
  [s3-no_q-ET-nc2] 234/384 games (3156/h, eta 3m)
  [s3-no_q-ET-nc2] 235/384 games (3165/h, eta 3m)
  [s3-no_q-ET-nc2] 236/384 games (3170/h, eta 3m)
  [s3-no_q-ET-nc2] 237/384 games (3171/h, eta 3m)
  [s3-no_q-ET-nc2] 238/384 games (3182/h, eta 3m)
  [s3-no_q-ET-nc2] 239/384 games (3190/h, eta 3m)
  [s3-no_q-ET-nc2] 240/384 games (3177/h, eta 3m)
  [s3-no_q-ET-nc2] 241/384 games (3178/h, eta 3m)
  [s3-no_q-ET-nc2] 242/384 games (3191/h, eta 3m)
  [s3-no_q-ET-nc2] 243/384 games (3192/h, eta 3m)
  [s3-no_q-ET-nc2] 244/384 games (3199/h, eta 3m)
  [s3-no_q-ET-nc2] 245/384 games (3200/h, eta 3m)
  [s3-no_q-ET-nc2] 246/384 games (3193/h, eta 3m)
  [s3-no_q-ET-nc2] 247/384 games (3201/h, eta 3m)
  [s3-no_q-ET-nc2] 248/384 games (3210/h, eta 3m)
  [s3-no_q-ET-nc2] 249/384 games (3176/h, eta 3m)
  [s3-no_q-ET-nc2] 250/384 games (3180/h, eta 3m)
  [s3-no_q-ET-nc2] 251/384 games (3171/h, eta 3m)
  [s3-no_q-ET-nc2] 252/384 games (3182/h, eta 2m)
  [s3-no_q-ET-nc2] 253/384 games (3176/h, eta 2m)
  [s3-no_q-ET-nc2] 254/384 games (3185/h, eta 2m)
  [s3-no_q-ET-nc2] 255/384 games (3181/h, eta 2m)
  [s3-no_q-ET-nc2] 256/384 games (3193/h, eta 2m)
  [s3-no_q-ET-nc2] 257/384 games (3200/h, eta 2m)
  [s3-no_q-ET-nc2] 258/384 games (3207/h, eta 2m)
  [s3-no_q-ET-nc2] 259/384 games (3210/h, eta 2m)
  [s3-no_q-ET-nc2] 260/384 games (3198/h, eta 2m)
  [s3-no_q-ET-nc2] 261/384 games (3187/h, eta 2m)
  [s3-no_q-ET-nc2] 262/384 games (3196/h, eta 2m)
  [s3-no_q-ET-nc2] 263/384 games (3203/h, eta 2m)
  [s3-no_q-ET-nc2] 264/384 games (3212/h, eta 2m)
  [s3-no_q-ET-nc2] 265/384 games (3217/h, eta 2m)
  [s3-no_q-ET-nc2] 266/384 games (3229/h, eta 2m)
  [s3-no_q-ET-nc2] 267/384 games (3200/h, eta 2m)
  [s3-no_q-ET-nc2] 268/384 games (3206/h, eta 2m)
  [s3-no_q-ET-nc2] 269/384 games (3215/h, eta 2m)
  [s3-no_q-ET-nc2] 270/384 games (3199/h, eta 2m)
  [s3-no_q-ET-nc2] 271/384 games (3206/h, eta 2m)
  [s3-no_q-ET-nc2] 272/384 games (3197/h, eta 2m)
  [s3-no_q-ET-nc2] 273/384 games (3198/h, eta 2m)
  [s3-no_q-ET-nc2] 274/384 games (3196/h, eta 2m)
  [s3-no_q-ET-nc2] 275/384 games (3183/h, eta 2m)
  [s3-no_q-ET-nc2] 276/384 games (3186/h, eta 2m)
  [s3-no_q-ET-nc2] 277/384 games (3183/h, eta 2m)
  [s3-no_q-ET-nc2] 278/384 games (3191/h, eta 2m)
  [s3-no_q-ET-nc2] 279/384 games (3193/h, eta 2m)
  [s3-no_q-ET-nc2] 280/384 games (3203/h, eta 2m)
  [s3-no_q-ET-nc2] 281/384 games (3210/h, eta 2m)
  [s3-no_q-ET-nc2] 282/384 games (3210/h, eta 2m)
  [s3-no_q-ET-nc2] 283/384 games (3209/h, eta 2m)
  [s3-no_q-ET-nc2] 284/384 games (3209/h, eta 2m)
  [s3-no_q-ET-nc2] 285/384 games (3197/h, eta 2m)
  [s3-no_q-ET-nc2] 286/384 games (3188/h, eta 2m)
  [s3-no_q-ET-nc2] 287/384 games (3196/h, eta 2m)
  [s3-no_q-ET-nc2] 288/384 games (3203/h, eta 2m)
  [s3-no_q-ET-nc2] 289/384 games (3198/h, eta 2m)
  [s3-no_q-ET-nc2] 290/384 games (3198/h, eta 2m)
  [s3-no_q-ET-nc2] 291/384 games (3207/h, eta 2m)
  [s3-no_q-ET-nc2] 292/384 games (3201/h, eta 2m)
  [s3-no_q-ET-nc2] 293/384 games (3210/h, eta 2m)
  [s3-no_q-ET-nc2] 294/384 games (3220/h, eta 2m)
  [s3-no_q-ET-nc2] 295/384 games (3223/h, eta 2m)
  [s3-no_q-ET-nc2] 296/384 games (3222/h, eta 2m)
  [s3-no_q-ET-nc2] 297/384 games (3220/h, eta 2m)
  [s3-no_q-ET-nc2] 298/384 games (3212/h, eta 2m)
  [s3-no_q-ET-nc2] 299/384 games (3212/h, eta 2m)
  [s3-no_q-ET-nc2] 300/384 games (3220/h, eta 2m)
  [s3-no_q-ET-nc2] 301/384 games (3228/h, eta 2m)
  [s3-no_q-ET-nc2] 302/384 games (3208/h, eta 2m)
  [s3-no_q-ET-nc2] 303/384 games (3217/h, eta 2m)
  [s3-no_q-ET-nc2] 304/384 games (3226/h, eta 1m)
  [s3-no_q-ET-nc2] 305/384 games (3230/h, eta 1m)
  [s3-no_q-ET-nc2] 306/384 games (3225/h, eta 1m)
  [s3-no_q-ET-nc2] 307/384 games (3226/h, eta 1m)
  [s3-no_q-ET-nc2] 308/384 games (3234/h, eta 1m)
  [s3-no_q-ET-nc2] 309/384 games (3243/h, eta 1m)
  [s3-no_q-ET-nc2] 310/384 games (3240/h, eta 1m)
  [s3-no_q-ET-nc2] 311/384 games (3250/h, eta 1m)
  [s3-no_q-ET-nc2] 312/384 games (3230/h, eta 1m)
  [s3-no_q-ET-nc2] 313/384 games (3230/h, eta 1m)
  [s3-no_q-ET-nc2] 314/384 games (3239/h, eta 1m)
  [s3-no_q-ET-nc2] 315/384 games (3234/h, eta 1m)
  [s3-no_q-ET-nc2] 316/384 games (3241/h, eta 1m)
  [s3-no_q-ET-nc2] 317/384 games (3239/h, eta 1m)
  [s3-no_q-ET-nc2] 318/384 games (3245/h, eta 1m)
  [s3-no_q-ET-nc2] 319/384 games (3252/h, eta 1m)
  [s3-no_q-ET-nc2] 320/384 games (3253/h, eta 1m)
  [s3-no_q-ET-nc2] 321/384 games (3257/h, eta 1m)
  [s3-no_q-ET-nc2] 322/384 games (3222/h, eta 1m)
  [s3-no_q-ET-nc2] 323/384 games (3227/h, eta 1m)
  [s3-no_q-ET-nc2] 324/384 games (3227/h, eta 1m)
  [s3-no_q-ET-nc2] 325/384 games (3236/h, eta 1m)
  [s3-no_q-ET-nc2] 326/384 games (3226/h, eta 1m)
  [s3-no_q-ET-nc2] 327/384 games (3230/h, eta 1m)
  [s3-no_q-ET-nc2] 328/384 games (3234/h, eta 1m)
  [s3-no_q-ET-nc2] 329/384 games (3232/h, eta 1m)
  [s3-no_q-ET-nc2] 330/384 games (3236/h, eta 1m)
  [s3-no_q-ET-nc2] 331/384 games (3237/h, eta 1m)
  [s3-no_q-ET-nc2] 332/384 games (3238/h, eta 1m)
  [s3-no_q-ET-nc2] 333/384 games (3243/h, eta 1m)
  [s3-no_q-ET-nc2] 334/384 games (3241/h, eta 1m)
  [s3-no_q-ET-nc2] 335/384 games (3248/h, eta 1m)
  [s3-no_q-ET-nc2] 336/384 games (3245/h, eta 1m)
  [s3-no_q-ET-nc2] 337/384 games (3252/h, eta 1m)
  [s3-no_q-ET-nc2] 338/384 games (3247/h, eta 1m)
  [s3-no_q-ET-nc2] 339/384 games (3250/h, eta 1m)
  [s3-no_q-ET-nc2] 340/384 games (3254/h, eta 1m)
  [s3-no_q-ET-nc2] 341/384 games (3221/h, eta 1m)
  [s3-no_q-ET-nc2] 342/384 games (3225/h, eta 1m)
  [s3-no_q-ET-nc2] 343/384 games (3219/h, eta 1m)
  [s3-no_q-ET-nc2] 344/384 games (3223/h, eta 1m)
  [s3-no_q-ET-nc2] 345/384 games (3207/h, eta 1m)
  [s3-no_q-ET-nc2] 346/384 games (3191/h, eta 1m)
  [s3-no_q-ET-nc2] 347/384 games (3194/h, eta 1m)
  [s3-no_q-ET-nc2] 348/384 games (3199/h, eta 1m)
  [s3-no_q-ET-nc2] 349/384 games (3205/h, eta 1m)
  [s3-no_q-ET-nc2] 350/384 games (3196/h, eta 1m)
  [s3-no_q-ET-nc2] 351/384 games (3191/h, eta 1m)
  [s3-no_q-ET-nc2] 352/384 games (3192/h, eta 1m)
  [s3-no_q-ET-nc2] 353/384 games (3196/h, eta 1m)
  [s3-no_q-ET-nc2] 354/384 games (3193/h, eta 1m)
  [s3-no_q-ET-nc2] 355/384 games (3198/h, eta 1m)
  [s3-no_q-ET-nc2] 356/384 games (3201/h, eta 1m)
  [s3-no_q-ET-nc2] 357/384 games (3208/h, eta 1m)
  [s3-no_q-ET-nc2] 358/384 games (3200/h, eta 0m)
  [s3-no_q-ET-nc2] 359/384 games (3196/h, eta 0m)
  [s3-no_q-ET-nc2] 360/384 games (3178/h, eta 0m)
  [s3-no_q-ET-nc2] 361/384 games (3187/h, eta 0m)
  [s3-no_q-ET-nc2] 362/384 games (3194/h, eta 0m)
  [s3-no_q-ET-nc2] 363/384 games (3198/h, eta 0m)
  [s3-no_q-ET-nc2] 364/384 games (3192/h, eta 0m)
  [s3-no_q-ET-nc2] 365/384 games (3195/h, eta 0m)
  [s3-no_q-ET-nc2] 366/384 games (3194/h, eta 0m)
  [s3-no_q-ET-nc2] 367/384 games (3202/h, eta 0m)
  [s3-no_q-ET-nc2] 368/384 games (3210/h, eta 0m)
  [s3-no_q-ET-nc2] 369/384 games (3216/h, eta 0m)
  [s3-no_q-ET-nc2] 370/384 games (3223/h, eta 0m)
  [s3-no_q-ET-nc2] 371/384 games (3209/h, eta 0m)
  [s3-no_q-ET-nc2] 372/384 games (3206/h, eta 0m)
  [s3-no_q-ET-nc2] 373/384 games (3202/h, eta 0m)
  [s3-no_q-ET-nc2] 374/384 games (3208/h, eta 0m)
  [s3-no_q-ET-nc2] 375/384 games (3206/h, eta 0m)
  [s3-no_q-ET-nc2] 376/384 games (3211/h, eta 0m)
  [s3-no_q-ET-nc2] 377/384 games (3214/h, eta 0m)
  [s3-no_q-ET-nc2] 378/384 games (3212/h, eta 0m)
  [s3-no_q-ET-nc2] 379/384 games (3205/h, eta 0m)
  [s3-no_q-ET-nc2] 380/384 games (3213/h, eta 0m)
  [s3-no_q-ET-nc2] 381/384 games (3211/h, eta 0m)
  [s3-no_q-ET-nc2] 382/384 games (3208/h, eta 0m)
  [s3-no_q-ET-nc2] 383/384 games (3203/h, eta 0m)
  [s3-no_q-ET-nc2] 384/384 games (3190/h, eta 0m)
== s3-no_q-ET-dp2 -> experiments/results/perturbation/s3-no_q-ET-dp2.jsonl
  [s3-no_q-ET-dp2] 1/384 games (1309/h, eta 18m)
  [s3-no_q-ET-dp2] 2/384 games (791/h, eta 29m)
  [s3-no_q-ET-dp2] 3/384 games (724/h, eta 32m)
  [s3-no_q-ET-dp2] 4/384 games (916/h, eta 25m)
  [s3-no_q-ET-dp2] 5/384 games (985/h, eta 23m)
  [s3-no_q-ET-dp2] 6/384 games (1128/h, eta 20m)
  [s3-no_q-ET-dp2] 7/384 games (1113/h, eta 20m)
  [s3-no_q-ET-dp2] 8/384 games (1270/h, eta 18m)
  [s3-no_q-ET-dp2] 9/384 games (1323/h, eta 17m)
  [s3-no_q-ET-dp2] 10/384 games (1452/h, eta 15m)
  [s3-no_q-ET-dp2] 11/384 games (1581/h, eta 14m)
  [s3-no_q-ET-dp2] 12/384 games (1594/h, eta 14m)
  [s3-no_q-ET-dp2] 13/384 games (1633/h, eta 14m)
  [s3-no_q-ET-dp2] 14/384 games (1685/h, eta 13m)
  [s3-no_q-ET-dp2] 15/384 games (1799/h, eta 12m)
  [s3-no_q-ET-dp2] 16/384 games (1773/h, eta 12m)
  [s3-no_q-ET-dp2] 17/384 games (1870/h, eta 12m)
  [s3-no_q-ET-dp2] 18/384 games (1839/h, eta 12m)
  [s3-no_q-ET-dp2] 19/384 games (1940/h, eta 11m)
  [s3-no_q-ET-dp2] 20/384 games (1927/h, eta 11m)
  [s3-no_q-ET-dp2] 21/384 games (1951/h, eta 11m)
  [s3-no_q-ET-dp2] 22/384 games (2038/h, eta 11m)
  [s3-no_q-ET-dp2] 23/384 games (2078/h, eta 10m)
  [s3-no_q-ET-dp2] 24/384 games (2110/h, eta 10m)
  [s3-no_q-ET-dp2] 25/384 games (2172/h, eta 10m)
  [s3-no_q-ET-dp2] 26/384 games (2118/h, eta 10m)
  [s3-no_q-ET-dp2] 27/384 games (2171/h, eta 10m)
  [s3-no_q-ET-dp2] 28/384 games (2230/h, eta 10m)
  [s3-no_q-ET-dp2] 29/384 games (2260/h, eta 9m)
  [s3-no_q-ET-dp2] 30/384 games (2254/h, eta 9m)
  [s3-no_q-ET-dp2] 31/384 games (2291/h, eta 9m)
  [s3-no_q-ET-dp2] 32/384 games (2327/h, eta 9m)
  [s3-no_q-ET-dp2] 33/384 games (2340/h, eta 9m)
  [s3-no_q-ET-dp2] 34/384 games (2253/h, eta 9m)
  [s3-no_q-ET-dp2] 35/384 games (2245/h, eta 9m)
  [s3-no_q-ET-dp2] 36/384 games (2261/h, eta 9m)
  [s3-no_q-ET-dp2] 37/384 games (2232/h, eta 9m)
  [s3-no_q-ET-dp2] 38/384 games (2232/h, eta 9m)
  [s3-no_q-ET-dp2] 39/384 games (2269/h, eta 9m)
  [s3-no_q-ET-dp2] 40/384 games (2318/h, eta 9m)
  [s3-no_q-ET-dp2] 41/384 games (2296/h, eta 9m)
  [s3-no_q-ET-dp2] 42/384 games (2329/h, eta 9m)
  [s3-no_q-ET-dp2] 43/384 games (2317/h, eta 9m)
  [s3-no_q-ET-dp2] 44/384 games (2334/h, eta 9m)
  [s3-no_q-ET-dp2] 45/384 games (2385/h, eta 9m)
  [s3-no_q-ET-dp2] 46/384 games (2389/h, eta 8m)
  [s3-no_q-ET-dp2] 47/384 games (2432/h, eta 8m)
  [s3-no_q-ET-dp2] 48/384 games (2467/h, eta 8m)
  [s3-no_q-ET-dp2] 49/384 games (2477/h, eta 8m)
  [s3-no_q-ET-dp2] 50/384 games (2508/h, eta 8m)
  [s3-no_q-ET-dp2] 51/384 games (2539/h, eta 8m)
  [s3-no_q-ET-dp2] 52/384 games (2468/h, eta 8m)
  [s3-no_q-ET-dp2] 53/384 games (2362/h, eta 8m)
  [s3-no_q-ET-dp2] 54/384 games (2313/h, eta 9m)
  [s3-no_q-ET-dp2] 55/384 games (2340/h, eta 8m)
  [s3-no_q-ET-dp2] 56/384 games (2373/h, eta 8m)
  [s3-no_q-ET-dp2] 57/384 games (2393/h, eta 8m)
  [s3-no_q-ET-dp2] 58/384 games (2405/h, eta 8m)
  [s3-no_q-ET-dp2] 59/384 games (2427/h, eta 8m)
  [s3-no_q-ET-dp2] 60/384 games (2452/h, eta 8m)
  [s3-no_q-ET-dp2] 61/384 games (2490/h, eta 8m)
  [s3-no_q-ET-dp2] 62/384 games (2510/h, eta 8m)
  [s3-no_q-ET-dp2] 63/384 games (2515/h, eta 8m)
  [s3-no_q-ET-dp2] 64/384 games (2553/h, eta 8m)
  [s3-no_q-ET-dp2] 65/384 games (2573/h, eta 7m)
  [s3-no_q-ET-dp2] 66/384 games (2588/h, eta 7m)
  [s3-no_q-ET-dp2] 67/384 games (2617/h, eta 7m)
  [s3-no_q-ET-dp2] 68/384 games (2650/h, eta 7m)
  [s3-no_q-ET-dp2] 69/384 games (2670/h, eta 7m)
  [s3-no_q-ET-dp2] 70/384 games (2619/h, eta 7m)
  [s3-no_q-ET-dp2] 71/384 games (2489/h, eta 8m)
  [s3-no_q-ET-dp2] 72/384 games (2451/h, eta 8m)
  [s3-no_q-ET-dp2] 73/384 games (2456/h, eta 8m)
  [s3-no_q-ET-dp2] 74/384 games (2436/h, eta 8m)
  [s3-no_q-ET-dp2] 75/384 games (2468/h, eta 8m)
  [s3-no_q-ET-dp2] 76/384 games (2491/h, eta 7m)
  [s3-no_q-ET-dp2] 77/384 games (2517/h, eta 7m)
  [s3-no_q-ET-dp2] 78/384 games (2520/h, eta 7m)
  [s3-no_q-ET-dp2] 79/384 games (2550/h, eta 7m)
  [s3-no_q-ET-dp2] 80/384 games (2519/h, eta 7m)
  [s3-no_q-ET-dp2] 81/384 games (2538/h, eta 7m)
  [s3-no_q-ET-dp2] 82/384 games (2547/h, eta 7m)
  [s3-no_q-ET-dp2] 83/384 games (2522/h, eta 7m)
  [s3-no_q-ET-dp2] 84/384 games (2552/h, eta 7m)
  [s3-no_q-ET-dp2] 85/384 games (2581/h, eta 7m)
  [s3-no_q-ET-dp2] 86/384 games (2553/h, eta 7m)
  [s3-no_q-ET-dp2] 87/384 games (2548/h, eta 7m)
  [s3-no_q-ET-dp2] 88/384 games (2572/h, eta 7m)
  [s3-no_q-ET-dp2] 89/384 games (2586/h, eta 7m)
  [s3-no_q-ET-dp2] 90/384 games (2599/h, eta 7m)
  [s3-no_q-ET-dp2] 91/384 games (2590/h, eta 7m)
  [s3-no_q-ET-dp2] 92/384 games (2590/h, eta 7m)
  [s3-no_q-ET-dp2] 93/384 games (2594/h, eta 7m)
  [s3-no_q-ET-dp2] 94/384 games (2614/h, eta 7m)
  [s3-no_q-ET-dp2] 95/384 games (2624/h, eta 7m)
  [s3-no_q-ET-dp2] 96/384 games (2645/h, eta 7m)
  [s3-no_q-ET-dp2] 97/384 games (2661/h, eta 6m)
  [s3-no_q-ET-dp2] 98/384 games (2634/h, eta 7m)
  [s3-no_q-ET-dp2] 99/384 games (2638/h, eta 6m)
  [s3-no_q-ET-dp2] 100/384 games (2616/h, eta 7m)
  [s3-no_q-ET-dp2] 101/384 games (2625/h, eta 6m)
  [s3-no_q-ET-dp2] 102/384 games (2645/h, eta 6m)
  [s3-no_q-ET-dp2] 103/384 games (2651/h, eta 6m)
  [s3-no_q-ET-dp2] 104/384 games (2632/h, eta 6m)
  [s3-no_q-ET-dp2] 105/384 games (2647/h, eta 6m)
  [s3-no_q-ET-dp2] 106/384 games (2664/h, eta 6m)
  [s3-no_q-ET-dp2] 107/384 games (2688/h, eta 6m)
  [s3-no_q-ET-dp2] 108/384 games (2665/h, eta 6m)
  [s3-no_q-ET-dp2] 109/384 games (2682/h, eta 6m)
  [s3-no_q-ET-dp2] 110/384 games (2702/h, eta 6m)
  [s3-no_q-ET-dp2] 111/384 games (2726/h, eta 6m)
  [s3-no_q-ET-dp2] 112/384 games (2729/h, eta 6m)
  [s3-no_q-ET-dp2] 113/384 games (2721/h, eta 6m)
  [s3-no_q-ET-dp2] 114/384 games (2737/h, eta 6m)
  [s3-no_q-ET-dp2] 115/384 games (2739/h, eta 6m)
  [s3-no_q-ET-dp2] 116/384 games (2699/h, eta 6m)
  [s3-no_q-ET-dp2] 117/384 games (2707/h, eta 6m)
  [s3-no_q-ET-dp2] 118/384 games (2660/h, eta 6m)
  [s3-no_q-ET-dp2] 119/384 games (2631/h, eta 6m)
  [s3-no_q-ET-dp2] 120/384 games (2648/h, eta 6m)
  [s3-no_q-ET-dp2] 121/384 games (2665/h, eta 6m)
  [s3-no_q-ET-dp2] 122/384 games (2671/h, eta 6m)
  [s3-no_q-ET-dp2] 123/384 games (2683/h, eta 6m)
  [s3-no_q-ET-dp2] 124/384 games (2698/h, eta 6m)
  [s3-no_q-ET-dp2] 125/384 games (2700/h, eta 6m)
  [s3-no_q-ET-dp2] 126/384 games (2710/h, eta 6m)
  [s3-no_q-ET-dp2] 127/384 games (2703/h, eta 6m)
  [s3-no_q-ET-dp2] 128/384 games (2681/h, eta 6m)
  [s3-no_q-ET-dp2] 129/384 games (2680/h, eta 6m)
  [s3-no_q-ET-dp2] 130/384 games (2678/h, eta 6m)
  [s3-no_q-ET-dp2] 131/384 games (2697/h, eta 6m)
  [s3-no_q-ET-dp2] 132/384 games (2704/h, eta 6m)
  [s3-no_q-ET-dp2] 133/384 games (2719/h, eta 6m)
  [s3-no_q-ET-dp2] 134/384 games (2731/h, eta 5m)
  [s3-no_q-ET-dp2] 135/384 games (2724/h, eta 5m)
  [s3-no_q-ET-dp2] 136/384 games (2735/h, eta 5m)
  [s3-no_q-ET-dp2] 137/384 games (2747/h, eta 5m)
  [s3-no_q-ET-dp2] 138/384 games (2753/h, eta 5m)
  [s3-no_q-ET-dp2] 139/384 games (2750/h, eta 5m)
  [s3-no_q-ET-dp2] 140/384 games (2760/h, eta 5m)
  [s3-no_q-ET-dp2] 141/384 games (2734/h, eta 5m)
  [s3-no_q-ET-dp2] 142/384 games (2749/h, eta 5m)
  [s3-no_q-ET-dp2] 143/384 games (2760/h, eta 5m)
  [s3-no_q-ET-dp2] 144/384 games (2758/h, eta 5m)
  [s3-no_q-ET-dp2] 145/384 games (2772/h, eta 5m)
  [s3-no_q-ET-dp2] 146/384 games (2788/h, eta 5m)
  [s3-no_q-ET-dp2] 147/384 games (2764/h, eta 5m)
  [s3-no_q-ET-dp2] 148/384 games (2776/h, eta 5m)
  [s3-no_q-ET-dp2] 149/384 games (2774/h, eta 5m)
  [s3-no_q-ET-dp2] 150/384 games (2761/h, eta 5m)
  [s3-no_q-ET-dp2] 151/384 games (2753/h, eta 5m)
  [s3-no_q-ET-dp2] 152/384 games (2753/h, eta 5m)
  [s3-no_q-ET-dp2] 153/384 games (2706/h, eta 5m)
  [s3-no_q-ET-dp2] 154/384 games (2706/h, eta 5m)
  [s3-no_q-ET-dp2] 155/384 games (2721/h, eta 5m)
  [s3-no_q-ET-dp2] 156/384 games (2727/h, eta 5m)
  [s3-no_q-ET-dp2] 157/384 games (2741/h, eta 5m)
  [s3-no_q-ET-dp2] 158/384 games (2751/h, eta 5m)
  [s3-no_q-ET-dp2] 159/384 games (2763/h, eta 5m)
  [s3-no_q-ET-dp2] 160/384 games (2779/h, eta 5m)
  [s3-no_q-ET-dp2] 161/384 games (2781/h, eta 5m)
  [s3-no_q-ET-dp2] 162/384 games (2740/h, eta 5m)
  [s3-no_q-ET-dp2] 163/384 games (2736/h, eta 5m)
  [s3-no_q-ET-dp2] 164/384 games (2728/h, eta 5m)
  [s3-no_q-ET-dp2] 165/384 games (2735/h, eta 5m)
  [s3-no_q-ET-dp2] 166/384 games (2733/h, eta 5m)
  [s3-no_q-ET-dp2] 167/384 games (2743/h, eta 5m)
  [s3-no_q-ET-dp2] 168/384 games (2747/h, eta 5m)
  [s3-no_q-ET-dp2] 169/384 games (2745/h, eta 5m)
  [s3-no_q-ET-dp2] 170/384 games (2754/h, eta 5m)
  [s3-no_q-ET-dp2] 171/384 games (2768/h, eta 5m)
  [s3-no_q-ET-dp2] 172/384 games (2765/h, eta 5m)
  [s3-no_q-ET-dp2] 173/384 games (2775/h, eta 5m)
  [s3-no_q-ET-dp2] 174/384 games (2752/h, eta 5m)
  [s3-no_q-ET-dp2] 175/384 games (2760/h, eta 5m)
  [s3-no_q-ET-dp2] 176/384 games (2774/h, eta 4m)
  [s3-no_q-ET-dp2] 177/384 games (2780/h, eta 4m)
  [s3-no_q-ET-dp2] 178/384 games (2791/h, eta 4m)
  [s3-no_q-ET-dp2] 179/384 games (2798/h, eta 4m)
  [s3-no_q-ET-dp2] 180/384 games (2802/h, eta 4m)
  [s3-no_q-ET-dp2] 181/384 games (2768/h, eta 4m)
  [s3-no_q-ET-dp2] 182/384 games (2771/h, eta 4m)
  [s3-no_q-ET-dp2] 183/384 games (2770/h, eta 4m)
  [s3-no_q-ET-dp2] 184/384 games (2781/h, eta 4m)
  [s3-no_q-ET-dp2] 185/384 games (2793/h, eta 4m)
  [s3-no_q-ET-dp2] 186/384 games (2793/h, eta 4m)
  [s3-no_q-ET-dp2] 187/384 games (2804/h, eta 4m)
  [s3-no_q-ET-dp2] 188/384 games (2755/h, eta 4m)
  [s3-no_q-ET-dp2] 189/384 games (2757/h, eta 4m)
  [s3-no_q-ET-dp2] 190/384 games (2761/h, eta 4m)
  [s3-no_q-ET-dp2] 191/384 games (2772/h, eta 4m)
  [s3-no_q-ET-dp2] 192/384 games (2766/h, eta 4m)
  [s3-no_q-ET-dp2] 193/384 games (2778/h, eta 4m)
  [s3-no_q-ET-dp2] 194/384 games (2790/h, eta 4m)
  [s3-no_q-ET-dp2] 195/384 games (2770/h, eta 4m)
  [s3-no_q-ET-dp2] 196/384 games (2744/h, eta 4m)
  [s3-no_q-ET-dp2] 197/384 games (2757/h, eta 4m)
  [s3-no_q-ET-dp2] 198/384 games (2770/h, eta 4m)
  [s3-no_q-ET-dp2] 199/384 games (2779/h, eta 4m)
  [s3-no_q-ET-dp2] 200/384 games (2791/h, eta 4m)
  [s3-no_q-ET-dp2] 201/384 games (2797/h, eta 4m)
  [s3-no_q-ET-dp2] 202/384 games (2799/h, eta 4m)
  [s3-no_q-ET-dp2] 203/384 games (2811/h, eta 4m)
  [s3-no_q-ET-dp2] 204/384 games (2795/h, eta 4m)
  [s3-no_q-ET-dp2] 205/384 games (2796/h, eta 4m)
  [s3-no_q-ET-dp2] 206/384 games (2799/h, eta 4m)
  [s3-no_q-ET-dp2] 207/384 games (2795/h, eta 4m)
  [s3-no_q-ET-dp2] 208/384 games (2797/h, eta 4m)
  [s3-no_q-ET-dp2] 209/384 games (2788/h, eta 4m)
  [s3-no_q-ET-dp2] 210/384 games (2781/h, eta 4m)
  [s3-no_q-ET-dp2] 211/384 games (2782/h, eta 4m)
  [s3-no_q-ET-dp2] 212/384 games (2778/h, eta 4m)
  [s3-no_q-ET-dp2] 213/384 games (2786/h, eta 4m)
  [s3-no_q-ET-dp2] 214/384 games (2790/h, eta 4m)
  [s3-no_q-ET-dp2] 215/384 games (2801/h, eta 4m)
  [s3-no_q-ET-dp2] 216/384 games (2790/h, eta 4m)
  [s3-no_q-ET-dp2] 217/384 games (2789/h, eta 4m)
  [s3-no_q-ET-dp2] 218/384 games (2786/h, eta 4m)
  [s3-no_q-ET-dp2] 219/384 games (2768/h, eta 4m)
  [s3-no_q-ET-dp2] 220/384 games (2776/h, eta 4m)
  [s3-no_q-ET-dp2] 221/384 games (2778/h, eta 4m)
  [s3-no_q-ET-dp2] 222/384 games (2774/h, eta 4m)
  [s3-no_q-ET-dp2] 223/384 games (2786/h, eta 3m)
  [s3-no_q-ET-dp2] 224/384 games (2791/h, eta 3m)
  [s3-no_q-ET-dp2] 225/384 games (2804/h, eta 3m)
  [s3-no_q-ET-dp2] 226/384 games (2814/h, eta 3m)
  [s3-no_q-ET-dp2] 227/384 games (2811/h, eta 3m)
  [s3-no_q-ET-dp2] 228/384 games (2823/h, eta 3m)
  [s3-no_q-ET-dp2] 229/384 games (2829/h, eta 3m)
  [s3-no_q-ET-dp2] 230/384 games (2804/h, eta 3m)
  [s3-no_q-ET-dp2] 231/384 games (2801/h, eta 3m)
  [s3-no_q-ET-dp2] 232/384 games (2808/h, eta 3m)
  [s3-no_q-ET-dp2] 233/384 games (2807/h, eta 3m)
  [s3-no_q-ET-dp2] 234/384 games (2817/h, eta 3m)
  [s3-no_q-ET-dp2] 235/384 games (2815/h, eta 3m)
  [s3-no_q-ET-dp2] 236/384 games (2817/h, eta 3m)
  [s3-no_q-ET-dp2] 237/384 games (2823/h, eta 3m)
  [s3-no_q-ET-dp2] 238/384 games (2830/h, eta 3m)
  [s3-no_q-ET-dp2] 239/384 games (2834/h, eta 3m)
  [s3-no_q-ET-dp2] 240/384 games (2833/h, eta 3m)
  [s3-no_q-ET-dp2] 241/384 games (2843/h, eta 3m)
  [s3-no_q-ET-dp2] 242/384 games (2842/h, eta 3m)
  [s3-no_q-ET-dp2] 243/384 games (2846/h, eta 3m)
  [s3-no_q-ET-dp2] 244/384 games (2850/h, eta 3m)
  [s3-no_q-ET-dp2] 245/384 games (2839/h, eta 3m)
  [s3-no_q-ET-dp2] 246/384 games (2827/h, eta 3m)
  [s3-no_q-ET-dp2] 247/384 games (2836/h, eta 3m)
  [s3-no_q-ET-dp2] 248/384 games (2839/h, eta 3m)
  [s3-no_q-ET-dp2] 249/384 games (2843/h, eta 3m)
  [s3-no_q-ET-dp2] 250/384 games (2837/h, eta 3m)
  [s3-no_q-ET-dp2] 251/384 games (2841/h, eta 3m)
  [s3-no_q-ET-dp2] 252/384 games (2811/h, eta 3m)
  [s3-no_q-ET-dp2] 253/384 games (2821/h, eta 3m)
  [s3-no_q-ET-dp2] 254/384 games (2824/h, eta 3m)
  [s3-no_q-ET-dp2] 255/384 games (2810/h, eta 3m)
  [s3-no_q-ET-dp2] 256/384 games (2805/h, eta 3m)
  [s3-no_q-ET-dp2] 257/384 games (2810/h, eta 3m)
  [s3-no_q-ET-dp2] 258/384 games (2820/h, eta 3m)
  [s3-no_q-ET-dp2] 259/384 games (2823/h, eta 3m)
  [s3-no_q-ET-dp2] 260/384 games (2830/h, eta 3m)
  [s3-no_q-ET-dp2] 261/384 games (2820/h, eta 3m)
  [s3-no_q-ET-dp2] 262/384 games (2806/h, eta 3m)
  [s3-no_q-ET-dp2] 263/384 games (2790/h, eta 3m)
  [s3-no_q-ET-dp2] 264/384 games (2789/h, eta 3m)
  [s3-no_q-ET-dp2] 265/384 games (2787/h, eta 3m)
  [s3-no_q-ET-dp2] 266/384 games (2791/h, eta 3m)
  [s3-no_q-ET-dp2] 267/384 games (2798/h, eta 3m)
  [s3-no_q-ET-dp2] 268/384 games (2807/h, eta 2m)
  [s3-no_q-ET-dp2] 269/384 games (2815/h, eta 2m)
  [s3-no_q-ET-dp2] 270/384 games (2823/h, eta 2m)
  [s3-no_q-ET-dp2] 271/384 games (2829/h, eta 2m)
  [s3-no_q-ET-dp2] 272/384 games (2826/h, eta 2m)
  [s3-no_q-ET-dp2] 273/384 games (2833/h, eta 2m)
  [s3-no_q-ET-dp2] 274/384 games (2830/h, eta 2m)
  [s3-no_q-ET-dp2] 275/384 games (2782/h, eta 2m)
  [s3-no_q-ET-dp2] 276/384 games (2788/h, eta 2m)
  [s3-no_q-ET-dp2] 277/384 games (2795/h, eta 2m)
  [s3-no_q-ET-dp2] 278/384 games (2798/h, eta 2m)
  [s3-no_q-ET-dp2] 279/384 games (2803/h, eta 2m)
  [s3-no_q-ET-dp2] 280/384 games (2808/h, eta 2m)
  [s3-no_q-ET-dp2] 281/384 games (2817/h, eta 2m)
  [s3-no_q-ET-dp2] 282/384 games (2827/h, eta 2m)
  [s3-no_q-ET-dp2] 283/384 games (2828/h, eta 2m)
  [s3-no_q-ET-dp2] 284/384 games (2836/h, eta 2m)
  [s3-no_q-ET-dp2] 285/384 games (2828/h, eta 2m)
  [s3-no_q-ET-dp2] 286/384 games (2832/h, eta 2m)
  [s3-no_q-ET-dp2] 287/384 games (2834/h, eta 2m)
  [s3-no_q-ET-dp2] 288/384 games (2843/h, eta 2m)
  [s3-no_q-ET-dp2] 289/384 games (2823/h, eta 2m)
  [s3-no_q-ET-dp2] 290/384 games (2833/h, eta 2m)
  [s3-no_q-ET-dp2] 291/384 games (2826/h, eta 2m)
  [s3-no_q-ET-dp2] 292/384 games (2815/h, eta 2m)
  [s3-no_q-ET-dp2] 293/384 games (2810/h, eta 2m)
  [s3-no_q-ET-dp2] 294/384 games (2820/h, eta 2m)
  [s3-no_q-ET-dp2] 295/384 games (2823/h, eta 2m)
  [s3-no_q-ET-dp2] 296/384 games (2828/h, eta 2m)
  [s3-no_q-ET-dp2] 297/384 games (2795/h, eta 2m)
  [s3-no_q-ET-dp2] 298/384 games (2801/h, eta 2m)
  [s3-no_q-ET-dp2] 299/384 games (2805/h, eta 2m)
  [s3-no_q-ET-dp2] 300/384 games (2802/h, eta 2m)
  [s3-no_q-ET-dp2] 301/384 games (2811/h, eta 2m)
  [s3-no_q-ET-dp2] 302/384 games (2817/h, eta 2m)
  [s3-no_q-ET-dp2] 303/384 games (2805/h, eta 2m)
  [s3-no_q-ET-dp2] 304/384 games (2801/h, eta 2m)
  [s3-no_q-ET-dp2] 305/384 games (2802/h, eta 2m)
  [s3-no_q-ET-dp2] 306/384 games (2807/h, eta 2m)
  [s3-no_q-ET-dp2] 307/384 games (2812/h, eta 2m)
  [s3-no_q-ET-dp2] 308/384 games (2816/h, eta 2m)
  [s3-no_q-ET-dp2] 309/384 games (2823/h, eta 2m)
  [s3-no_q-ET-dp2] 310/384 games (2822/h, eta 2m)
  [s3-no_q-ET-dp2] 311/384 games (2823/h, eta 2m)
  [s3-no_q-ET-dp2] 312/384 games (2826/h, eta 2m)
  [s3-no_q-ET-dp2] 313/384 games (2823/h, eta 2m)
  [s3-no_q-ET-dp2] 314/384 games (2827/h, eta 1m)
  [s3-no_q-ET-dp2] 315/384 games (2832/h, eta 1m)
  [s3-no_q-ET-dp2] 316/384 games (2839/h, eta 1m)
  [s3-no_q-ET-dp2] 317/384 games (2841/h, eta 1m)
  [s3-no_q-ET-dp2] 318/384 games (2842/h, eta 1m)
  [s3-no_q-ET-dp2] 319/384 games (2816/h, eta 1m)
  [s3-no_q-ET-dp2] 320/384 games (2817/h, eta 1m)
  [s3-no_q-ET-dp2] 321/384 games (2820/h, eta 1m)
  [s3-no_q-ET-dp2] 322/384 games (2825/h, eta 1m)
  [s3-no_q-ET-dp2] 323/384 games (2822/h, eta 1m)
  [s3-no_q-ET-dp2] 324/384 games (2830/h, eta 1m)
  [s3-no_q-ET-dp2] 325/384 games (2838/h, eta 1m)
  [s3-no_q-ET-dp2] 326/384 games (2846/h, eta 1m)
  [s3-no_q-ET-dp2] 327/384 games (2829/h, eta 1m)
  [s3-no_q-ET-dp2] 328/384 games (2834/h, eta 1m)
  [s3-no_q-ET-dp2] 329/384 games (2814/h, eta 1m)
  [s3-no_q-ET-dp2] 330/384 games (2817/h, eta 1m)
  [s3-no_q-ET-dp2] 331/384 games (2824/h, eta 1m)
  [s3-no_q-ET-dp2] 332/384 games (2828/h, eta 1m)
  [s3-no_q-ET-dp2] 333/384 games (2831/h, eta 1m)
  [s3-no_q-ET-dp2] 334/384 games (2839/h, eta 1m)
  [s3-no_q-ET-dp2] 335/384 games (2845/h, eta 1m)
  [s3-no_q-ET-dp2] 336/384 games (2843/h, eta 1m)
  [s3-no_q-ET-dp2] 337/384 games (2851/h, eta 1m)
  [s3-no_q-ET-dp2] 338/384 games (2855/h, eta 1m)
  [s3-no_q-ET-dp2] 339/384 games (2857/h, eta 1m)
  [s3-no_q-ET-dp2] 340/384 games (2865/h, eta 1m)
  [s3-no_q-ET-dp2] 341/384 games (2846/h, eta 1m)
  [s3-no_q-ET-dp2] 342/384 games (2851/h, eta 1m)
  [s3-no_q-ET-dp2] 343/384 games (2843/h, eta 1m)
  [s3-no_q-ET-dp2] 344/384 games (2825/h, eta 1m)
  [s3-no_q-ET-dp2] 345/384 games (2817/h, eta 1m)
  [s3-no_q-ET-dp2] 346/384 games (2816/h, eta 1m)
  [s3-no_q-ET-dp2] 347/384 games (2822/h, eta 1m)
  [s3-no_q-ET-dp2] 348/384 games (2815/h, eta 1m)
  [s3-no_q-ET-dp2] 349/384 games (2822/h, eta 1m)
  [s3-no_q-ET-dp2] 350/384 games (2829/h, eta 1m)
  [s3-no_q-ET-dp2] 351/384 games (2826/h, eta 1m)
  [s3-no_q-ET-dp2] 352/384 games (2833/h, eta 1m)
  [s3-no_q-ET-dp2] 353/384 games (2841/h, eta 1m)
  [s3-no_q-ET-dp2] 354/384 games (2838/h, eta 1m)
  [s3-no_q-ET-dp2] 355/384 games (2845/h, eta 1m)
  [s3-no_q-ET-dp2] 356/384 games (2848/h, eta 1m)
  [s3-no_q-ET-dp2] 357/384 games (2844/h, eta 1m)
  [s3-no_q-ET-dp2] 358/384 games (2838/h, eta 1m)
  [s3-no_q-ET-dp2] 359/384 games (2846/h, eta 1m)
  [s3-no_q-ET-dp2] 360/384 games (2842/h, eta 1m)
  [s3-no_q-ET-dp2] 361/384 games (2847/h, eta 0m)
  [s3-no_q-ET-dp2] 362/384 games (2850/h, eta 0m)
  [s3-no_q-ET-dp2] 363/384 games (2850/h, eta 0m)
  [s3-no_q-ET-dp2] 364/384 games (2855/h, eta 0m)
  [s3-no_q-ET-dp2] 365/384 games (2857/h, eta 0m)
  [s3-no_q-ET-dp2] 366/384 games (2852/h, eta 0m)
  [s3-no_q-ET-dp2] 367/384 games (2857/h, eta 0m)
  [s3-no_q-ET-dp2] 368/384 games (2863/h, eta 0m)
  [s3-no_q-ET-dp2] 369/384 games (2860/h, eta 0m)
  [s3-no_q-ET-dp2] 370/384 games (2865/h, eta 0m)
  [s3-no_q-ET-dp2] 371/384 games (2863/h, eta 0m)
  [s3-no_q-ET-dp2] 372/384 games (2870/h, eta 0m)
  [s3-no_q-ET-dp2] 373/384 games (2874/h, eta 0m)
  [s3-no_q-ET-dp2] 374/384 games (2879/h, eta 0m)
  [s3-no_q-ET-dp2] 375/384 games (2875/h, eta 0m)
  [s3-no_q-ET-dp2] 376/384 games (2875/h, eta 0m)
  [s3-no_q-ET-dp2] 377/384 games (2881/h, eta 0m)
  [s3-no_q-ET-dp2] 378/384 games (2887/h, eta 0m)
  [s3-no_q-ET-dp2] 379/384 games (2892/h, eta 0m)
  [s3-no_q-ET-dp2] 380/384 games (2889/h, eta 0m)
  [s3-no_q-ET-dp2] 381/384 games (2892/h, eta 0m)
  [s3-no_q-ET-dp2] 382/384 games (2887/h, eta 0m)
  [s3-no_q-ET-dp2] 383/384 games (2894/h, eta 0m)
  [s3-no_q-ET-dp2] 384/384 games (2877/h, eta 0m)
== s3-no_q-ET-nc2-dp2 -> experiments/results/perturbation/s3-no_q-ET-nc2-dp2.jsonl
  [s3-no_q-ET-nc2-dp2] 1/384 games (1353/h, eta 17m)
  [s3-no_q-ET-nc2-dp2] 2/384 games (1099/h, eta 21m)
  [s3-no_q-ET-nc2-dp2] 3/384 games (1496/h, eta 15m)
  [s3-no_q-ET-nc2-dp2] 4/384 games (1829/h, eta 12m)
  [s3-no_q-ET-nc2-dp2] 5/384 games (1521/h, eta 15m)
  [s3-no_q-ET-nc2-dp2] 6/384 games (1745/h, eta 13m)
  [s3-no_q-ET-nc2-dp2] 7/384 games (1454/h, eta 16m)
  [s3-no_q-ET-nc2-dp2] 8/384 games (1652/h, eta 14m)
  [s3-no_q-ET-nc2-dp2] 9/384 games (1795/h, eta 13m)
  [s3-no_q-ET-nc2-dp2] 10/384 games (1458/h, eta 15m)
  [s3-no_q-ET-nc2-dp2] 11/384 games (1582/h, eta 14m)
  [s3-no_q-ET-nc2-dp2] 12/384 games (1652/h, eta 14m)
  [s3-no_q-ET-nc2-dp2] 13/384 games (1681/h, eta 13m)
  [s3-no_q-ET-nc2-dp2] 14/384 games (1707/h, eta 13m)
  [s3-no_q-ET-nc2-dp2] 15/384 games (1767/h, eta 13m)
  [s3-no_q-ET-nc2-dp2] 16/384 games (1858/h, eta 12m)
  [s3-no_q-ET-nc2-dp2] 17/384 games (1945/h, eta 11m)
  [s3-no_q-ET-nc2-dp2] 18/384 games (2059/h, eta 11m)
  [s3-no_q-ET-nc2-dp2] 19/384 games (2061/h, eta 11m)
  [s3-no_q-ET-nc2-dp2] 20/384 games (2142/h, eta 10m)
  [s3-no_q-ET-nc2-dp2] 21/384 games (2176/h, eta 10m)
  [s3-no_q-ET-nc2-dp2] 22/384 games (2260/h, eta 10m)
  [s3-no_q-ET-nc2-dp2] 23/384 games (2182/h, eta 10m)
  [s3-no_q-ET-nc2-dp2] 24/384 games (2245/h, eta 10m)
  [s3-no_q-ET-nc2-dp2] 25/384 games (2298/h, eta 9m)
  [s3-no_q-ET-nc2-dp2] 26/384 games (2093/h, eta 10m)
  [s3-no_q-ET-nc2-dp2] 27/384 games (2173/h, eta 10m)
  [s3-no_q-ET-nc2-dp2] 28/384 games (2229/h, eta 10m)
  [s3-no_q-ET-nc2-dp2] 29/384 games (2306/h, eta 9m)
  [s3-no_q-ET-nc2-dp2] 30/384 games (2383/h, eta 9m)
  [s3-no_q-ET-nc2-dp2] 31/384 games (2397/h, eta 9m)
  [s3-no_q-ET-nc2-dp2] 32/384 games (2369/h, eta 9m)
  [s3-no_q-ET-nc2-dp2] 33/384 games (2170/h, eta 10m)
  [s3-no_q-ET-nc2-dp2] 34/384 games (2226/h, eta 9m)
  [s3-no_q-ET-nc2-dp2] 35/384 games (2258/h, eta 9m)
  [s3-no_q-ET-nc2-dp2] 36/384 games (2248/h, eta 9m)
  [s3-no_q-ET-nc2-dp2] 37/384 games (2306/h, eta 9m)
  [s3-no_q-ET-nc2-dp2] 38/384 games (2356/h, eta 9m)
  [s3-no_q-ET-nc2-dp2] 39/384 games (2360/h, eta 9m)
  [s3-no_q-ET-nc2-dp2] 40/384 games (2396/h, eta 9m)
  [s3-no_q-ET-nc2-dp2] 41/384 games (2449/h, eta 8m)
  [s3-no_q-ET-nc2-dp2] 42/384 games (2295/h, eta 9m)
  [s3-no_q-ET-nc2-dp2] 43/384 games (2248/h, eta 9m)
  [s3-no_q-ET-nc2-dp2] 44/384 games (2292/h, eta 9m)
  [s3-no_q-ET-nc2-dp2] 45/384 games (2277/h, eta 9m)
  [s3-no_q-ET-nc2-dp2] 46/384 games (2322/h, eta 9m)
  [s3-no_q-ET-nc2-dp2] 47/384 games (2347/h, eta 9m)
  [s3-no_q-ET-nc2-dp2] 48/384 games (2363/h, eta 9m)
  [s3-no_q-ET-nc2-dp2] 49/384 games (2277/h, eta 9m)
  [s3-no_q-ET-nc2-dp2] 50/384 games (2319/h, eta 9m)
  [s3-no_q-ET-nc2-dp2] 51/384 games (2317/h, eta 9m)
  [s3-no_q-ET-nc2-dp2] 52/384 games (2271/h, eta 9m)
  [s3-no_q-ET-nc2-dp2] 53/384 games (2300/h, eta 9m)
  [s3-no_q-ET-nc2-dp2] 54/384 games (2339/h, eta 8m)
  [s3-no_q-ET-nc2-dp2] 55/384 games (2323/h, eta 8m)
  [s3-no_q-ET-nc2-dp2] 56/384 games (2364/h, eta 8m)
  [s3-no_q-ET-nc2-dp2] 57/384 games (2364/h, eta 8m)
  [s3-no_q-ET-nc2-dp2] 58/384 games (2392/h, eta 8m)
  [s3-no_q-ET-nc2-dp2] 59/384 games (2378/h, eta 8m)
  [s3-no_q-ET-nc2-dp2] 60/384 games (2385/h, eta 8m)
  [s3-no_q-ET-nc2-dp2] 61/384 games (2395/h, eta 8m)
  [s3-no_q-ET-nc2-dp2] 62/384 games (2400/h, eta 8m)
  [s3-no_q-ET-nc2-dp2] 63/384 games (2390/h, eta 8m)
  [s3-no_q-ET-nc2-dp2] 64/384 games (2417/h, eta 8m)
  [s3-no_q-ET-nc2-dp2] 65/384 games (2445/h, eta 8m)
  [s3-no_q-ET-nc2-dp2] 66/384 games (2463/h, eta 8m)
  [s3-no_q-ET-nc2-dp2] 67/384 games (2483/h, eta 8m)
  [s3-no_q-ET-nc2-dp2] 68/384 games (2414/h, eta 8m)
  [s3-no_q-ET-nc2-dp2] 69/384 games (2430/h, eta 8m)
  [s3-no_q-ET-nc2-dp2] 70/384 games (2410/h, eta 8m)
  [s3-no_q-ET-nc2-dp2] 71/384 games (2435/h, eta 8m)
  [s3-no_q-ET-nc2-dp2] 72/384 games (2465/h, eta 8m)
  [s3-no_q-ET-nc2-dp2] 73/384 games (2435/h, eta 8m)
  [s3-no_q-ET-nc2-dp2] 74/384 games (2423/h, eta 8m)
  [s3-no_q-ET-nc2-dp2] 75/384 games (2453/h, eta 8m)
  [s3-no_q-ET-nc2-dp2] 76/384 games (2483/h, eta 7m)
  [s3-no_q-ET-nc2-dp2] 77/384 games (2510/h, eta 7m)
  [s3-no_q-ET-nc2-dp2] 78/384 games (2529/h, eta 7m)
  [s3-no_q-ET-nc2-dp2] 79/384 games (2526/h, eta 7m)
  [s3-no_q-ET-nc2-dp2] 80/384 games (2541/h, eta 7m)
  [s3-no_q-ET-nc2-dp2] 81/384 games (2414/h, eta 8m)
  [s3-no_q-ET-nc2-dp2] 82/384 games (2432/h, eta 7m)
  [s3-no_q-ET-nc2-dp2] 83/384 games (2453/h, eta 7m)
  [s3-no_q-ET-nc2-dp2] 84/384 games (2465/h, eta 7m)
  [s3-no_q-ET-nc2-dp2] 85/384 games (2487/h, eta 7m)
  [s3-no_q-ET-nc2-dp2] 86/384 games (2498/h, eta 7m)
  [s3-no_q-ET-nc2-dp2] 87/384 games (2516/h, eta 7m)
  [s3-no_q-ET-nc2-dp2] 88/384 games (2504/h, eta 7m)
  [s3-no_q-ET-nc2-dp2] 89/384 games (2497/h, eta 7m)
  [s3-no_q-ET-nc2-dp2] 90/384 games (2520/h, eta 7m)
  [s3-no_q-ET-nc2-dp2] 91/384 games (2478/h, eta 7m)
  [s3-no_q-ET-nc2-dp2] 92/384 games (2483/h, eta 7m)
  [s3-no_q-ET-nc2-dp2] 93/384 games (2500/h, eta 7m)
  [s3-no_q-ET-nc2-dp2] 94/384 games (2443/h, eta 7m)
  [s3-no_q-ET-nc2-dp2] 95/384 games (2467/h, eta 7m)
  [s3-no_q-ET-nc2-dp2] 96/384 games (2491/h, eta 7m)
  [s3-no_q-ET-nc2-dp2] 97/384 games (2489/h, eta 7m)
  [s3-no_q-ET-nc2-dp2] 98/384 games (2511/h, eta 7m)
  [s3-no_q-ET-nc2-dp2] 99/384 games (2503/h, eta 7m)
  [s3-no_q-ET-nc2-dp2] 100/384 games (2512/h, eta 7m)
  [s3-no_q-ET-nc2-dp2] 101/384 games (2535/h, eta 7m)
  [s3-no_q-ET-nc2-dp2] 102/384 games (2531/h, eta 7m)
  [s3-no_q-ET-nc2-dp2] 103/384 games (2542/h, eta 7m)
  [s3-no_q-ET-nc2-dp2] 104/384 games (2557/h, eta 7m)
  [s3-no_q-ET-nc2-dp2] 105/384 games (2580/h, eta 6m)
  [s3-no_q-ET-nc2-dp2] 106/384 games (2570/h, eta 6m)
  [s3-no_q-ET-nc2-dp2] 107/384 games (2539/h, eta 7m)
  [s3-no_q-ET-nc2-dp2] 108/384 games (2544/h, eta 7m)
  [s3-no_q-ET-nc2-dp2] 109/384 games (2521/h, eta 7m)
  [s3-no_q-ET-nc2-dp2] 110/384 games (2536/h, eta 6m)
  [s3-no_q-ET-nc2-dp2] 111/384 games (2556/h, eta 6m)
  [s3-no_q-ET-nc2-dp2] 112/384 games (2576/h, eta 6m)
  [s3-no_q-ET-nc2-dp2] 113/384 games (2562/h, eta 6m)
  [s3-no_q-ET-nc2-dp2] 114/384 games (2565/h, eta 6m)
  [s3-no_q-ET-nc2-dp2] 115/384 games (2566/h, eta 6m)
  [s3-no_q-ET-nc2-dp2] 116/384 games (2564/h, eta 6m)
  [s3-no_q-ET-nc2-dp2] 117/384 games (2576/h, eta 6m)
  [s3-no_q-ET-nc2-dp2] 118/384 games (2492/h, eta 6m)
  [s3-no_q-ET-nc2-dp2] 119/384 games (2497/h, eta 6m)
  [s3-no_q-ET-nc2-dp2] 120/384 games (2492/h, eta 6m)
  [s3-no_q-ET-nc2-dp2] 121/384 games (2494/h, eta 6m)
  [s3-no_q-ET-nc2-dp2] 122/384 games (2514/h, eta 6m)
  [s3-no_q-ET-nc2-dp2] 123/384 games (2527/h, eta 6m)
  [s3-no_q-ET-nc2-dp2] 124/384 games (2547/h, eta 6m)
  [s3-no_q-ET-nc2-dp2] 125/384 games (2532/h, eta 6m)
  [s3-no_q-ET-nc2-dp2] 126/384 games (2549/h, eta 6m)
  [s3-no_q-ET-nc2-dp2] 127/384 games (2515/h, eta 6m)
  [s3-no_q-ET-nc2-dp2] 128/384 games (2519/h, eta 6m)
  [s3-no_q-ET-nc2-dp2] 129/384 games (2525/h, eta 6m)
  [s3-no_q-ET-nc2-dp2] 130/384 games (2541/h, eta 6m)
  [s3-no_q-ET-nc2-dp2] 131/384 games (2553/h, eta 6m)
  [s3-no_q-ET-nc2-dp2] 132/384 games (2540/h, eta 6m)
  [s3-no_q-ET-nc2-dp2] 133/384 games (2556/h, eta 6m)
  [s3-no_q-ET-nc2-dp2] 134/384 games (2546/h, eta 6m)
  [s3-no_q-ET-nc2-dp2] 135/384 games (2539/h, eta 6m)
  [s3-no_q-ET-nc2-dp2] 136/384 games (2474/h, eta 6m)
  [s3-no_q-ET-nc2-dp2] 137/384 games (2461/h, eta 6m)
  [s3-no_q-ET-nc2-dp2] 138/384 games (2478/h, eta 6m)
  [s3-no_q-ET-nc2-dp2] 139/384 games (2483/h, eta 6m)
  [s3-no_q-ET-nc2-dp2] 140/384 games (2493/h, eta 6m)
  [s3-no_q-ET-nc2-dp2] 141/384 games (2485/h, eta 6m)
  [s3-no_q-ET-nc2-dp2] 142/384 games (2461/h, eta 6m)
  [s3-no_q-ET-nc2-dp2] 143/384 games (2478/h, eta 6m)
  [s3-no_q-ET-nc2-dp2] 144/384 games (2449/h, eta 6m)
  [s3-no_q-ET-nc2-dp2] 145/384 games (2465/h, eta 6m)
  [s3-no_q-ET-nc2-dp2] 146/384 games (2474/h, eta 6m)
  [s3-no_q-ET-nc2-dp2] 147/384 games (2488/h, eta 6m)
  [s3-no_q-ET-nc2-dp2] 148/384 games (2465/h, eta 6m)
  [s3-no_q-ET-nc2-dp2] 149/384 games (2445/h, eta 6m)
  [s3-no_q-ET-nc2-dp2] 150/384 games (2427/h, eta 6m)
  [s3-no_q-ET-nc2-dp2] 151/384 games (2399/h, eta 6m)
  [s3-no_q-ET-nc2-dp2] 152/384 games (2409/h, eta 6m)
  [s3-no_q-ET-nc2-dp2] 153/384 games (2404/h, eta 6m)
  [s3-no_q-ET-nc2-dp2] 154/384 games (2396/h, eta 6m)
  [s3-no_q-ET-nc2-dp2] 155/384 games (2351/h, eta 6m)
  [s3-no_q-ET-nc2-dp2] 156/384 games (2365/h, eta 6m)
  [s3-no_q-ET-nc2-dp2] 157/384 games (2378/h, eta 6m)
  [s3-no_q-ET-nc2-dp2] 158/384 games (2385/h, eta 6m)
  [s3-no_q-ET-nc2-dp2] 159/384 games (2391/h, eta 6m)
  [s3-no_q-ET-nc2-dp2] 160/384 games (2378/h, eta 6m)
  [s3-no_q-ET-nc2-dp2] 161/384 games (2380/h, eta 6m)
  [s3-no_q-ET-nc2-dp2] 162/384 games (2383/h, eta 6m)
  [s3-no_q-ET-nc2-dp2] 163/384 games (2387/h, eta 6m)
  [s3-no_q-ET-nc2-dp2] 164/384 games (2386/h, eta 6m)
  [s3-no_q-ET-nc2-dp2] 165/384 games (2388/h, eta 6m)
  [s3-no_q-ET-nc2-dp2] 166/384 games (2401/h, eta 5m)
  [s3-no_q-ET-nc2-dp2] 167/384 games (2405/h, eta 5m)
  [s3-no_q-ET-nc2-dp2] 168/384 games (2399/h, eta 5m)
  [s3-no_q-ET-nc2-dp2] 169/384 games (2391/h, eta 5m)
  [s3-no_q-ET-nc2-dp2] 170/384 games (2398/h, eta 5m)
  [s3-no_q-ET-nc2-dp2] 171/384 games (2409/h, eta 5m)
  [s3-no_q-ET-nc2-dp2] 172/384 games (2402/h, eta 5m)
  [s3-no_q-ET-nc2-dp2] 173/384 games (2409/h, eta 5m)
  [s3-no_q-ET-nc2-dp2] 174/384 games (2409/h, eta 5m)
  [s3-no_q-ET-nc2-dp2] 175/384 games (2400/h, eta 5m)
  [s3-no_q-ET-nc2-dp2] 176/384 games (2413/h, eta 5m)
  [s3-no_q-ET-nc2-dp2] 177/384 games (2424/h, eta 5m)
  [s3-no_q-ET-nc2-dp2] 178/384 games (2416/h, eta 5m)
  [s3-no_q-ET-nc2-dp2] 179/384 games (2422/h, eta 5m)
  [s3-no_q-ET-nc2-dp2] 180/384 games (2423/h, eta 5m)
  [s3-no_q-ET-nc2-dp2] 181/384 games (2412/h, eta 5m)
  [s3-no_q-ET-nc2-dp2] 182/384 games (2414/h, eta 5m)
  [s3-no_q-ET-nc2-dp2] 183/384 games (2419/h, eta 5m)
  [s3-no_q-ET-nc2-dp2] 184/384 games (2427/h, eta 5m)
  [s3-no_q-ET-nc2-dp2] 185/384 games (2432/h, eta 5m)
  [s3-no_q-ET-nc2-dp2] 186/384 games (2431/h, eta 5m)
  [s3-no_q-ET-nc2-dp2] 187/384 games (2442/h, eta 5m)
  [s3-no_q-ET-nc2-dp2] 188/384 games (2435/h, eta 5m)
  [s3-no_q-ET-nc2-dp2] 189/384 games (2444/h, eta 5m)
  [s3-no_q-ET-nc2-dp2] 190/384 games (2428/h, eta 5m)
  [s3-no_q-ET-nc2-dp2] 191/384 games (2437/h, eta 5m)
  [s3-no_q-ET-nc2-dp2] 192/384 games (2431/h, eta 5m)
  [s3-no_q-ET-nc2-dp2] 193/384 games (2396/h, eta 5m)
  [s3-no_q-ET-nc2-dp2] 194/384 games (2406/h, eta 5m)
  [s3-no_q-ET-nc2-dp2] 195/384 games (2414/h, eta 5m)
  [s3-no_q-ET-nc2-dp2] 196/384 games (2403/h, eta 5m)
  [s3-no_q-ET-nc2-dp2] 197/384 games (2410/h, eta 5m)
  [s3-no_q-ET-nc2-dp2] 198/384 games (2409/h, eta 5m)
  [s3-no_q-ET-nc2-dp2] 199/384 games (2411/h, eta 5m)
  [s3-no_q-ET-nc2-dp2] 200/384 games (2422/h, eta 5m)
  [s3-no_q-ET-nc2-dp2] 201/384 games (2427/h, eta 5m)
  [s3-no_q-ET-nc2-dp2] 202/384 games (2425/h, eta 5m)
  [s3-no_q-ET-nc2-dp2] 203/384 games (2432/h, eta 4m)
  [s3-no_q-ET-nc2-dp2] 204/384 games (2431/h, eta 4m)
  [s3-no_q-ET-nc2-dp2] 205/384 games (2431/h, eta 4m)
  [s3-no_q-ET-nc2-dp2] 206/384 games (2441/h, eta 4m)
  [s3-no_q-ET-nc2-dp2] 207/384 games (2442/h, eta 4m)
  [s3-no_q-ET-nc2-dp2] 208/384 games (2453/h, eta 4m)
  [s3-no_q-ET-nc2-dp2] 209/384 games (2460/h, eta 4m)
  [s3-no_q-ET-nc2-dp2] 210/384 games (2467/h, eta 4m)
  [s3-no_q-ET-nc2-dp2] 211/384 games (2479/h, eta 4m)
  [s3-no_q-ET-nc2-dp2] 212/384 games (2482/h, eta 4m)
  [s3-no_q-ET-nc2-dp2] 213/384 games (2483/h, eta 4m)
  [s3-no_q-ET-nc2-dp2] 214/384 games (2459/h, eta 4m)
  [s3-no_q-ET-nc2-dp2] 215/384 games (2453/h, eta 4m)
  [s3-no_q-ET-nc2-dp2] 216/384 games (2463/h, eta 4m)
  [s3-no_q-ET-nc2-dp2] 217/384 games (2412/h, eta 4m)
  [s3-no_q-ET-nc2-dp2] 218/384 games (2409/h, eta 4m)
  [s3-no_q-ET-nc2-dp2] 219/384 games (2418/h, eta 4m)
  [s3-no_q-ET-nc2-dp2] 220/384 games (2429/h, eta 4m)
  [s3-no_q-ET-nc2-dp2] 221/384 games (2425/h, eta 4m)
  [s3-no_q-ET-nc2-dp2] 222/384 games (2429/h, eta 4m)
  [s3-no_q-ET-nc2-dp2] 223/384 games (2438/h, eta 4m)
  [s3-no_q-ET-nc2-dp2] 224/384 games (2439/h, eta 4m)
  [s3-no_q-ET-nc2-dp2] 225/384 games (2445/h, eta 4m)
  [s3-no_q-ET-nc2-dp2] 226/384 games (2436/h, eta 4m)
  [s3-no_q-ET-nc2-dp2] 227/384 games (2434/h, eta 4m)
  [s3-no_q-ET-nc2-dp2] 228/384 games (2442/h, eta 4m)
  [s3-no_q-ET-nc2-dp2] 229/384 games (2431/h, eta 4m)
  [s3-no_q-ET-nc2-dp2] 230/384 games (2441/h, eta 4m)
  [s3-no_q-ET-nc2-dp2] 231/384 games (2450/h, eta 4m)
  [s3-no_q-ET-nc2-dp2] 232/384 games (2459/h, eta 4m)
  [s3-no_q-ET-nc2-dp2] 233/384 games (2460/h, eta 4m)
  [s3-no_q-ET-nc2-dp2] 234/384 games (2467/h, eta 4m)
  [s3-no_q-ET-nc2-dp2] 235/384 games (2448/h, eta 4m)
  [s3-no_q-ET-nc2-dp2] 236/384 games (2455/h, eta 4m)
  [s3-no_q-ET-nc2-dp2] 237/384 games (2438/h, eta 4m)
  [s3-no_q-ET-nc2-dp2] 238/384 games (2445/h, eta 4m)
  [s3-no_q-ET-nc2-dp2] 239/384 games (2441/h, eta 4m)
  [s3-no_q-ET-nc2-dp2] 240/384 games (2406/h, eta 4m)
  [s3-no_q-ET-nc2-dp2] 241/384 games (2413/h, eta 4m)
  [s3-no_q-ET-nc2-dp2] 242/384 games (2419/h, eta 4m)
  [s3-no_q-ET-nc2-dp2] 243/384 games (2426/h, eta 3m)
  [s3-no_q-ET-nc2-dp2] 244/384 games (2431/h, eta 3m)
  [s3-no_q-ET-nc2-dp2] 245/384 games (2439/h, eta 3m)
  [s3-no_q-ET-nc2-dp2] 246/384 games (2448/h, eta 3m)
  [s3-no_q-ET-nc2-dp2] 247/384 games (2454/h, eta 3m)
  [s3-no_q-ET-nc2-dp2] 248/384 games (2456/h, eta 3m)
  [s3-no_q-ET-nc2-dp2] 249/384 games (2464/h, eta 3m)
  [s3-no_q-ET-nc2-dp2] 250/384 games (2471/h, eta 3m)
  [s3-no_q-ET-nc2-dp2] 251/384 games (2478/h, eta 3m)
  [s3-no_q-ET-nc2-dp2] 252/384 games (2471/h, eta 3m)
  [s3-no_q-ET-nc2-dp2] 253/384 games (2456/h, eta 3m)
  [s3-no_q-ET-nc2-dp2] 254/384 games (2461/h, eta 3m)
  [s3-no_q-ET-nc2-dp2] 255/384 games (2469/h, eta 3m)
  [s3-no_q-ET-nc2-dp2] 256/384 games (2462/h, eta 3m)
  [s3-no_q-ET-nc2-dp2] 257/384 games (2465/h, eta 3m)
  [s3-no_q-ET-nc2-dp2] 258/384 games (2444/h, eta 3m)
  [s3-no_q-ET-nc2-dp2] 259/384 games (2441/h, eta 3m)
  [s3-no_q-ET-nc2-dp2] 260/384 games (2435/h, eta 3m)
  [s3-no_q-ET-nc2-dp2] 261/384 games (2442/h, eta 3m)
  [s3-no_q-ET-nc2-dp2] 262/384 games (2433/h, eta 3m)
  [s3-no_q-ET-nc2-dp2] 263/384 games (2429/h, eta 3m)
  [s3-no_q-ET-nc2-dp2] 264/384 games (2432/h, eta 3m)
  [s3-no_q-ET-nc2-dp2] 265/384 games (2434/h, eta 3m)
  [s3-no_q-ET-nc2-dp2] 266/384 games (2432/h, eta 3m)
  [s3-no_q-ET-nc2-dp2] 267/384 games (2436/h, eta 3m)
  [s3-no_q-ET-nc2-dp2] 268/384 games (2442/h, eta 3m)
  [s3-no_q-ET-nc2-dp2] 269/384 games (2449/h, eta 3m)
  [s3-no_q-ET-nc2-dp2] 270/384 games (2444/h, eta 3m)
  [s3-no_q-ET-nc2-dp2] 271/384 games (2446/h, eta 3m)
  [s3-no_q-ET-nc2-dp2] 272/384 games (2450/h, eta 3m)
  [s3-no_q-ET-nc2-dp2] 273/384 games (2455/h, eta 3m)
  [s3-no_q-ET-nc2-dp2] 274/384 games (2463/h, eta 3m)
  [s3-no_q-ET-nc2-dp2] 275/384 games (2472/h, eta 3m)
  [s3-no_q-ET-nc2-dp2] 276/384 games (2476/h, eta 3m)
  [s3-no_q-ET-nc2-dp2] 277/384 games (2477/h, eta 3m)
  [s3-no_q-ET-nc2-dp2] 278/384 games (2468/h, eta 3m)
  [s3-no_q-ET-nc2-dp2] 279/384 games (2473/h, eta 3m)
  [s3-no_q-ET-nc2-dp2] 280/384 games (2477/h, eta 3m)
  [s3-no_q-ET-nc2-dp2] 281/384 games (2478/h, eta 2m)
  [s3-no_q-ET-nc2-dp2] 282/384 games (2485/h, eta 2m)
  [s3-no_q-ET-nc2-dp2] 283/384 games (2481/h, eta 2m)
  [s3-no_q-ET-nc2-dp2] 284/384 games (2486/h, eta 2m)
  [s3-no_q-ET-nc2-dp2] 285/384 games (2477/h, eta 2m)
  [s3-no_q-ET-nc2-dp2] 286/384 games (2469/h, eta 2m)
  [s3-no_q-ET-nc2-dp2] 287/384 games (2442/h, eta 2m)
  [s3-no_q-ET-nc2-dp2] 288/384 games (2445/h, eta 2m)
  [s3-no_q-ET-nc2-dp2] 289/384 games (2444/h, eta 2m)
  [s3-no_q-ET-nc2-dp2] 290/384 games (2450/h, eta 2m)
  [s3-no_q-ET-nc2-dp2] 291/384 games (2456/h, eta 2m)
  [s3-no_q-ET-nc2-dp2] 292/384 games (2461/h, eta 2m)
  [s3-no_q-ET-nc2-dp2] 293/384 games (2466/h, eta 2m)
  [s3-no_q-ET-nc2-dp2] 294/384 games (2464/h, eta 2m)
  [s3-no_q-ET-nc2-dp2] 295/384 games (2458/h, eta 2m)
  [s3-no_q-ET-nc2-dp2] 296/384 games (2463/h, eta 2m)
  [s3-no_q-ET-nc2-dp2] 297/384 games (2467/h, eta 2m)
  [s3-no_q-ET-nc2-dp2] 298/384 games (2471/h, eta 2m)
  [s3-no_q-ET-nc2-dp2] 299/384 games (2463/h, eta 2m)
  [s3-no_q-ET-nc2-dp2] 300/384 games (2459/h, eta 2m)
  [s3-no_q-ET-nc2-dp2] 301/384 games (2467/h, eta 2m)
  [s3-no_q-ET-nc2-dp2] 302/384 games (2472/h, eta 2m)
  [s3-no_q-ET-nc2-dp2] 303/384 games (2475/h, eta 2m)
  [s3-no_q-ET-nc2-dp2] 304/384 games (2482/h, eta 2m)
  [s3-no_q-ET-nc2-dp2] 305/384 games (2490/h, eta 2m)
  [s3-no_q-ET-nc2-dp2] 306/384 games (2497/h, eta 2m)
  [s3-no_q-ET-nc2-dp2] 307/384 games (2498/h, eta 2m)
  [s3-no_q-ET-nc2-dp2] 308/384 games (2502/h, eta 2m)
  [s3-no_q-ET-nc2-dp2] 309/384 games (2509/h, eta 2m)
  [s3-no_q-ET-nc2-dp2] 310/384 games (2491/h, eta 2m)
  [s3-no_q-ET-nc2-dp2] 311/384 games (2482/h, eta 2m)
  [s3-no_q-ET-nc2-dp2] 312/384 games (2478/h, eta 2m)
  [s3-no_q-ET-nc2-dp2] 313/384 games (2483/h, eta 2m)
  [s3-no_q-ET-nc2-dp2] 314/384 games (2474/h, eta 2m)
  [s3-no_q-ET-nc2-dp2] 315/384 games (2459/h, eta 2m)
  [s3-no_q-ET-nc2-dp2] 316/384 games (2466/h, eta 2m)
  [s3-no_q-ET-nc2-dp2] 317/384 games (2471/h, eta 2m)
  [s3-no_q-ET-nc2-dp2] 318/384 games (2470/h, eta 2m)
  [s3-no_q-ET-nc2-dp2] 319/384 games (2476/h, eta 2m)
  [s3-no_q-ET-nc2-dp2] 320/384 games (2472/h, eta 2m)
  [s3-no_q-ET-nc2-dp2] 321/384 games (2474/h, eta 2m)
  [s3-no_q-ET-nc2-dp2] 322/384 games (2479/h, eta 2m)
  [s3-no_q-ET-nc2-dp2] 323/384 games (2486/h, eta 1m)
  [s3-no_q-ET-nc2-dp2] 324/384 games (2476/h, eta 1m)
  [s3-no_q-ET-nc2-dp2] 325/384 games (2481/h, eta 1m)
  [s3-no_q-ET-nc2-dp2] 326/384 games (2480/h, eta 1m)
  [s3-no_q-ET-nc2-dp2] 327/384 games (2484/h, eta 1m)
  [s3-no_q-ET-nc2-dp2] 328/384 games (2487/h, eta 1m)
  [s3-no_q-ET-nc2-dp2] 329/384 games (2470/h, eta 1m)
  [s3-no_q-ET-nc2-dp2] 330/384 games (2476/h, eta 1m)
  [s3-no_q-ET-nc2-dp2] 331/384 games (2478/h, eta 1m)
  [s3-no_q-ET-nc2-dp2] 332/384 games (2484/h, eta 1m)
  [s3-no_q-ET-nc2-dp2] 333/384 games (2488/h, eta 1m)
  [s3-no_q-ET-nc2-dp2] 334/384 games (2483/h, eta 1m)
  [s3-no_q-ET-nc2-dp2] 335/384 games (2489/h, eta 1m)
  [s3-no_q-ET-nc2-dp2] 336/384 games (2488/h, eta 1m)
  [s3-no_q-ET-nc2-dp2] 337/384 games (2492/h, eta 1m)
  [s3-no_q-ET-nc2-dp2] 338/384 games (2499/h, eta 1m)
  [s3-no_q-ET-nc2-dp2] 339/384 games (2505/h, eta 1m)
  [s3-no_q-ET-nc2-dp2] 340/384 games (2511/h, eta 1m)
  [s3-no_q-ET-nc2-dp2] 341/384 games (2518/h, eta 1m)
  [s3-no_q-ET-nc2-dp2] 342/384 games (2515/h, eta 1m)
  [s3-no_q-ET-nc2-dp2] 343/384 games (2503/h, eta 1m)
  [s3-no_q-ET-nc2-dp2] 344/384 games (2505/h, eta 1m)
  [s3-no_q-ET-nc2-dp2] 345/384 games (2491/h, eta 1m)
  [s3-no_q-ET-nc2-dp2] 346/384 games (2489/h, eta 1m)
  [s3-no_q-ET-nc2-dp2] 347/384 games (2495/h, eta 1m)
  [s3-no_q-ET-nc2-dp2] 348/384 games (2501/h, eta 1m)
  [s3-no_q-ET-nc2-dp2] 349/384 games (2497/h, eta 1m)
  [s3-no_q-ET-nc2-dp2] 350/384 games (2500/h, eta 1m)
  [s3-no_q-ET-nc2-dp2] 351/384 games (2500/h, eta 1m)
  [s3-no_q-ET-nc2-dp2] 352/384 games (2500/h, eta 1m)
  [s3-no_q-ET-nc2-dp2] 353/384 games (2496/h, eta 1m)
  [s3-no_q-ET-nc2-dp2] 354/384 games (2485/h, eta 1m)
  [s3-no_q-ET-nc2-dp2] 355/384 games (2490/h, eta 1m)
  [s3-no_q-ET-nc2-dp2] 356/384 games (2484/h, eta 1m)
  [s3-no_q-ET-nc2-dp2] 357/384 games (2485/h, eta 1m)
  [s3-no_q-ET-nc2-dp2] 358/384 games (2484/h, eta 1m)
  [s3-no_q-ET-nc2-dp2] 359/384 games (2489/h, eta 1m)
  [s3-no_q-ET-nc2-dp2] 360/384 games (2496/h, eta 1m)
  [s3-no_q-ET-nc2-dp2] 361/384 games (2499/h, eta 1m)
  [s3-no_q-ET-nc2-dp2] 362/384 games (2504/h, eta 1m)
  [s3-no_q-ET-nc2-dp2] 363/384 games (2497/h, eta 1m)
  [s3-no_q-ET-nc2-dp2] 364/384 games (2495/h, eta 0m)
  [s3-no_q-ET-nc2-dp2] 365/384 games (2492/h, eta 0m)
  [s3-no_q-ET-nc2-dp2] 366/384 games (2497/h, eta 0m)
  [s3-no_q-ET-nc2-dp2] 367/384 games (2500/h, eta 0m)
  [s3-no_q-ET-nc2-dp2] 368/384 games (2505/h, eta 0m)
  [s3-no_q-ET-nc2-dp2] 369/384 games (2510/h, eta 0m)
  [s3-no_q-ET-nc2-dp2] 370/384 games (2515/h, eta 0m)
  [s3-no_q-ET-nc2-dp2] 371/384 games (2520/h, eta 0m)
  [s3-no_q-ET-nc2-dp2] 372/384 games (2520/h, eta 0m)
  [s3-no_q-ET-nc2-dp2] 373/384 games (2524/h, eta 0m)
  [s3-no_q-ET-nc2-dp2] 374/384 games (2528/h, eta 0m)
  [s3-no_q-ET-nc2-dp2] 375/384 games (2526/h, eta 0m)
  [s3-no_q-ET-nc2-dp2] 376/384 games (2492/h, eta 0m)
  [s3-no_q-ET-nc2-dp2] 377/384 games (2497/h, eta 0m)
  [s3-no_q-ET-nc2-dp2] 378/384 games (2503/h, eta 0m)
  [s3-no_q-ET-nc2-dp2] 379/384 games (2510/h, eta 0m)
  [s3-no_q-ET-nc2-dp2] 380/384 games (2515/h, eta 0m)
  [s3-no_q-ET-nc2-dp2] 381/384 games (2515/h, eta 0m)
  [s3-no_q-ET-nc2-dp2] 382/384 games (2516/h, eta 0m)
  [s3-no_q-ET-nc2-dp2] 383/384 games (2515/h, eta 0m)
  [s3-no_q-ET-nc2-dp2] 384/384 games (2512/h, eta 0m)
== s3-no_r-ET-nc2 -> experiments/results/perturbation/s3-no_r-ET-nc2.jsonl
  [s3-no_r-ET-nc2] 1/384 games (660/h, eta 35m)
  [s3-no_r-ET-nc2] 2/384 games (1300/h, eta 18m)
  [s3-no_r-ET-nc2] 3/384 games (1878/h, eta 12m)
  [s3-no_r-ET-nc2] 4/384 games (1738/h, eta 13m)
  [s3-no_r-ET-nc2] 5/384 games (1907/h, eta 12m)
  [s3-no_r-ET-nc2] 6/384 games (2213/h, eta 10m)
  [s3-no_r-ET-nc2] 7/384 games (2454/h, eta 9m)
  [s3-no_r-ET-nc2] 8/384 games (2393/h, eta 9m)
  [s3-no_r-ET-nc2] 9/384 games (2651/h, eta 8m)
  [s3-no_r-ET-nc2] 10/384 games (2637/h, eta 9m)
  [s3-no_r-ET-nc2] 11/384 games (2881/h, eta 8m)
  [s3-no_r-ET-nc2] 12/384 games (3132/h, eta 7m)
  [s3-no_r-ET-nc2] 13/384 games (3277/h, eta 7m)
  [s3-no_r-ET-nc2] 14/384 games (3475/h, eta 6m)
  [s3-no_r-ET-nc2] 15/384 games (3523/h, eta 6m)
  [s3-no_r-ET-nc2] 16/384 games (3580/h, eta 6m)
  [s3-no_r-ET-nc2] 17/384 games (3451/h, eta 6m)
  [s3-no_r-ET-nc2] 18/384 games (3588/h, eta 6m)
  [s3-no_r-ET-nc2] 19/384 games (3689/h, eta 6m)
  [s3-no_r-ET-nc2] 20/384 games (3427/h, eta 6m)
  [s3-no_r-ET-nc2] 21/384 games (3521/h, eta 6m)
  [s3-no_r-ET-nc2] 22/384 games (3638/h, eta 6m)
  [s3-no_r-ET-nc2] 23/384 games (3649/h, eta 6m)
  [s3-no_r-ET-nc2] 24/384 games (3671/h, eta 6m)
  [s3-no_r-ET-nc2] 25/384 games (3724/h, eta 6m)
  [s3-no_r-ET-nc2] 26/384 games (3871/h, eta 6m)
  [s3-no_r-ET-nc2] 27/384 games (3775/h, eta 6m)
  [s3-no_r-ET-nc2] 28/384 games (3840/h, eta 6m)
  [s3-no_r-ET-nc2] 29/384 games (3977/h, eta 5m)
  [s3-no_r-ET-nc2] 30/384 games (4035/h, eta 5m)
  [s3-no_r-ET-nc2] 31/384 games (4157/h, eta 5m)
  [s3-no_r-ET-nc2] 32/384 games (4120/h, eta 5m)
  [s3-no_r-ET-nc2] 33/384 games (4055/h, eta 5m)
  [s3-no_r-ET-nc2] 34/384 games (4096/h, eta 5m)
  [s3-no_r-ET-nc2] 35/384 games (3838/h, eta 5m)
  [s3-no_r-ET-nc2] 36/384 games (3904/h, eta 5m)
  [s3-no_r-ET-nc2] 37/384 games (3873/h, eta 5m)
  [s3-no_r-ET-nc2] 38/384 games (3828/h, eta 5m)
  [s3-no_r-ET-nc2] 39/384 games (3906/h, eta 5m)
  [s3-no_r-ET-nc2] 40/384 games (3968/h, eta 5m)
  [s3-no_r-ET-nc2] 41/384 games (3990/h, eta 5m)
  [s3-no_r-ET-nc2] 42/384 games (3978/h, eta 5m)
  [s3-no_r-ET-nc2] 43/384 games (3922/h, eta 5m)
  [s3-no_r-ET-nc2] 44/384 games (3794/h, eta 5m)
  [s3-no_r-ET-nc2] 45/384 games (3874/h, eta 5m)
  [s3-no_r-ET-nc2] 46/384 games (3954/h, eta 5m)
  [s3-no_r-ET-nc2] 47/384 games (3998/h, eta 5m)
  [s3-no_r-ET-nc2] 48/384 games (4067/h, eta 5m)
  [s3-no_r-ET-nc2] 49/384 games (4002/h, eta 5m)
  [s3-no_r-ET-nc2] 50/384 games (4063/h, eta 5m)
  [s3-no_r-ET-nc2] 51/384 games (3837/h, eta 5m)
  [s3-no_r-ET-nc2] 52/384 games (3875/h, eta 5m)
  [s3-no_r-ET-nc2] 53/384 games (3943/h, eta 5m)
  [s3-no_r-ET-nc2] 54/384 games (4005/h, eta 5m)
  [s3-no_r-ET-nc2] 55/384 games (4076/h, eta 5m)
  [s3-no_r-ET-nc2] 56/384 games (4123/h, eta 5m)
  [s3-no_r-ET-nc2] 57/384 games (4130/h, eta 5m)
  [s3-no_r-ET-nc2] 58/384 games (4200/h, eta 5m)
  [s3-no_r-ET-nc2] 59/384 games (4130/h, eta 5m)
  [s3-no_r-ET-nc2] 60/384 games (4197/h, eta 5m)
  [s3-no_r-ET-nc2] 61/384 games (4258/h, eta 5m)
  [s3-no_r-ET-nc2] 62/384 games (4297/h, eta 4m)
  [s3-no_r-ET-nc2] 63/384 games (4361/h, eta 4m)
  [s3-no_r-ET-nc2] 64/384 games (4326/h, eta 4m)
  [s3-no_r-ET-nc2] 65/384 games (4273/h, eta 4m)
  [s3-no_r-ET-nc2] 66/384 games (4328/h, eta 4m)
  [s3-no_r-ET-nc2] 67/384 games (4367/h, eta 4m)
  [s3-no_r-ET-nc2] 68/384 games (4422/h, eta 4m)
  [s3-no_r-ET-nc2] 69/384 games (4480/h, eta 4m)
  [s3-no_r-ET-nc2] 70/384 games (4541/h, eta 4m)
  [s3-no_r-ET-nc2] 71/384 games (4510/h, eta 4m)
  [s3-no_r-ET-nc2] 72/384 games (4554/h, eta 4m)
  [s3-no_r-ET-nc2] 73/384 games (4442/h, eta 4m)
  [s3-no_r-ET-nc2] 74/384 games (4462/h, eta 4m)
  [s3-no_r-ET-nc2] 75/384 games (4490/h, eta 4m)
  [s3-no_r-ET-nc2] 76/384 games (4514/h, eta 4m)
  [s3-no_r-ET-nc2] 77/384 games (4493/h, eta 4m)
  [s3-no_r-ET-nc2] 78/384 games (4541/h, eta 4m)
  [s3-no_r-ET-nc2] 79/384 games (4452/h, eta 4m)
  [s3-no_r-ET-nc2] 80/384 games (4502/h, eta 4m)
  [s3-no_r-ET-nc2] 81/384 games (4548/h, eta 4m)
  [s3-no_r-ET-nc2] 82/384 games (4592/h, eta 4m)
  [s3-no_r-ET-nc2] 83/384 games (4619/h, eta 4m)
  [s3-no_r-ET-nc2] 84/384 games (4613/h, eta 4m)
  [s3-no_r-ET-nc2] 85/384 games (4501/h, eta 4m)
  [s3-no_r-ET-nc2] 86/384 games (4487/h, eta 4m)
  [s3-no_r-ET-nc2] 87/384 games (4529/h, eta 4m)
  [s3-no_r-ET-nc2] 88/384 games (4467/h, eta 4m)
  [s3-no_r-ET-nc2] 89/384 games (4495/h, eta 4m)
  [s3-no_r-ET-nc2] 90/384 games (4422/h, eta 4m)
  [s3-no_r-ET-nc2] 91/384 games (4413/h, eta 4m)
  [s3-no_r-ET-nc2] 92/384 games (4430/h, eta 4m)
  [s3-no_r-ET-nc2] 93/384 games (4465/h, eta 4m)
  [s3-no_r-ET-nc2] 94/384 games (4477/h, eta 4m)
  [s3-no_r-ET-nc2] 95/384 games (4521/h, eta 4m)
  [s3-no_r-ET-nc2] 96/384 games (4519/h, eta 4m)
  [s3-no_r-ET-nc2] 97/384 games (4565/h, eta 4m)
  [s3-no_r-ET-nc2] 98/384 games (4485/h, eta 4m)
  [s3-no_r-ET-nc2] 99/384 games (4453/h, eta 4m)
  [s3-no_r-ET-nc2] 100/384 games (4471/h, eta 4m)
  [s3-no_r-ET-nc2] 101/384 games (4514/h, eta 4m)
  [s3-no_r-ET-nc2] 102/384 games (4559/h, eta 4m)
  [s3-no_r-ET-nc2] 103/384 games (4590/h, eta 4m)
  [s3-no_r-ET-nc2] 104/384 games (4601/h, eta 4m)
  [s3-no_r-ET-nc2] 105/384 games (4602/h, eta 4m)
  [s3-no_r-ET-nc2] 106/384 games (4602/h, eta 4m)
  [s3-no_r-ET-nc2] 107/384 games (4643/h, eta 4m)
  [s3-no_r-ET-nc2] 108/384 games (4640/h, eta 4m)
  [s3-no_r-ET-nc2] 109/384 games (4613/h, eta 4m)
  [s3-no_r-ET-nc2] 110/384 games (4523/h, eta 4m)
  [s3-no_r-ET-nc2] 111/384 games (4489/h, eta 4m)
  [s3-no_r-ET-nc2] 112/384 games (4520/h, eta 4m)
  [s3-no_r-ET-nc2] 113/384 games (4557/h, eta 4m)
  [s3-no_r-ET-nc2] 114/384 games (4596/h, eta 4m)
  [s3-no_r-ET-nc2] 115/384 games (4626/h, eta 3m)
  [s3-no_r-ET-nc2] 116/384 games (4655/h, eta 3m)
  [s3-no_r-ET-nc2] 117/384 games (4670/h, eta 3m)
  [s3-no_r-ET-nc2] 118/384 games (4629/h, eta 3m)
  [s3-no_r-ET-nc2] 119/384 games (4477/h, eta 4m)
  [s3-no_r-ET-nc2] 120/384 games (4480/h, eta 4m)
  [s3-no_r-ET-nc2] 121/384 games (4485/h, eta 4m)
  [s3-no_r-ET-nc2] 122/384 games (4522/h, eta 3m)
  [s3-no_r-ET-nc2] 123/384 games (4542/h, eta 3m)
  [s3-no_r-ET-nc2] 124/384 games (4554/h, eta 3m)
  [s3-no_r-ET-nc2] 125/384 games (4579/h, eta 3m)
  [s3-no_r-ET-nc2] 126/384 games (4601/h, eta 3m)
  [s3-no_r-ET-nc2] 127/384 games (4542/h, eta 3m)
  [s3-no_r-ET-nc2] 128/384 games (4570/h, eta 3m)
  [s3-no_r-ET-nc2] 129/384 games (4596/h, eta 3m)
  [s3-no_r-ET-nc2] 130/384 games (4617/h, eta 3m)
  [s3-no_r-ET-nc2] 131/384 games (4637/h, eta 3m)
  [s3-no_r-ET-nc2] 132/384 games (4590/h, eta 3m)
  [s3-no_r-ET-nc2] 133/384 games (4608/h, eta 3m)
  [s3-no_r-ET-nc2] 134/384 games (4630/h, eta 3m)
  [s3-no_r-ET-nc2] 135/384 games (4636/h, eta 3m)
  [s3-no_r-ET-nc2] 136/384 games (4657/h, eta 3m)
  [s3-no_r-ET-nc2] 137/384 games (4684/h, eta 3m)
  [s3-no_r-ET-nc2] 138/384 games (4717/h, eta 3m)
  [s3-no_r-ET-nc2] 139/384 games (4700/h, eta 3m)
  [s3-no_r-ET-nc2] 140/384 games (4716/h, eta 3m)
  [s3-no_r-ET-nc2] 141/384 games (4735/h, eta 3m)
  [s3-no_r-ET-nc2] 142/384 games (4718/h, eta 3m)
  [s3-no_r-ET-nc2] 143/384 games (4750/h, eta 3m)
  [s3-no_r-ET-nc2] 144/384 games (4782/h, eta 3m)
  [s3-no_r-ET-nc2] 145/384 games (4730/h, eta 3m)
  [s3-no_r-ET-nc2] 146/384 games (4735/h, eta 3m)
  [s3-no_r-ET-nc2] 147/384 games (4754/h, eta 3m)
  [s3-no_r-ET-nc2] 148/384 games (4759/h, eta 3m)
  [s3-no_r-ET-nc2] 149/384 games (4777/h, eta 3m)
  [s3-no_r-ET-nc2] 150/384 games (4776/h, eta 3m)
  [s3-no_r-ET-nc2] 151/384 games (4805/h, eta 3m)
  [s3-no_r-ET-nc2] 152/384 games (4745/h, eta 3m)
  [s3-no_r-ET-nc2] 153/384 games (4736/h, eta 3m)
  [s3-no_r-ET-nc2] 154/384 games (4751/h, eta 3m)
  [s3-no_r-ET-nc2] 155/384 games (4779/h, eta 3m)
  [s3-no_r-ET-nc2] 156/384 games (4792/h, eta 3m)
  [s3-no_r-ET-nc2] 157/384 games (4822/h, eta 3m)
  [s3-no_r-ET-nc2] 158/384 games (4837/h, eta 3m)
  [s3-no_r-ET-nc2] 159/384 games (4856/h, eta 3m)
  [s3-no_r-ET-nc2] 160/384 games (4858/h, eta 3m)
  [s3-no_r-ET-nc2] 161/384 games (4879/h, eta 3m)
  [s3-no_r-ET-nc2] 162/384 games (4907/h, eta 3m)
  [s3-no_r-ET-nc2] 163/384 games (4887/h, eta 3m)
  [s3-no_r-ET-nc2] 164/384 games (4899/h, eta 3m)
  [s3-no_r-ET-nc2] 165/384 games (4873/h, eta 3m)
  [s3-no_r-ET-nc2] 166/384 games (4897/h, eta 3m)
  [s3-no_r-ET-nc2] 167/384 games (4909/h, eta 3m)
  [s3-no_r-ET-nc2] 168/384 games (4927/h, eta 3m)
  [s3-no_r-ET-nc2] 169/384 games (4938/h, eta 3m)
  [s3-no_r-ET-nc2] 170/384 games (4962/h, eta 3m)
  [s3-no_r-ET-nc2] 171/384 games (4963/h, eta 3m)
  [s3-no_r-ET-nc2] 172/384 games (4909/h, eta 3m)
  [s3-no_r-ET-nc2] 173/384 games (4929/h, eta 3m)
  [s3-no_r-ET-nc2] 174/384 games (4939/h, eta 3m)
  [s3-no_r-ET-nc2] 175/384 games (4927/h, eta 3m)
  [s3-no_r-ET-nc2] 176/384 games (4919/h, eta 3m)
  [s3-no_r-ET-nc2] 177/384 games (4873/h, eta 3m)
  [s3-no_r-ET-nc2] 178/384 games (4895/h, eta 3m)
  [s3-no_r-ET-nc2] 179/384 games (4910/h, eta 3m)
  [s3-no_r-ET-nc2] 180/384 games (4937/h, eta 2m)
  [s3-no_r-ET-nc2] 181/384 games (4917/h, eta 2m)
  [s3-no_r-ET-nc2] 182/384 games (4939/h, eta 2m)
  [s3-no_r-ET-nc2] 183/384 games (4965/h, eta 2m)
  [s3-no_r-ET-nc2] 184/384 games (4979/h, eta 2m)
  [s3-no_r-ET-nc2] 185/384 games (4989/h, eta 2m)
  [s3-no_r-ET-nc2] 186/384 games (4998/h, eta 2m)
  [s3-no_r-ET-nc2] 187/384 games (5015/h, eta 2m)
  [s3-no_r-ET-nc2] 188/384 games (5039/h, eta 2m)
  [s3-no_r-ET-nc2] 189/384 games (5063/h, eta 2m)
  [s3-no_r-ET-nc2] 190/384 games (5012/h, eta 2m)
  [s3-no_r-ET-nc2] 191/384 games (4993/h, eta 2m)
  [s3-no_r-ET-nc2] 192/384 games (4992/h, eta 2m)
  [s3-no_r-ET-nc2] 193/384 games (5010/h, eta 2m)
  [s3-no_r-ET-nc2] 194/384 games (5031/h, eta 2m)
  [s3-no_r-ET-nc2] 195/384 games (5050/h, eta 2m)
  [s3-no_r-ET-nc2] 196/384 games (5043/h, eta 2m)
  [s3-no_r-ET-nc2] 197/384 games (5058/h, eta 2m)
  [s3-no_r-ET-nc2] 198/384 games (5065/h, eta 2m)
  [s3-no_r-ET-nc2] 199/384 games (4998/h, eta 2m)
  [s3-no_r-ET-nc2] 200/384 games (4976/h, eta 2m)
  [s3-no_r-ET-nc2] 201/384 games (4992/h, eta 2m)
  [s3-no_r-ET-nc2] 202/384 games (5001/h, eta 2m)
  [s3-no_r-ET-nc2] 203/384 games (4968/h, eta 2m)
  [s3-no_r-ET-nc2] 204/384 games (4939/h, eta 2m)
  [s3-no_r-ET-nc2] 205/384 games (4962/h, eta 2m)
  [s3-no_r-ET-nc2] 206/384 games (4980/h, eta 2m)
  [s3-no_r-ET-nc2] 207/384 games (4945/h, eta 2m)
  [s3-no_r-ET-nc2] 208/384 games (4966/h, eta 2m)
  [s3-no_r-ET-nc2] 209/384 games (4989/h, eta 2m)
  [s3-no_r-ET-nc2] 210/384 games (5004/h, eta 2m)
  [s3-no_r-ET-nc2] 211/384 games (5009/h, eta 2m)
  [s3-no_r-ET-nc2] 212/384 games (4995/h, eta 2m)
  [s3-no_r-ET-nc2] 213/384 games (5012/h, eta 2m)
  [s3-no_r-ET-nc2] 214/384 games (5031/h, eta 2m)
  [s3-no_r-ET-nc2] 215/384 games (5042/h, eta 2m)
  [s3-no_r-ET-nc2] 216/384 games (5042/h, eta 2m)
  [s3-no_r-ET-nc2] 217/384 games (5037/h, eta 2m)
  [s3-no_r-ET-nc2] 218/384 games (5054/h, eta 2m)
  [s3-no_r-ET-nc2] 219/384 games (5061/h, eta 2m)
  [s3-no_r-ET-nc2] 220/384 games (5012/h, eta 2m)
  [s3-no_r-ET-nc2] 221/384 games (5019/h, eta 2m)
  [s3-no_r-ET-nc2] 222/384 games (5032/h, eta 2m)
  [s3-no_r-ET-nc2] 223/384 games (5035/h, eta 2m)
  [s3-no_r-ET-nc2] 224/384 games (5043/h, eta 2m)
  [s3-no_r-ET-nc2] 225/384 games (5065/h, eta 2m)
  [s3-no_r-ET-nc2] 226/384 games (4976/h, eta 2m)
  [s3-no_r-ET-nc2] 227/384 games (4994/h, eta 2m)
  [s3-no_r-ET-nc2] 228/384 games (5010/h, eta 2m)
  [s3-no_r-ET-nc2] 229/384 games (5031/h, eta 2m)
  [s3-no_r-ET-nc2] 230/384 games (5025/h, eta 2m)
  [s3-no_r-ET-nc2] 231/384 games (5024/h, eta 2m)
  [s3-no_r-ET-nc2] 232/384 games (5044/h, eta 2m)
  [s3-no_r-ET-nc2] 233/384 games (5049/h, eta 2m)
  [s3-no_r-ET-nc2] 234/384 games (5036/h, eta 2m)
  [s3-no_r-ET-nc2] 235/384 games (5014/h, eta 2m)
  [s3-no_r-ET-nc2] 236/384 games (5009/h, eta 2m)
  [s3-no_r-ET-nc2] 237/384 games (5026/h, eta 2m)
  [s3-no_r-ET-nc2] 238/384 games (5034/h, eta 2m)
  [s3-no_r-ET-nc2] 239/384 games (5044/h, eta 2m)
  [s3-no_r-ET-nc2] 240/384 games (5018/h, eta 2m)
  [s3-no_r-ET-nc2] 241/384 games (5010/h, eta 2m)
  [s3-no_r-ET-nc2] 242/384 games (5007/h, eta 2m)
  [s3-no_r-ET-nc2] 243/384 games (5021/h, eta 2m)
  [s3-no_r-ET-nc2] 244/384 games (5028/h, eta 2m)
  [s3-no_r-ET-nc2] 245/384 games (5042/h, eta 2m)
  [s3-no_r-ET-nc2] 246/384 games (5043/h, eta 2m)
  [s3-no_r-ET-nc2] 247/384 games (5017/h, eta 2m)
  [s3-no_r-ET-nc2] 248/384 games (5020/h, eta 2m)
  [s3-no_r-ET-nc2] 249/384 games (5038/h, eta 2m)
  [s3-no_r-ET-nc2] 250/384 games (5013/h, eta 2m)
  [s3-no_r-ET-nc2] 251/384 games (5019/h, eta 2m)
  [s3-no_r-ET-nc2] 252/384 games (5005/h, eta 2m)
  [s3-no_r-ET-nc2] 253/384 games (4987/h, eta 2m)
  [s3-no_r-ET-nc2] 254/384 games (5003/h, eta 2m)
  [s3-no_r-ET-nc2] 255/384 games (5008/h, eta 2m)
  [s3-no_r-ET-nc2] 256/384 games (5020/h, eta 2m)
  [s3-no_r-ET-nc2] 257/384 games (5018/h, eta 2m)
  [s3-no_r-ET-nc2] 258/384 games (5000/h, eta 2m)
  [s3-no_r-ET-nc2] 259/384 games (4986/h, eta 2m)
  [s3-no_r-ET-nc2] 260/384 games (5003/h, eta 1m)
  [s3-no_r-ET-nc2] 261/384 games (5017/h, eta 1m)
  [s3-no_r-ET-nc2] 262/384 games (5026/h, eta 1m)
  [s3-no_r-ET-nc2] 263/384 games (4990/h, eta 1m)
  [s3-no_r-ET-nc2] 264/384 games (5008/h, eta 1m)
  [s3-no_r-ET-nc2] 265/384 games (5003/h, eta 1m)
  [s3-no_r-ET-nc2] 266/384 games (5010/h, eta 1m)
  [s3-no_r-ET-nc2] 267/384 games (5024/h, eta 1m)
  [s3-no_r-ET-nc2] 268/384 games (5038/h, eta 1m)
  [s3-no_r-ET-nc2] 269/384 games (5056/h, eta 1m)
  [s3-no_r-ET-nc2] 270/384 games (5051/h, eta 1m)
  [s3-no_r-ET-nc2] 271/384 games (5059/h, eta 1m)
  [s3-no_r-ET-nc2] 272/384 games (5075/h, eta 1m)
  [s3-no_r-ET-nc2] 273/384 games (5061/h, eta 1m)
  [s3-no_r-ET-nc2] 274/384 games (5004/h, eta 1m)
  [s3-no_r-ET-nc2] 275/384 games (5006/h, eta 1m)
  [s3-no_r-ET-nc2] 276/384 games (4989/h, eta 1m)
  [s3-no_r-ET-nc2] 277/384 games (5006/h, eta 1m)
  [s3-no_r-ET-nc2] 278/384 games (5007/h, eta 1m)
  [s3-no_r-ET-nc2] 279/384 games (5000/h, eta 1m)
  [s3-no_r-ET-nc2] 280/384 games (4992/h, eta 1m)
  [s3-no_r-ET-nc2] 281/384 games (4997/h, eta 1m)
  [s3-no_r-ET-nc2] 282/384 games (4987/h, eta 1m)
  [s3-no_r-ET-nc2] 283/384 games (4986/h, eta 1m)
  [s3-no_r-ET-nc2] 284/384 games (4986/h, eta 1m)
  [s3-no_r-ET-nc2] 285/384 games (4951/h, eta 1m)
  [s3-no_r-ET-nc2] 286/384 games (4951/h, eta 1m)
  [s3-no_r-ET-nc2] 287/384 games (4963/h, eta 1m)
  [s3-no_r-ET-nc2] 288/384 games (4951/h, eta 1m)
  [s3-no_r-ET-nc2] 289/384 games (4944/h, eta 1m)
  [s3-no_r-ET-nc2] 290/384 games (4957/h, eta 1m)
  [s3-no_r-ET-nc2] 291/384 games (4973/h, eta 1m)
  [s3-no_r-ET-nc2] 292/384 games (4977/h, eta 1m)
  [s3-no_r-ET-nc2] 293/384 games (4972/h, eta 1m)
  [s3-no_r-ET-nc2] 294/384 games (4986/h, eta 1m)
  [s3-no_r-ET-nc2] 295/384 games (4970/h, eta 1m)
  [s3-no_r-ET-nc2] 296/384 games (4985/h, eta 1m)
  [s3-no_r-ET-nc2] 297/384 games (4965/h, eta 1m)
  [s3-no_r-ET-nc2] 298/384 games (4965/h, eta 1m)
  [s3-no_r-ET-nc2] 299/384 games (4969/h, eta 1m)
  [s3-no_r-ET-nc2] 300/384 games (4973/h, eta 1m)
  [s3-no_r-ET-nc2] 301/384 games (4952/h, eta 1m)
  [s3-no_r-ET-nc2] 302/384 games (4936/h, eta 1m)
  [s3-no_r-ET-nc2] 303/384 games (4946/h, eta 1m)
  [s3-no_r-ET-nc2] 304/384 games (4958/h, eta 1m)
  [s3-no_r-ET-nc2] 305/384 games (4963/h, eta 1m)
  [s3-no_r-ET-nc2] 306/384 games (4976/h, eta 1m)
  [s3-no_r-ET-nc2] 307/384 games (4948/h, eta 1m)
  [s3-no_r-ET-nc2] 308/384 games (4954/h, eta 1m)
  [s3-no_r-ET-nc2] 309/384 games (4965/h, eta 1m)
  [s3-no_r-ET-nc2] 310/384 games (4974/h, eta 1m)
  [s3-no_r-ET-nc2] 311/384 games (4978/h, eta 1m)
  [s3-no_r-ET-nc2] 312/384 games (4947/h, eta 1m)
  [s3-no_r-ET-nc2] 313/384 games (4962/h, eta 1m)
  [s3-no_r-ET-nc2] 314/384 games (4977/h, eta 1m)
  [s3-no_r-ET-nc2] 315/384 games (4989/h, eta 1m)
  [s3-no_r-ET-nc2] 316/384 games (4994/h, eta 1m)
  [s3-no_r-ET-nc2] 317/384 games (5002/h, eta 1m)
  [s3-no_r-ET-nc2] 318/384 games (5005/h, eta 1m)
  [s3-no_r-ET-nc2] 319/384 games (5020/h, eta 1m)
  [s3-no_r-ET-nc2] 320/384 games (5013/h, eta 1m)
  [s3-no_r-ET-nc2] 321/384 games (5017/h, eta 1m)
  [s3-no_r-ET-nc2] 322/384 games (5018/h, eta 1m)
  [s3-no_r-ET-nc2] 323/384 games (5019/h, eta 1m)
  [s3-no_r-ET-nc2] 324/384 games (5033/h, eta 1m)
  [s3-no_r-ET-nc2] 325/384 games (5046/h, eta 1m)
  [s3-no_r-ET-nc2] 326/384 games (5023/h, eta 1m)
  [s3-no_r-ET-nc2] 327/384 games (5015/h, eta 1m)
  [s3-no_r-ET-nc2] 328/384 games (4973/h, eta 1m)
  [s3-no_r-ET-nc2] 329/384 games (4984/h, eta 1m)
  [s3-no_r-ET-nc2] 330/384 games (4999/h, eta 1m)
  [s3-no_r-ET-nc2] 331/384 games (4986/h, eta 1m)
  [s3-no_r-ET-nc2] 332/384 games (4997/h, eta 1m)
  [s3-no_r-ET-nc2] 333/384 games (5002/h, eta 1m)
  [s3-no_r-ET-nc2] 334/384 games (5006/h, eta 1m)
  [s3-no_r-ET-nc2] 335/384 games (5021/h, eta 1m)
  [s3-no_r-ET-nc2] 336/384 games (5023/h, eta 1m)
  [s3-no_r-ET-nc2] 337/384 games (5035/h, eta 1m)
  [s3-no_r-ET-nc2] 338/384 games (5010/h, eta 1m)
  [s3-no_r-ET-nc2] 339/384 games (4999/h, eta 1m)
  [s3-no_r-ET-nc2] 340/384 games (5006/h, eta 1m)
  [s3-no_r-ET-nc2] 341/384 games (4993/h, eta 1m)
  [s3-no_r-ET-nc2] 342/384 games (4976/h, eta 1m)
  [s3-no_r-ET-nc2] 343/384 games (4988/h, eta 0m)
  [s3-no_r-ET-nc2] 344/384 games (4983/h, eta 0m)
  [s3-no_r-ET-nc2] 345/384 games (4997/h, eta 0m)
  [s3-no_r-ET-nc2] 346/384 games (4982/h, eta 0m)
  [s3-no_r-ET-nc2] 347/384 games (4985/h, eta 0m)
  [s3-no_r-ET-nc2] 348/384 games (4988/h, eta 0m)
  [s3-no_r-ET-nc2] 349/384 games (4993/h, eta 0m)
  [s3-no_r-ET-nc2] 350/384 games (4952/h, eta 0m)
  [s3-no_r-ET-nc2] 351/384 games (4949/h, eta 0m)
  [s3-no_r-ET-nc2] 352/384 games (4953/h, eta 0m)
  [s3-no_r-ET-nc2] 353/384 games (4965/h, eta 0m)
  [s3-no_r-ET-nc2] 354/384 games (4963/h, eta 0m)
  [s3-no_r-ET-nc2] 355/384 games (4960/h, eta 0m)
  [s3-no_r-ET-nc2] 356/384 games (4946/h, eta 0m)
  [s3-no_r-ET-nc2] 357/384 games (4956/h, eta 0m)
  [s3-no_r-ET-nc2] 358/384 games (4961/h, eta 0m)
  [s3-no_r-ET-nc2] 359/384 games (4957/h, eta 0m)
  [s3-no_r-ET-nc2] 360/384 games (4927/h, eta 0m)
  [s3-no_r-ET-nc2] 361/384 games (4933/h, eta 0m)
  [s3-no_r-ET-nc2] 362/384 games (4923/h, eta 0m)
  [s3-no_r-ET-nc2] 363/384 games (4933/h, eta 0m)
  [s3-no_r-ET-nc2] 364/384 games (4939/h, eta 0m)
  [s3-no_r-ET-nc2] 365/384 games (4952/h, eta 0m)
  [s3-no_r-ET-nc2] 366/384 games (4955/h, eta 0m)
  [s3-no_r-ET-nc2] 367/384 games (4964/h, eta 0m)
  [s3-no_r-ET-nc2] 368/384 games (4975/h, eta 0m)
  [s3-no_r-ET-nc2] 369/384 games (4987/h, eta 0m)
  [s3-no_r-ET-nc2] 370/384 games (4987/h, eta 0m)
  [s3-no_r-ET-nc2] 371/384 games (4985/h, eta 0m)
  [s3-no_r-ET-nc2] 372/384 games (4996/h, eta 0m)
  [s3-no_r-ET-nc2] 373/384 games (5002/h, eta 0m)
  [s3-no_r-ET-nc2] 374/384 games (4994/h, eta 0m)
  [s3-no_r-ET-nc2] 375/384 games (5006/h, eta 0m)
  [s3-no_r-ET-nc2] 376/384 games (4999/h, eta 0m)
  [s3-no_r-ET-nc2] 377/384 games (5008/h, eta 0m)
  [s3-no_r-ET-nc2] 378/384 games (5013/h, eta 0m)
  [s3-no_r-ET-nc2] 379/384 games (5026/h, eta 0m)
  [s3-no_r-ET-nc2] 380/384 games (4966/h, eta 0m)
  [s3-no_r-ET-nc2] 381/384 games (4978/h, eta 0m)
  [s3-no_r-ET-nc2] 382/384 games (4990/h, eta 0m)
  [s3-no_r-ET-nc2] 383/384 games (4974/h, eta 0m)
  [s3-no_r-ET-nc2] 384/384 games (4975/h, eta 0m)
== s3-no_r-ET-dp2 -> experiments/results/perturbation/s3-no_r-ET-dp2.jsonl
  [s3-no_r-ET-dp2] 1/384 games (2226/h, eta 10m)
  [s3-no_r-ET-dp2] 2/384 games (4360/h, eta 5m)
  [s3-no_r-ET-dp2] 3/384 games (5764/h, eta 4m)
  [s3-no_r-ET-dp2] 4/384 games (7485/h, eta 3m)
  [s3-no_r-ET-dp2] 5/384 games (5568/h, eta 4m)
  [s3-no_r-ET-dp2] 6/384 games (6680/h, eta 3m)
  [s3-no_r-ET-dp2] 7/384 games (7175/h, eta 3m)
  [s3-no_r-ET-dp2] 8/384 games (7395/h, eta 3m)
  [s3-no_r-ET-dp2] 9/384 games (7120/h, eta 3m)
  [s3-no_r-ET-dp2] 10/384 games (7547/h, eta 3m)
  [s3-no_r-ET-dp2] 11/384 games (7909/h, eta 3m)
  [s3-no_r-ET-dp2] 12/384 games (6511/h, eta 3m)
  [s3-no_r-ET-dp2] 13/384 games (6019/h, eta 4m)
  [s3-no_r-ET-dp2] 14/384 games (6436/h, eta 3m)
  [s3-no_r-ET-dp2] 15/384 games (5265/h, eta 4m)
  [s3-no_r-ET-dp2] 16/384 games (5548/h, eta 4m)
  [s3-no_r-ET-dp2] 17/384 games (5849/h, eta 4m)
  [s3-no_r-ET-dp2] 18/384 games (4526/h, eta 5m)
  [s3-no_r-ET-dp2] 19/384 games (4338/h, eta 5m)
  [s3-no_r-ET-dp2] 20/384 games (3726/h, eta 6m)
  [s3-no_r-ET-dp2] 21/384 games (3907/h, eta 6m)
  [s3-no_r-ET-dp2] 22/384 games (3921/h, eta 6m)
  [s3-no_r-ET-dp2] 23/384 games (4086/h, eta 5m)
  [s3-no_r-ET-dp2] 24/384 games (4243/h, eta 5m)
  [s3-no_r-ET-dp2] 25/384 games (4195/h, eta 5m)
  [s3-no_r-ET-dp2] 26/384 games (4084/h, eta 5m)
  [s3-no_r-ET-dp2] 27/384 games (4117/h, eta 5m)
  [s3-no_r-ET-dp2] 28/384 games (4191/h, eta 5m)
  [s3-no_r-ET-dp2] 29/384 games (4328/h, eta 5m)
  [s3-no_r-ET-dp2] 30/384 games (4306/h, eta 5m)
  [s3-no_r-ET-dp2] 31/384 games (4308/h, eta 5m)
  [s3-no_r-ET-dp2] 32/384 games (4250/h, eta 5m)
  [s3-no_r-ET-dp2] 33/384 games (4348/h, eta 5m)
  [s3-no_r-ET-dp2] 34/384 games (4460/h, eta 5m)
  [s3-no_r-ET-dp2] 35/384 games (4558/h, eta 5m)
  [s3-no_r-ET-dp2] 36/384 games (4537/h, eta 5m)
  [s3-no_r-ET-dp2] 37/384 games (4559/h, eta 5m)
  [s3-no_r-ET-dp2] 38/384 games (4675/h, eta 4m)
  [s3-no_r-ET-dp2] 39/384 games (4655/h, eta 4m)
  [s3-no_r-ET-dp2] 40/384 games (4751/h, eta 4m)
  [s3-no_r-ET-dp2] 41/384 games (4819/h, eta 4m)
  [s3-no_r-ET-dp2] 42/384 games (4858/h, eta 4m)
  [s3-no_r-ET-dp2] 43/384 games (4783/h, eta 4m)
  [s3-no_r-ET-dp2] 44/384 games (4881/h, eta 4m)
  [s3-no_r-ET-dp2] 45/384 games (4819/h, eta 4m)
  [s3-no_r-ET-dp2] 46/384 games (4822/h, eta 4m)
  [s3-no_r-ET-dp2] 47/384 games (4783/h, eta 4m)
  [s3-no_r-ET-dp2] 48/384 games (4815/h, eta 4m)
  [s3-no_r-ET-dp2] 49/384 games (4705/h, eta 4m)
  [s3-no_r-ET-dp2] 50/384 games (4577/h, eta 4m)
  [s3-no_r-ET-dp2] 51/384 games (4552/h, eta 4m)
  [s3-no_r-ET-dp2] 52/384 games (4497/h, eta 4m)
  [s3-no_r-ET-dp2] 53/384 games (4581/h, eta 4m)
  [s3-no_r-ET-dp2] 54/384 games (4594/h, eta 4m)
  [s3-no_r-ET-dp2] 55/384 games (4629/h, eta 4m)
  [s3-no_r-ET-dp2] 56/384 games (4581/h, eta 4m)
  [s3-no_r-ET-dp2] 57/384 games (4607/h, eta 4m)
  [s3-no_r-ET-dp2] 58/384 games (4631/h, eta 4m)
  [s3-no_r-ET-dp2] 59/384 games (4564/h, eta 4m)
  [s3-no_r-ET-dp2] 60/384 games (4528/h, eta 4m)
  [s3-no_r-ET-dp2] 61/384 games (4549/h, eta 4m)
  [s3-no_r-ET-dp2] 62/384 games (4581/h, eta 4m)
  [s3-no_r-ET-dp2] 63/384 games (4619/h, eta 4m)
  [s3-no_r-ET-dp2] 64/384 games (4657/h, eta 4m)
  [s3-no_r-ET-dp2] 65/384 games (4700/h, eta 4m)
  [s3-no_r-ET-dp2] 66/384 games (4670/h, eta 4m)
  [s3-no_r-ET-dp2] 67/384 games (4731/h, eta 4m)
  [s3-no_r-ET-dp2] 68/384 games (4788/h, eta 4m)
  [s3-no_r-ET-dp2] 69/384 games (4583/h, eta 4m)
  [s3-no_r-ET-dp2] 70/384 games (4626/h, eta 4m)
  [s3-no_r-ET-dp2] 71/384 games (4536/h, eta 4m)
  [s3-no_r-ET-dp2] 72/384 games (4529/h, eta 4m)
  [s3-no_r-ET-dp2] 73/384 games (4515/h, eta 4m)
  [s3-no_r-ET-dp2] 74/384 games (4530/h, eta 4m)
  [s3-no_r-ET-dp2] 75/384 games (4587/h, eta 4m)
  [s3-no_r-ET-dp2] 76/384 games (4474/h, eta 4m)
  [s3-no_r-ET-dp2] 77/384 games (4399/h, eta 4m)
  [s3-no_r-ET-dp2] 78/384 games (4417/h, eta 4m)
  [s3-no_r-ET-dp2] 79/384 games (4437/h, eta 4m)
  [s3-no_r-ET-dp2] 80/384 games (4477/h, eta 4m)
  [s3-no_r-ET-dp2] 81/384 games (4450/h, eta 4m)
  [s3-no_r-ET-dp2] 82/384 games (4484/h, eta 4m)
  [s3-no_r-ET-dp2] 83/384 games (4487/h, eta 4m)
  [s3-no_r-ET-dp2] 84/384 games (4514/h, eta 4m)
  [s3-no_r-ET-dp2] 85/384 games (4564/h, eta 4m)
  [s3-no_r-ET-dp2] 86/384 games (4598/h, eta 4m)
  [s3-no_r-ET-dp2] 87/384 games (4565/h, eta 4m)
  [s3-no_r-ET-dp2] 88/384 games (4603/h, eta 4m)
  [s3-no_r-ET-dp2] 89/384 games (4555/h, eta 4m)
  [s3-no_r-ET-dp2] 90/384 games (4471/h, eta 4m)
  [s3-no_r-ET-dp2] 91/384 games (4513/h, eta 4m)
  [s3-no_r-ET-dp2] 92/384 games (4555/h, eta 4m)
  [s3-no_r-ET-dp2] 93/384 games (4507/h, eta 4m)
  [s3-no_r-ET-dp2] 94/384 games (4554/h, eta 4m)
  [s3-no_r-ET-dp2] 95/384 games (4468/h, eta 4m)
  [s3-no_r-ET-dp2] 96/384 games (4372/h, eta 4m)
  [s3-no_r-ET-dp2] 97/384 games (4346/h, eta 4m)
  [s3-no_r-ET-dp2] 98/384 games (4366/h, eta 4m)
  [s3-no_r-ET-dp2] 99/384 games (4410/h, eta 4m)
  [s3-no_r-ET-dp2] 100/384 games (4416/h, eta 4m)
  [s3-no_r-ET-dp2] 101/384 games (4456/h, eta 4m)
  [s3-no_r-ET-dp2] 102/384 games (4465/h, eta 4m)
  [s3-no_r-ET-dp2] 103/384 games (4503/h, eta 4m)
  [s3-no_r-ET-dp2] 104/384 games (4487/h, eta 4m)
  [s3-no_r-ET-dp2] 105/384 games (4504/h, eta 4m)
  [s3-no_r-ET-dp2] 106/384 games (4398/h, eta 4m)
  [s3-no_r-ET-dp2] 107/384 games (4369/h, eta 4m)
  [s3-no_r-ET-dp2] 108/384 games (4372/h, eta 4m)
  [s3-no_r-ET-dp2] 109/384 games (4317/h, eta 4m)
  [s3-no_r-ET-dp2] 110/384 games (4252/h, eta 4m)
  [s3-no_r-ET-dp2] 111/384 games (4249/h, eta 4m)
  [s3-no_r-ET-dp2] 112/384 games (4287/h, eta 4m)
  [s3-no_r-ET-dp2] 113/384 games (4284/h, eta 4m)
  [s3-no_r-ET-dp2] 114/384 games (4321/h, eta 4m)
  [s3-no_r-ET-dp2] 115/384 games (4331/h, eta 4m)
  [s3-no_r-ET-dp2] 116/384 games (4368/h, eta 4m)
  [s3-no_r-ET-dp2] 117/384 games (4383/h, eta 4m)
  [s3-no_r-ET-dp2] 118/384 games (4417/h, eta 4m)
  [s3-no_r-ET-dp2] 119/384 games (4415/h, eta 4m)
  [s3-no_r-ET-dp2] 120/384 games (4438/h, eta 4m)
  [s3-no_r-ET-dp2] 121/384 games (4460/h, eta 4m)
  [s3-no_r-ET-dp2] 122/384 games (4482/h, eta 4m)
  [s3-no_r-ET-dp2] 123/384 games (4508/h, eta 3m)
  [s3-no_r-ET-dp2] 124/384 games (4521/h, eta 3m)
  [s3-no_r-ET-dp2] 125/384 games (4546/h, eta 3m)
  [s3-no_r-ET-dp2] 126/384 games (4498/h, eta 3m)
  [s3-no_r-ET-dp2] 127/384 games (4473/h, eta 3m)
  [s3-no_r-ET-dp2] 128/384 games (4445/h, eta 3m)
  [s3-no_r-ET-dp2] 129/384 games (4465/h, eta 3m)
  [s3-no_r-ET-dp2] 130/384 games (4440/h, eta 3m)
  [s3-no_r-ET-dp2] 131/384 games (4474/h, eta 3m)
  [s3-no_r-ET-dp2] 132/384 games (4496/h, eta 3m)
  [s3-no_r-ET-dp2] 133/384 games (4525/h, eta 3m)
  [s3-no_r-ET-dp2] 134/384 games (4481/h, eta 3m)
  [s3-no_r-ET-dp2] 135/384 games (4492/h, eta 3m)
  [s3-no_r-ET-dp2] 136/384 games (4503/h, eta 3m)
  [s3-no_r-ET-dp2] 137/384 games (4536/h, eta 3m)
  [s3-no_r-ET-dp2] 138/384 games (4516/h, eta 3m)
  [s3-no_r-ET-dp2] 139/384 games (4499/h, eta 3m)
  [s3-no_r-ET-dp2] 140/384 games (4475/h, eta 3m)
  [s3-no_r-ET-dp2] 141/384 games (4487/h, eta 3m)
  [s3-no_r-ET-dp2] 142/384 games (4501/h, eta 3m)
  [s3-no_r-ET-dp2] 143/384 games (4497/h, eta 3m)
  [s3-no_r-ET-dp2] 144/384 games (4525/h, eta 3m)
  [s3-no_r-ET-dp2] 145/384 games (4487/h, eta 3m)
  [s3-no_r-ET-dp2] 146/384 games (4505/h, eta 3m)
  [s3-no_r-ET-dp2] 147/384 games (4504/h, eta 3m)
  [s3-no_r-ET-dp2] 148/384 games (4493/h, eta 3m)
  [s3-no_r-ET-dp2] 149/384 games (4497/h, eta 3m)
  [s3-no_r-ET-dp2] 150/384 games (4515/h, eta 3m)
  [s3-no_r-ET-dp2] 151/384 games (4537/h, eta 3m)
  [s3-no_r-ET-dp2] 152/384 games (4527/h, eta 3m)
  [s3-no_r-ET-dp2] 153/384 games (4490/h, eta 3m)
  [s3-no_r-ET-dp2] 154/384 games (4507/h, eta 3m)
  [s3-no_r-ET-dp2] 155/384 games (4520/h, eta 3m)
  [s3-no_r-ET-dp2] 156/384 games (4515/h, eta 3m)
  [s3-no_r-ET-dp2] 157/384 games (4530/h, eta 3m)
  [s3-no_r-ET-dp2] 158/384 games (4555/h, eta 3m)
  [s3-no_r-ET-dp2] 159/384 games (4579/h, eta 3m)
  [s3-no_r-ET-dp2] 160/384 games (4577/h, eta 3m)
  [s3-no_r-ET-dp2] 161/384 games (4538/h, eta 3m)
  [s3-no_r-ET-dp2] 162/384 games (4546/h, eta 3m)
  [s3-no_r-ET-dp2] 163/384 games (4562/h, eta 3m)
  [s3-no_r-ET-dp2] 164/384 games (4557/h, eta 3m)
  [s3-no_r-ET-dp2] 165/384 games (4566/h, eta 3m)
  [s3-no_r-ET-dp2] 166/384 games (4585/h, eta 3m)
  [s3-no_r-ET-dp2] 167/384 games (4584/h, eta 3m)
  [s3-no_r-ET-dp2] 168/384 games (4558/h, eta 3m)
  [s3-no_r-ET-dp2] 169/384 games (4568/h, eta 3m)
  [s3-no_r-ET-dp2] 170/384 games (4588/h, eta 3m)
  [s3-no_r-ET-dp2] 171/384 games (4596/h, eta 3m)
  [s3-no_r-ET-dp2] 172/384 games (4620/h, eta 3m)
  [s3-no_r-ET-dp2] 173/384 games (4635/h, eta 3m)
  [s3-no_r-ET-dp2] 174/384 games (4658/h, eta 3m)
  [s3-no_r-ET-dp2] 175/384 games (4681/h, eta 3m)
  [s3-no_r-ET-dp2] 176/384 games (4700/h, eta 3m)
  [s3-no_r-ET-dp2] 177/384 games (4685/h, eta 3m)
  [s3-no_r-ET-dp2] 178/384 games (4700/h, eta 3m)
  [s3-no_r-ET-dp2] 179/384 games (4593/h, eta 3m)
  [s3-no_r-ET-dp2] 180/384 games (4612/h, eta 3m)
  [s3-no_r-ET-dp2] 181/384 games (4629/h, eta 3m)
  [s3-no_r-ET-dp2] 182/384 games (4652/h, eta 3m)
  [s3-no_r-ET-dp2] 183/384 games (4603/h, eta 3m)
  [s3-no_r-ET-dp2] 184/384 games (4588/h, eta 3m)
  [s3-no_r-ET-dp2] 185/384 games (4604/h, eta 3m)
  [s3-no_r-ET-dp2] 186/384 games (4618/h, eta 3m)
  [s3-no_r-ET-dp2] 187/384 games (4638/h, eta 3m)
  [s3-no_r-ET-dp2] 188/384 games (4662/h, eta 3m)
  [s3-no_r-ET-dp2] 189/384 games (4667/h, eta 3m)
  [s3-no_r-ET-dp2] 190/384 games (4660/h, eta 2m)
  [s3-no_r-ET-dp2] 191/384 games (4670/h, eta 2m)
  [s3-no_r-ET-dp2] 192/384 games (4647/h, eta 2m)
  [s3-no_r-ET-dp2] 193/384 games (4554/h, eta 3m)
  [s3-no_r-ET-dp2] 194/384 games (4451/h, eta 3m)
  [s3-no_r-ET-dp2] 195/384 games (4432/h, eta 3m)
  [s3-no_r-ET-dp2] 196/384 games (4455/h, eta 3m)
  [s3-no_r-ET-dp2] 197/384 games (4473/h, eta 3m)
  [s3-no_r-ET-dp2] 198/384 games (4486/h, eta 2m)
  [s3-no_r-ET-dp2] 199/384 games (4502/h, eta 2m)
  [s3-no_r-ET-dp2] 200/384 games (4510/h, eta 2m)
  [s3-no_r-ET-dp2] 201/384 games (4520/h, eta 2m)
  [s3-no_r-ET-dp2] 202/384 games (4541/h, eta 2m)
  [s3-no_r-ET-dp2] 203/384 games (4559/h, eta 2m)
  [s3-no_r-ET-dp2] 204/384 games (4577/h, eta 2m)
  [s3-no_r-ET-dp2] 205/384 games (4575/h, eta 2m)
  [s3-no_r-ET-dp2] 206/384 games (4587/h, eta 2m)
  [s3-no_r-ET-dp2] 207/384 games (4597/h, eta 2m)
  [s3-no_r-ET-dp2] 208/384 games (4537/h, eta 2m)
  [s3-no_r-ET-dp2] 209/384 games (4548/h, eta 2m)
  [s3-no_r-ET-dp2] 210/384 games (4557/h, eta 2m)
  [s3-no_r-ET-dp2] 211/384 games (4572/h, eta 2m)
  [s3-no_r-ET-dp2] 212/384 games (4586/h, eta 2m)
  [s3-no_r-ET-dp2] 213/384 games (4595/h, eta 2m)
  [s3-no_r-ET-dp2] 214/384 games (4593/h, eta 2m)
  [s3-no_r-ET-dp2] 215/384 games (4614/h, eta 2m)
  [s3-no_r-ET-dp2] 216/384 games (4615/h, eta 2m)
  [s3-no_r-ET-dp2] 217/384 games (4625/h, eta 2m)
  [s3-no_r-ET-dp2] 218/384 games (4646/h, eta 2m)
  [s3-no_r-ET-dp2] 219/384 games (4633/h, eta 2m)
  [s3-no_r-ET-dp2] 220/384 games (4643/h, eta 2m)
  [s3-no_r-ET-dp2] 221/384 games (4660/h, eta 2m)
  [s3-no_r-ET-dp2] 222/384 games (4660/h, eta 2m)
  [s3-no_r-ET-dp2] 223/384 games (4677/h, eta 2m)
  [s3-no_r-ET-dp2] 224/384 games (4685/h, eta 2m)
  [s3-no_r-ET-dp2] 225/384 games (4693/h, eta 2m)
  [s3-no_r-ET-dp2] 226/384 games (4702/h, eta 2m)
  [s3-no_r-ET-dp2] 227/384 games (4699/h, eta 2m)
  [s3-no_r-ET-dp2] 228/384 games (4603/h, eta 2m)
  [s3-no_r-ET-dp2] 229/384 games (4603/h, eta 2m)
  [s3-no_r-ET-dp2] 230/384 games (4611/h, eta 2m)
  [s3-no_r-ET-dp2] 231/384 games (4618/h, eta 2m)
  [s3-no_r-ET-dp2] 232/384 games (4630/h, eta 2m)
  [s3-no_r-ET-dp2] 233/384 games (4635/h, eta 2m)
  [s3-no_r-ET-dp2] 234/384 games (4647/h, eta 2m)
  [s3-no_r-ET-dp2] 235/384 games (4640/h, eta 2m)
  [s3-no_r-ET-dp2] 236/384 games (4637/h, eta 2m)
  [s3-no_r-ET-dp2] 237/384 games (4639/h, eta 2m)
  [s3-no_r-ET-dp2] 238/384 games (4627/h, eta 2m)
  [s3-no_r-ET-dp2] 239/384 games (4636/h, eta 2m)
  [s3-no_r-ET-dp2] 240/384 games (4626/h, eta 2m)
  [s3-no_r-ET-dp2] 241/384 games (4605/h, eta 2m)
  [s3-no_r-ET-dp2] 242/384 games (4620/h, eta 2m)
  [s3-no_r-ET-dp2] 243/384 games (4622/h, eta 2m)
  [s3-no_r-ET-dp2] 244/384 games (4620/h, eta 2m)
  [s3-no_r-ET-dp2] 245/384 games (4601/h, eta 2m)
  [s3-no_r-ET-dp2] 246/384 games (4618/h, eta 2m)
  [s3-no_r-ET-dp2] 247/384 games (4604/h, eta 2m)
  [s3-no_r-ET-dp2] 248/384 games (4615/h, eta 2m)
  [s3-no_r-ET-dp2] 249/384 games (4626/h, eta 2m)
  [s3-no_r-ET-dp2] 250/384 games (4550/h, eta 2m)
  [s3-no_r-ET-dp2] 251/384 games (4552/h, eta 2m)
  [s3-no_r-ET-dp2] 252/384 games (4529/h, eta 2m)
  [s3-no_r-ET-dp2] 253/384 games (4542/h, eta 2m)
  [s3-no_r-ET-dp2] 254/384 games (4551/h, eta 2m)
  [s3-no_r-ET-dp2] 255/384 games (4554/h, eta 2m)
  [s3-no_r-ET-dp2] 256/384 games (4546/h, eta 2m)
  [s3-no_r-ET-dp2] 257/384 games (4550/h, eta 2m)
  [s3-no_r-ET-dp2] 258/384 games (4564/h, eta 2m)
  [s3-no_r-ET-dp2] 259/384 games (4566/h, eta 2m)
  [s3-no_r-ET-dp2] 260/384 games (4572/h, eta 2m)
  [s3-no_r-ET-dp2] 261/384 games (4582/h, eta 2m)
  [s3-no_r-ET-dp2] 262/384 games (4589/h, eta 2m)
  [s3-no_r-ET-dp2] 263/384 games (4594/h, eta 2m)
  [s3-no_r-ET-dp2] 264/384 games (4588/h, eta 2m)
  [s3-no_r-ET-dp2] 265/384 games (4591/h, eta 2m)
  [s3-no_r-ET-dp2] 266/384 games (4592/h, eta 2m)
  [s3-no_r-ET-dp2] 267/384 games (4585/h, eta 2m)
  [s3-no_r-ET-dp2] 268/384 games (4597/h, eta 2m)
  [s3-no_r-ET-dp2] 269/384 games (4605/h, eta 1m)
  [s3-no_r-ET-dp2] 270/384 games (4613/h, eta 1m)
  [s3-no_r-ET-dp2] 271/384 games (4624/h, eta 1m)
  [s3-no_r-ET-dp2] 272/384 games (4640/h, eta 1m)
  [s3-no_r-ET-dp2] 273/384 games (4616/h, eta 1m)
  [s3-no_r-ET-dp2] 274/384 games (4621/h, eta 1m)
  [s3-no_r-ET-dp2] 275/384 games (4610/h, eta 1m)
  [s3-no_r-ET-dp2] 276/384 games (4610/h, eta 1m)
  [s3-no_r-ET-dp2] 277/384 games (4619/h, eta 1m)
  [s3-no_r-ET-dp2] 278/384 games (4629/h, eta 1m)
  [s3-no_r-ET-dp2] 279/384 games (4619/h, eta 1m)
  [s3-no_r-ET-dp2] 280/384 games (4624/h, eta 1m)
  [s3-no_r-ET-dp2] 281/384 games (4617/h, eta 1m)
  [s3-no_r-ET-dp2] 282/384 games (4588/h, eta 1m)
  [s3-no_r-ET-dp2] 283/384 games (4573/h, eta 1m)
  [s3-no_r-ET-dp2] 284/384 games (4589/h, eta 1m)
  [s3-no_r-ET-dp2] 285/384 games (4582/h, eta 1m)
  [s3-no_r-ET-dp2] 286/384 games (4594/h, eta 1m)
  [s3-no_r-ET-dp2] 287/384 games (4610/h, eta 1m)
  [s3-no_r-ET-dp2] 288/384 games (4623/h, eta 1m)
  [s3-no_r-ET-dp2] 289/384 games (4594/h, eta 1m)
  [s3-no_r-ET-dp2] 290/384 games (4583/h, eta 1m)
  [s3-no_r-ET-dp2] 291/384 games (4589/h, eta 1m)
  [s3-no_r-ET-dp2] 292/384 games (4603/h, eta 1m)
  [s3-no_r-ET-dp2] 293/384 games (4570/h, eta 1m)
  [s3-no_r-ET-dp2] 294/384 games (4582/h, eta 1m)
  [s3-no_r-ET-dp2] 295/384 games (4587/h, eta 1m)
  [s3-no_r-ET-dp2] 296/384 games (4596/h, eta 1m)
  [s3-no_r-ET-dp2] 297/384 games (4598/h, eta 1m)
  [s3-no_r-ET-dp2] 298/384 games (4580/h, eta 1m)
  [s3-no_r-ET-dp2] 299/384 games (4585/h, eta 1m)
  [s3-no_r-ET-dp2] 300/384 games (4598/h, eta 1m)
  [s3-no_r-ET-dp2] 301/384 games (4595/h, eta 1m)
  [s3-no_r-ET-dp2] 302/384 games (4608/h, eta 1m)
  [s3-no_r-ET-dp2] 303/384 games (4621/h, eta 1m)
  [s3-no_r-ET-dp2] 304/384 games (4626/h, eta 1m)
  [s3-no_r-ET-dp2] 305/384 games (4612/h, eta 1m)
  [s3-no_r-ET-dp2] 306/384 games (4619/h, eta 1m)
  [s3-no_r-ET-dp2] 307/384 games (4634/h, eta 1m)
  [s3-no_r-ET-dp2] 308/384 games (4644/h, eta 1m)
  [s3-no_r-ET-dp2] 309/384 games (4642/h, eta 1m)
  [s3-no_r-ET-dp2] 310/384 games (4640/h, eta 1m)
  [s3-no_r-ET-dp2] 311/384 games (4652/h, eta 1m)
  [s3-no_r-ET-dp2] 312/384 games (4665/h, eta 1m)
  [s3-no_r-ET-dp2] 313/384 games (4678/h, eta 1m)
  [s3-no_r-ET-dp2] 314/384 games (4674/h, eta 1m)
  [s3-no_r-ET-dp2] 315/384 games (4650/h, eta 1m)
  [s3-no_r-ET-dp2] 316/384 games (4648/h, eta 1m)
  [s3-no_r-ET-dp2] 317/384 games (4640/h, eta 1m)
  [s3-no_r-ET-dp2] 318/384 games (4644/h, eta 1m)
  [s3-no_r-ET-dp2] 319/384 games (4641/h, eta 1m)
  [s3-no_r-ET-dp2] 320/384 games (4647/h, eta 1m)
  [s3-no_r-ET-dp2] 321/384 games (4658/h, eta 1m)
  [s3-no_r-ET-dp2] 322/384 games (4671/h, eta 1m)
  [s3-no_r-ET-dp2] 323/384 games (4683/h, eta 1m)
  [s3-no_r-ET-dp2] 324/384 games (4689/h, eta 1m)
  [s3-no_r-ET-dp2] 325/384 games (4700/h, eta 1m)
  [s3-no_r-ET-dp2] 326/384 games (4704/h, eta 1m)
  [s3-no_r-ET-dp2] 327/384 games (4712/h, eta 1m)
  [s3-no_r-ET-dp2] 328/384 games (4710/h, eta 1m)
  [s3-no_r-ET-dp2] 329/384 games (4719/h, eta 1m)
  [s3-no_r-ET-dp2] 330/384 games (4723/h, eta 1m)
  [s3-no_r-ET-dp2] 331/384 games (4719/h, eta 1m)
  [s3-no_r-ET-dp2] 332/384 games (4727/h, eta 1m)
  [s3-no_r-ET-dp2] 333/384 games (4725/h, eta 1m)
  [s3-no_r-ET-dp2] 334/384 games (4724/h, eta 1m)
  [s3-no_r-ET-dp2] 335/384 games (4735/h, eta 1m)
  [s3-no_r-ET-dp2] 336/384 games (4705/h, eta 1m)
  [s3-no_r-ET-dp2] 337/384 games (4710/h, eta 1m)
  [s3-no_r-ET-dp2] 338/384 games (4709/h, eta 1m)
  [s3-no_r-ET-dp2] 339/384 games (4717/h, eta 1m)
  [s3-no_r-ET-dp2] 340/384 games (4727/h, eta 1m)
  [s3-no_r-ET-dp2] 341/384 games (4734/h, eta 1m)
  [s3-no_r-ET-dp2] 342/384 games (4649/h, eta 1m)
  [s3-no_r-ET-dp2] 343/384 games (4625/h, eta 1m)
  [s3-no_r-ET-dp2] 344/384 games (4630/h, eta 1m)
  [s3-no_r-ET-dp2] 345/384 games (4628/h, eta 1m)
  [s3-no_r-ET-dp2] 346/384 games (4640/h, eta 0m)
  [s3-no_r-ET-dp2] 347/384 games (4645/h, eta 0m)
  [s3-no_r-ET-dp2] 348/384 games (4652/h, eta 0m)
  [s3-no_r-ET-dp2] 349/384 games (4640/h, eta 0m)
  [s3-no_r-ET-dp2] 350/384 games (4601/h, eta 0m)
  [s3-no_r-ET-dp2] 351/384 games (4611/h, eta 0m)
  [s3-no_r-ET-dp2] 352/384 games (4620/h, eta 0m)
  [s3-no_r-ET-dp2] 353/384 games (4627/h, eta 0m)
  [s3-no_r-ET-dp2] 354/384 games (4638/h, eta 0m)
  [s3-no_r-ET-dp2] 355/384 games (4637/h, eta 0m)
  [s3-no_r-ET-dp2] 356/384 games (4637/h, eta 0m)
  [s3-no_r-ET-dp2] 357/384 games (4644/h, eta 0m)
  [s3-no_r-ET-dp2] 358/384 games (4629/h, eta 0m)
  [s3-no_r-ET-dp2] 359/384 games (4627/h, eta 0m)
  [s3-no_r-ET-dp2] 360/384 games (4627/h, eta 0m)
  [s3-no_r-ET-dp2] 361/384 games (4631/h, eta 0m)
  [s3-no_r-ET-dp2] 362/384 games (4624/h, eta 0m)
  [s3-no_r-ET-dp2] 363/384 games (4617/h, eta 0m)
  [s3-no_r-ET-dp2] 364/384 games (4628/h, eta 0m)
  [s3-no_r-ET-dp2] 365/384 games (4637/h, eta 0m)
  [s3-no_r-ET-dp2] 366/384 games (4641/h, eta 0m)
  [s3-no_r-ET-dp2] 367/384 games (4637/h, eta 0m)
  [s3-no_r-ET-dp2] 368/384 games (4648/h, eta 0m)
  [s3-no_r-ET-dp2] 369/384 games (4633/h, eta 0m)
  [s3-no_r-ET-dp2] 370/384 games (4642/h, eta 0m)
  [s3-no_r-ET-dp2] 371/384 games (4650/h, eta 0m)
  [s3-no_r-ET-dp2] 372/384 games (4654/h, eta 0m)
  [s3-no_r-ET-dp2] 373/384 games (4659/h, eta 0m)
  [s3-no_r-ET-dp2] 374/384 games (4668/h, eta 0m)
  [s3-no_r-ET-dp2] 375/384 games (4674/h, eta 0m)
  [s3-no_r-ET-dp2] 376/384 games (4685/h, eta 0m)
  [s3-no_r-ET-dp2] 377/384 games (4694/h, eta 0m)
  [s3-no_r-ET-dp2] 378/384 games (4702/h, eta 0m)
  [s3-no_r-ET-dp2] 379/384 games (4705/h, eta 0m)
  [s3-no_r-ET-dp2] 380/384 games (4666/h, eta 0m)
  [s3-no_r-ET-dp2] 381/384 games (4653/h, eta 0m)
  [s3-no_r-ET-dp2] 382/384 games (4657/h, eta 0m)
  [s3-no_r-ET-dp2] 383/384 games (4578/h, eta 0m)
  [s3-no_r-ET-dp2] 384/384 games (4559/h, eta 0m)
== s3-no_r-ET-nc2-dp2 -> experiments/results/perturbation/s3-no_r-ET-nc2-dp2.jsonl
  [s3-no_r-ET-nc2-dp2] 1/384 games (1100/h, eta 21m)
  [s3-no_r-ET-nc2-dp2] 2/384 games (1362/h, eta 17m)
  [s3-no_r-ET-nc2-dp2] 3/384 games (1764/h, eta 13m)
  [s3-no_r-ET-nc2-dp2] 4/384 games (1453/h, eta 16m)
  [s3-no_r-ET-nc2-dp2] 5/384 games (1761/h, eta 13m)
  [s3-no_r-ET-nc2-dp2] 6/384 games (2092/h, eta 11m)
  [s3-no_r-ET-nc2-dp2] 7/384 games (2418/h, eta 9m)
  [s3-no_r-ET-nc2-dp2] 8/384 games (2680/h, eta 8m)
  [s3-no_r-ET-nc2-dp2] 9/384 games (2913/h, eta 8m)
  [s3-no_r-ET-nc2-dp2] 10/384 games (2641/h, eta 8m)
  [s3-no_r-ET-nc2-dp2] 11/384 games (2781/h, eta 8m)
  [s3-no_r-ET-nc2-dp2] 12/384 games (2803/h, eta 8m)
  [s3-no_r-ET-nc2-dp2] 13/384 games (2840/h, eta 8m)
  [s3-no_r-ET-nc2-dp2] 14/384 games (3018/h, eta 7m)
  [s3-no_r-ET-nc2-dp2] 15/384 games (2997/h, eta 7m)
  [s3-no_r-ET-nc2-dp2] 16/384 games (3098/h, eta 7m)
  [s3-no_r-ET-nc2-dp2] 17/384 games (2755/h, eta 8m)
  [s3-no_r-ET-nc2-dp2] 18/384 games (2906/h, eta 8m)
  [s3-no_r-ET-nc2-dp2] 19/384 games (3051/h, eta 7m)
  [s3-no_r-ET-nc2-dp2] 20/384 games (3072/h, eta 7m)
  [s3-no_r-ET-nc2-dp2] 21/384 games (3103/h, eta 7m)
  [s3-no_r-ET-nc2-dp2] 22/384 games (3235/h, eta 7m)
  [s3-no_r-ET-nc2-dp2] 23/384 games (3352/h, eta 6m)
  [s3-no_r-ET-nc2-dp2] 24/384 games (3094/h, eta 7m)
  [s3-no_r-ET-nc2-dp2] 25/384 games (3194/h, eta 7m)
  [s3-no_r-ET-nc2-dp2] 26/384 games (3019/h, eta 7m)
  [s3-no_r-ET-nc2-dp2] 27/384 games (3114/h, eta 7m)
  [s3-no_r-ET-nc2-dp2] 28/384 games (3202/h, eta 7m)
  [s3-no_r-ET-nc2-dp2] 29/384 games (3284/h, eta 6m)
  [s3-no_r-ET-nc2-dp2] 30/384 games (3386/h, eta 6m)
  [s3-no_r-ET-nc2-dp2] 31/384 games (3463/h, eta 6m)
  [s3-no_r-ET-nc2-dp2] 32/384 games (3541/h, eta 6m)
  [s3-no_r-ET-nc2-dp2] 33/384 games (3532/h, eta 6m)
  [s3-no_r-ET-nc2-dp2] 34/384 games (3413/h, eta 6m)
  [s3-no_r-ET-nc2-dp2] 35/384 games (3400/h, eta 6m)
  [s3-no_r-ET-nc2-dp2] 36/384 games (3437/h, eta 6m)
  [s3-no_r-ET-nc2-dp2] 37/384 games (3192/h, eta 7m)
  [s3-no_r-ET-nc2-dp2] 38/384 games (3256/h, eta 6m)
  [s3-no_r-ET-nc2-dp2] 39/384 games (3266/h, eta 6m)
  [s3-no_r-ET-nc2-dp2] 40/384 games (3162/h, eta 7m)
  [s3-no_r-ET-nc2-dp2] 41/384 games (3209/h, eta 6m)
  [s3-no_r-ET-nc2-dp2] 42/384 games (3273/h, eta 6m)
  [s3-no_r-ET-nc2-dp2] 43/384 games (3170/h, eta 6m)
  [s3-no_r-ET-nc2-dp2] 44/384 games (3225/h, eta 6m)
  [s3-no_r-ET-nc2-dp2] 45/384 games (3274/h, eta 6m)
  [s3-no_r-ET-nc2-dp2] 46/384 games (3225/h, eta 6m)
  [s3-no_r-ET-nc2-dp2] 47/384 games (3279/h, eta 6m)
  [s3-no_r-ET-nc2-dp2] 48/384 games (3337/h, eta 6m)
  [s3-no_r-ET-nc2-dp2] 49/384 games (3377/h, eta 6m)
  [s3-no_r-ET-nc2-dp2] 50/384 games (3440/h, eta 6m)
  [s3-no_r-ET-nc2-dp2] 51/384 games (3502/h, eta 6m)
  [s3-no_r-ET-nc2-dp2] 52/384 games (3415/h, eta 6m)
  [s3-no_r-ET-nc2-dp2] 53/384 games (3472/h, eta 6m)
  [s3-no_r-ET-nc2-dp2] 54/384 games (3477/h, eta 6m)
  [s3-no_r-ET-nc2-dp2] 55/384 games (3453/h, eta 6m)
  [s3-no_r-ET-nc2-dp2] 56/384 games (3485/h, eta 6m)
  [s3-no_r-ET-nc2-dp2] 57/384 games (3536/h, eta 6m)
  [s3-no_r-ET-nc2-dp2] 58/384 games (3532/h, eta 6m)
  [s3-no_r-ET-nc2-dp2] 59/384 games (3574/h, eta 5m)
  [s3-no_r-ET-nc2-dp2] 60/384 games (3627/h, eta 5m)
  [s3-no_r-ET-nc2-dp2] 61/384 games (3677/h, eta 5m)
  [s3-no_r-ET-nc2-dp2] 62/384 games (3723/h, eta 5m)
  [s3-no_r-ET-nc2-dp2] 63/384 games (3766/h, eta 5m)
  [s3-no_r-ET-nc2-dp2] 64/384 games (3787/h, eta 5m)
  [s3-no_r-ET-nc2-dp2] 65/384 games (3767/h, eta 5m)
  [s3-no_r-ET-nc2-dp2] 66/384 games (3820/h, eta 5m)
  [s3-no_r-ET-nc2-dp2] 67/384 games (3813/h, eta 5m)
  [s3-no_r-ET-nc2-dp2] 68/384 games (3819/h, eta 5m)
  [s3-no_r-ET-nc2-dp2] 69/384 games (3852/h, eta 5m)
  [s3-no_r-ET-nc2-dp2] 70/384 games (3816/h, eta 5m)
  [s3-no_r-ET-nc2-dp2] 71/384 games (3839/h, eta 5m)
  [s3-no_r-ET-nc2-dp2] 72/384 games (3881/h, eta 5m)
  [s3-no_r-ET-nc2-dp2] 73/384 games (3863/h, eta 5m)
  [s3-no_r-ET-nc2-dp2] 74/384 games (3883/h, eta 5m)
  [s3-no_r-ET-nc2-dp2] 75/384 games (3860/h, eta 5m)
  [s3-no_r-ET-nc2-dp2] 76/384 games (3846/h, eta 5m)
  [s3-no_r-ET-nc2-dp2] 77/384 games (3839/h, eta 5m)
  [s3-no_r-ET-nc2-dp2] 78/384 games (3860/h, eta 5m)
  [s3-no_r-ET-nc2-dp2] 79/384 games (3878/h, eta 5m)
  [s3-no_r-ET-nc2-dp2] 80/384 games (3886/h, eta 5m)
  [s3-no_r-ET-nc2-dp2] 81/384 games (3914/h, eta 5m)
  [s3-no_r-ET-nc2-dp2] 82/384 games (3785/h, eta 5m)
  [s3-no_r-ET-nc2-dp2] 83/384 games (3822/h, eta 5m)
  [s3-no_r-ET-nc2-dp2] 84/384 games (3772/h, eta 5m)
  [s3-no_r-ET-nc2-dp2] 85/384 games (3772/h, eta 5m)
  [s3-no_r-ET-nc2-dp2] 86/384 games (3748/h, eta 5m)
  [s3-no_r-ET-nc2-dp2] 87/384 games (3776/h, eta 5m)
  [s3-no_r-ET-nc2-dp2] 88/384 games (3803/h, eta 5m)
  [s3-no_r-ET-nc2-dp2] 89/384 games (3844/h, eta 5m)
  [s3-no_r-ET-nc2-dp2] 90/384 games (3848/h, eta 5m)
  [s3-no_r-ET-nc2-dp2] 91/384 games (3861/h, eta 5m)
  [s3-no_r-ET-nc2-dp2] 92/384 games (3729/h, eta 5m)
  [s3-no_r-ET-nc2-dp2] 93/384 games (3759/h, eta 5m)
  [s3-no_r-ET-nc2-dp2] 94/384 games (3705/h, eta 5m)
  [s3-no_r-ET-nc2-dp2] 95/384 games (3718/h, eta 5m)
  [s3-no_r-ET-nc2-dp2] 96/384 games (3722/h, eta 5m)
  [s3-no_r-ET-nc2-dp2] 97/384 games (3734/h, eta 5m)
  [s3-no_r-ET-nc2-dp2] 98/384 games (3743/h, eta 5m)
  [s3-no_r-ET-nc2-dp2] 99/384 games (3730/h, eta 5m)
  [s3-no_r-ET-nc2-dp2] 100/384 games (3724/h, eta 5m)
  [s3-no_r-ET-nc2-dp2] 101/384 games (3728/h, eta 5m)
  [s3-no_r-ET-nc2-dp2] 102/384 games (3760/h, eta 4m)
  [s3-no_r-ET-nc2-dp2] 103/384 games (3664/h, eta 5m)
  [s3-no_r-ET-nc2-dp2] 104/384 games (3699/h, eta 5m)
  [s3-no_r-ET-nc2-dp2] 105/384 games (3722/h, eta 4m)
  [s3-no_r-ET-nc2-dp2] 106/384 games (3734/h, eta 4m)
  [s3-no_r-ET-nc2-dp2] 107/384 games (3742/h, eta 4m)
  [s3-no_r-ET-nc2-dp2] 108/384 games (3649/h, eta 5m)
  [s3-no_r-ET-nc2-dp2] 109/384 games (3673/h, eta 4m)
  [s3-no_r-ET-nc2-dp2] 110/384 games (3701/h, eta 4m)
  [s3-no_r-ET-nc2-dp2] 111/384 games (3715/h, eta 4m)
  [s3-no_r-ET-nc2-dp2] 112/384 games (3665/h, eta 4m)
  [s3-no_r-ET-nc2-dp2] 113/384 games (3654/h, eta 4m)
  [s3-no_r-ET-nc2-dp2] 114/384 games (3684/h, eta 4m)
  [s3-no_r-ET-nc2-dp2] 115/384 games (3713/h, eta 4m)
  [s3-no_r-ET-nc2-dp2] 116/384 games (3689/h, eta 4m)
  [s3-no_r-ET-nc2-dp2] 117/384 games (3657/h, eta 4m)
  [s3-no_r-ET-nc2-dp2] 118/384 games (3685/h, eta 4m)
  [s3-no_r-ET-nc2-dp2] 119/384 games (3671/h, eta 4m)
  [s3-no_r-ET-nc2-dp2] 120/384 games (3693/h, eta 4m)
  [s3-no_r-ET-nc2-dp2] 121/384 games (3712/h, eta 4m)
  [s3-no_r-ET-nc2-dp2] 122/384 games (3697/h, eta 4m)
  [s3-no_r-ET-nc2-dp2] 123/384 games (3713/h, eta 4m)
  [s3-no_r-ET-nc2-dp2] 124/384 games (3679/h, eta 4m)
  [s3-no_r-ET-nc2-dp2] 125/384 games (3708/h, eta 4m)
  [s3-no_r-ET-nc2-dp2] 126/384 games (3722/h, eta 4m)
  [s3-no_r-ET-nc2-dp2] 127/384 games (3743/h, eta 4m)
  [s3-no_r-ET-nc2-dp2] 128/384 games (3706/h, eta 4m)
  [s3-no_r-ET-nc2-dp2] 129/384 games (3708/h, eta 4m)
  [s3-no_r-ET-nc2-dp2] 130/384 games (3709/h, eta 4m)
  [s3-no_r-ET-nc2-dp2] 131/384 games (3724/h, eta 4m)
  [s3-no_r-ET-nc2-dp2] 132/384 games (3734/h, eta 4m)
  [s3-no_r-ET-nc2-dp2] 133/384 games (3745/h, eta 4m)
  [s3-no_r-ET-nc2-dp2] 134/384 games (3770/h, eta 4m)
  [s3-no_r-ET-nc2-dp2] 135/384 games (3631/h, eta 4m)
  [s3-no_r-ET-nc2-dp2] 136/384 games (3538/h, eta 4m)
  [s3-no_r-ET-nc2-dp2] 137/384 games (3556/h, eta 4m)
  [s3-no_r-ET-nc2-dp2] 138/384 games (3578/h, eta 4m)
  [s3-no_r-ET-nc2-dp2] 139/384 games (3585/h, eta 4m)
  [s3-no_r-ET-nc2-dp2] 140/384 games (3603/h, eta 4m)
  [s3-no_r-ET-nc2-dp2] 141/384 games (3621/h, eta 4m)
  [s3-no_r-ET-nc2-dp2] 142/384 games (3620/h, eta 4m)
  [s3-no_r-ET-nc2-dp2] 143/384 games (3543/h, eta 4m)
  [s3-no_r-ET-nc2-dp2] 144/384 games (3543/h, eta 4m)
  [s3-no_r-ET-nc2-dp2] 145/384 games (3560/h, eta 4m)
  [s3-no_r-ET-nc2-dp2] 146/384 games (3553/h, eta 4m)
  [s3-no_r-ET-nc2-dp2] 147/384 games (3536/h, eta 4m)
  [s3-no_r-ET-nc2-dp2] 148/384 games (3542/h, eta 4m)
  [s3-no_r-ET-nc2-dp2] 149/384 games (3512/h, eta 4m)
  [s3-no_r-ET-nc2-dp2] 150/384 games (3531/h, eta 4m)
  [s3-no_r-ET-nc2-dp2] 151/384 games (3494/h, eta 4m)
  [s3-no_r-ET-nc2-dp2] 152/384 games (3515/h, eta 4m)
  [s3-no_r-ET-nc2-dp2] 153/384 games (3535/h, eta 4m)
  [s3-no_r-ET-nc2-dp2] 154/384 games (3545/h, eta 4m)
  [s3-no_r-ET-nc2-dp2] 155/384 games (3561/h, eta 4m)
  [s3-no_r-ET-nc2-dp2] 156/384 games (3565/h, eta 4m)
  [s3-no_r-ET-nc2-dp2] 157/384 games (3558/h, eta 4m)
  [s3-no_r-ET-nc2-dp2] 158/384 games (3574/h, eta 4m)
  [s3-no_r-ET-nc2-dp2] 159/384 games (3507/h, eta 4m)
  [s3-no_r-ET-nc2-dp2] 160/384 games (3521/h, eta 4m)
  [s3-no_r-ET-nc2-dp2] 161/384 games (3535/h, eta 4m)
  [s3-no_r-ET-nc2-dp2] 162/384 games (3512/h, eta 4m)
  [s3-no_r-ET-nc2-dp2] 163/384 games (3505/h, eta 4m)
  [s3-no_r-ET-nc2-dp2] 164/384 games (3506/h, eta 4m)
  [s3-no_r-ET-nc2-dp2] 165/384 games (3517/h, eta 4m)
  [s3-no_r-ET-nc2-dp2] 166/384 games (3528/h, eta 4m)
  [s3-no_r-ET-nc2-dp2] 167/384 games (3519/h, eta 4m)
  [s3-no_r-ET-nc2-dp2] 168/384 games (3527/h, eta 4m)
  [s3-no_r-ET-nc2-dp2] 169/384 games (3530/h, eta 4m)
  [s3-no_r-ET-nc2-dp2] 170/384 games (3540/h, eta 4m)
  [s3-no_r-ET-nc2-dp2] 171/384 games (3534/h, eta 4m)
  [s3-no_r-ET-nc2-dp2] 172/384 games (3547/h, eta 4m)
  [s3-no_r-ET-nc2-dp2] 173/384 games (3555/h, eta 4m)
  [s3-no_r-ET-nc2-dp2] 174/384 games (3566/h, eta 4m)
  [s3-no_r-ET-nc2-dp2] 175/384 games (3547/h, eta 4m)
  [s3-no_r-ET-nc2-dp2] 176/384 games (3566/h, eta 4m)
  [s3-no_r-ET-nc2-dp2] 177/384 games (3564/h, eta 3m)
  [s3-no_r-ET-nc2-dp2] 178/384 games (3574/h, eta 3m)
  [s3-no_r-ET-nc2-dp2] 179/384 games (3562/h, eta 3m)
  [s3-no_r-ET-nc2-dp2] 180/384 games (3574/h, eta 3m)
  [s3-no_r-ET-nc2-dp2] 181/384 games (3513/h, eta 3m)
  [s3-no_r-ET-nc2-dp2] 182/384 games (3531/h, eta 3m)
  [s3-no_r-ET-nc2-dp2] 183/384 games (3546/h, eta 3m)
  [s3-no_r-ET-nc2-dp2] 184/384 games (3565/h, eta 3m)
  [s3-no_r-ET-nc2-dp2] 185/384 games (3565/h, eta 3m)
  [s3-no_r-ET-nc2-dp2] 186/384 games (3572/h, eta 3m)
  [s3-no_r-ET-nc2-dp2] 187/384 games (3520/h, eta 3m)
  [s3-no_r-ET-nc2-dp2] 188/384 games (3539/h, eta 3m)
  [s3-no_r-ET-nc2-dp2] 189/384 games (3557/h, eta 3m)
  [s3-no_r-ET-nc2-dp2] 190/384 games (3575/h, eta 3m)
  [s3-no_r-ET-nc2-dp2] 191/384 games (3580/h, eta 3m)
  [s3-no_r-ET-nc2-dp2] 192/384 games (3577/h, eta 3m)
  [s3-no_r-ET-nc2-dp2] 193/384 games (3590/h, eta 3m)
  [s3-no_r-ET-nc2-dp2] 194/384 games (3595/h, eta 3m)
  [s3-no_r-ET-nc2-dp2] 195/384 games (3604/h, eta 3m)
  [s3-no_r-ET-nc2-dp2] 196/384 games (3620/h, eta 3m)
  [s3-no_r-ET-nc2-dp2] 197/384 games (3606/h, eta 3m)
  [s3-no_r-ET-nc2-dp2] 198/384 games (3598/h, eta 3m)
  [s3-no_r-ET-nc2-dp2] 199/384 games (3595/h, eta 3m)
  [s3-no_r-ET-nc2-dp2] 200/384 games (3611/h, eta 3m)
  [s3-no_r-ET-nc2-dp2] 201/384 games (3616/h, eta 3m)
  [s3-no_r-ET-nc2-dp2] 202/384 games (3623/h, eta 3m)
  [s3-no_r-ET-nc2-dp2] 203/384 games (3629/h, eta 3m)
  [s3-no_r-ET-nc2-dp2] 204/384 games (3628/h, eta 3m)
  [s3-no_r-ET-nc2-dp2] 205/384 games (3581/h, eta 3m)
  [s3-no_r-ET-nc2-dp2] 206/384 games (3580/h, eta 3m)
  [s3-no_r-ET-nc2-dp2] 207/384 games (3583/h, eta 3m)
  [s3-no_r-ET-nc2-dp2] 208/384 games (3565/h, eta 3m)
  [s3-no_r-ET-nc2-dp2] 209/384 games (3580/h, eta 3m)
  [s3-no_r-ET-nc2-dp2] 210/384 games (3590/h, eta 3m)
  [s3-no_r-ET-nc2-dp2] 211/384 games (3606/h, eta 3m)
  [s3-no_r-ET-nc2-dp2] 212/384 games (3582/h, eta 3m)
  [s3-no_r-ET-nc2-dp2] 213/384 games (3595/h, eta 3m)
  [s3-no_r-ET-nc2-dp2] 214/384 games (3607/h, eta 3m)
  [s3-no_r-ET-nc2-dp2] 215/384 games (3604/h, eta 3m)
  [s3-no_r-ET-nc2-dp2] 216/384 games (3620/h, eta 3m)
  [s3-no_r-ET-nc2-dp2] 217/384 games (3623/h, eta 3m)
  [s3-no_r-ET-nc2-dp2] 218/384 games (3633/h, eta 3m)
  [s3-no_r-ET-nc2-dp2] 219/384 games (3648/h, eta 3m)
  [s3-no_r-ET-nc2-dp2] 220/384 games (3665/h, eta 3m)
  [s3-no_r-ET-nc2-dp2] 221/384 games (3657/h, eta 3m)
  [s3-no_r-ET-nc2-dp2] 222/384 games (3615/h, eta 3m)
  [s3-no_r-ET-nc2-dp2] 223/384 games (3628/h, eta 3m)
  [s3-no_r-ET-nc2-dp2] 224/384 games (3643/h, eta 3m)
  [s3-no_r-ET-nc2-dp2] 225/384 games (3655/h, eta 3m)
  [s3-no_r-ET-nc2-dp2] 226/384 games (3630/h, eta 3m)
  [s3-no_r-ET-nc2-dp2] 227/384 games (3620/h, eta 3m)
  [s3-no_r-ET-nc2-dp2] 228/384 games (3632/h, eta 3m)
  [s3-no_r-ET-nc2-dp2] 229/384 games (3646/h, eta 3m)
  [s3-no_r-ET-nc2-dp2] 230/384 games (3657/h, eta 3m)
  [s3-no_r-ET-nc2-dp2] 231/384 games (3664/h, eta 3m)
  [s3-no_r-ET-nc2-dp2] 232/384 games (3666/h, eta 2m)
  [s3-no_r-ET-nc2-dp2] 233/384 games (3667/h, eta 2m)
  [s3-no_r-ET-nc2-dp2] 234/384 games (3674/h, eta 2m)
  [s3-no_r-ET-nc2-dp2] 235/384 games (3666/h, eta 2m)
  [s3-no_r-ET-nc2-dp2] 236/384 games (3663/h, eta 2m)
  [s3-no_r-ET-nc2-dp2] 237/384 games (3645/h, eta 2m)
  [s3-no_r-ET-nc2-dp2] 238/384 games (3637/h, eta 2m)
  [s3-no_r-ET-nc2-dp2] 239/384 games (3637/h, eta 2m)
  [s3-no_r-ET-nc2-dp2] 240/384 games (3644/h, eta 2m)
  [s3-no_r-ET-nc2-dp2] 241/384 games (3645/h, eta 2m)
  [s3-no_r-ET-nc2-dp2] 242/384 games (3643/h, eta 2m)
  [s3-no_r-ET-nc2-dp2] 243/384 games (3657/h, eta 2m)
  [s3-no_r-ET-nc2-dp2] 244/384 games (3665/h, eta 2m)
  [s3-no_r-ET-nc2-dp2] 245/384 games (3677/h, eta 2m)
  [s3-no_r-ET-nc2-dp2] 246/384 games (3690/h, eta 2m)
  [s3-no_r-ET-nc2-dp2] 247/384 games (3688/h, eta 2m)
  [s3-no_r-ET-nc2-dp2] 248/384 games (3699/h, eta 2m)
  [s3-no_r-ET-nc2-dp2] 249/384 games (3704/h, eta 2m)
  [s3-no_r-ET-nc2-dp2] 250/384 games (3710/h, eta 2m)
  [s3-no_r-ET-nc2-dp2] 251/384 games (3724/h, eta 2m)
  [s3-no_r-ET-nc2-dp2] 252/384 games (3679/h, eta 2m)
  [s3-no_r-ET-nc2-dp2] 253/384 games (3683/h, eta 2m)
  [s3-no_r-ET-nc2-dp2] 254/384 games (3679/h, eta 2m)
  [s3-no_r-ET-nc2-dp2] 255/384 games (3632/h, eta 2m)
  [s3-no_r-ET-nc2-dp2] 256/384 games (3631/h, eta 2m)
  [s3-no_r-ET-nc2-dp2] 257/384 games (3634/h, eta 2m)
  [s3-no_r-ET-nc2-dp2] 258/384 games (3634/h, eta 2m)
  [s3-no_r-ET-nc2-dp2] 259/384 games (3648/h, eta 2m)
  [s3-no_r-ET-nc2-dp2] 260/384 games (3659/h, eta 2m)
  [s3-no_r-ET-nc2-dp2] 261/384 games (3642/h, eta 2m)
  [s3-no_r-ET-nc2-dp2] 262/384 games (3638/h, eta 2m)
  [s3-no_r-ET-nc2-dp2] 263/384 games (3646/h, eta 2m)
  [s3-no_r-ET-nc2-dp2] 264/384 games (3656/h, eta 2m)
  [s3-no_r-ET-nc2-dp2] 265/384 games (3651/h, eta 2m)
  [s3-no_r-ET-nc2-dp2] 266/384 games (3654/h, eta 2m)
  [s3-no_r-ET-nc2-dp2] 267/384 games (3665/h, eta 2m)
  [s3-no_r-ET-nc2-dp2] 268/384 games (3676/h, eta 2m)
  [s3-no_r-ET-nc2-dp2] 269/384 games (3670/h, eta 2m)
  [s3-no_r-ET-nc2-dp2] 270/384 games (3672/h, eta 2m)
  [s3-no_r-ET-nc2-dp2] 271/384 games (3674/h, eta 2m)
  [s3-no_r-ET-nc2-dp2] 272/384 games (3670/h, eta 2m)
  [s3-no_r-ET-nc2-dp2] 273/384 games (3668/h, eta 2m)
  [s3-no_r-ET-nc2-dp2] 274/384 games (3674/h, eta 2m)
  [s3-no_r-ET-nc2-dp2] 275/384 games (3686/h, eta 2m)
  [s3-no_r-ET-nc2-dp2] 276/384 games (3685/h, eta 2m)
  [s3-no_r-ET-nc2-dp2] 277/384 games (3682/h, eta 2m)
  [s3-no_r-ET-nc2-dp2] 278/384 games (3684/h, eta 2m)
  [s3-no_r-ET-nc2-dp2] 279/384 games (3678/h, eta 2m)
  [s3-no_r-ET-nc2-dp2] 280/384 games (3683/h, eta 2m)
  [s3-no_r-ET-nc2-dp2] 281/384 games (3690/h, eta 2m)
  [s3-no_r-ET-nc2-dp2] 282/384 games (3682/h, eta 2m)
  [s3-no_r-ET-nc2-dp2] 283/384 games (3694/h, eta 2m)
  [s3-no_r-ET-nc2-dp2] 284/384 games (3705/h, eta 2m)
  [s3-no_r-ET-nc2-dp2] 285/384 games (3687/h, eta 2m)
  [s3-no_r-ET-nc2-dp2] 286/384 games (3688/h, eta 2m)
  [s3-no_r-ET-nc2-dp2] 287/384 games (3648/h, eta 2m)
  [s3-no_r-ET-nc2-dp2] 288/384 games (3646/h, eta 2m)
  [s3-no_r-ET-nc2-dp2] 289/384 games (3644/h, eta 2m)
  [s3-no_r-ET-nc2-dp2] 290/384 games (3571/h, eta 2m)
  [s3-no_r-ET-nc2-dp2] 291/384 games (3579/h, eta 2m)
  [s3-no_r-ET-nc2-dp2] 292/384 games (3589/h, eta 2m)
  [s3-no_r-ET-nc2-dp2] 293/384 games (3594/h, eta 2m)
  [s3-no_r-ET-nc2-dp2] 294/384 games (3603/h, eta 1m)
  [s3-no_r-ET-nc2-dp2] 295/384 games (3606/h, eta 1m)
  [s3-no_r-ET-nc2-dp2] 296/384 games (3609/h, eta 1m)
  [s3-no_r-ET-nc2-dp2] 297/384 games (3608/h, eta 1m)
  [s3-no_r-ET-nc2-dp2] 298/384 games (3618/h, eta 1m)
  [s3-no_r-ET-nc2-dp2] 299/384 games (3626/h, eta 1m)
  [s3-no_r-ET-nc2-dp2] 300/384 games (3633/h, eta 1m)
  [s3-no_r-ET-nc2-dp2] 301/384 games (3642/h, eta 1m)
  [s3-no_r-ET-nc2-dp2] 302/384 games (3628/h, eta 1m)
  [s3-no_r-ET-nc2-dp2] 303/384 games (3635/h, eta 1m)
  [s3-no_r-ET-nc2-dp2] 304/384 games (3646/h, eta 1m)
  [s3-no_r-ET-nc2-dp2] 305/384 games (3650/h, eta 1m)
  [s3-no_r-ET-nc2-dp2] 306/384 games (3660/h, eta 1m)
  [s3-no_r-ET-nc2-dp2] 307/384 games (3659/h, eta 1m)
  [s3-no_r-ET-nc2-dp2] 308/384 games (3650/h, eta 1m)
  [s3-no_r-ET-nc2-dp2] 309/384 games (3647/h, eta 1m)
  [s3-no_r-ET-nc2-dp2] 310/384 games (3656/h, eta 1m)
  [s3-no_r-ET-nc2-dp2] 311/384 games (3640/h, eta 1m)
  [s3-no_r-ET-nc2-dp2] 312/384 games (3650/h, eta 1m)
  [s3-no_r-ET-nc2-dp2] 313/384 games (3649/h, eta 1m)
  [s3-no_r-ET-nc2-dp2] 314/384 games (3655/h, eta 1m)
  [s3-no_r-ET-nc2-dp2] 315/384 games (3632/h, eta 1m)
  [s3-no_r-ET-nc2-dp2] 316/384 games (3641/h, eta 1m)
  [s3-no_r-ET-nc2-dp2] 317/384 games (3641/h, eta 1m)
  [s3-no_r-ET-nc2-dp2] 318/384 games (3642/h, eta 1m)
  [s3-no_r-ET-nc2-dp2] 319/384 games (3637/h, eta 1m)
  [s3-no_r-ET-nc2-dp2] 320/384 games (3640/h, eta 1m)
  [s3-no_r-ET-nc2-dp2] 321/384 games (3650/h, eta 1m)
  [s3-no_r-ET-nc2-dp2] 322/384 games (3655/h, eta 1m)
  [s3-no_r-ET-nc2-dp2] 323/384 games (3653/h, eta 1m)
  [s3-no_r-ET-nc2-dp2] 324/384 games (3662/h, eta 1m)
  [s3-no_r-ET-nc2-dp2] 325/384 games (3649/h, eta 1m)
  [s3-no_r-ET-nc2-dp2] 326/384 games (3648/h, eta 1m)
  [s3-no_r-ET-nc2-dp2] 327/384 games (3653/h, eta 1m)
  [s3-no_r-ET-nc2-dp2] 328/384 games (3656/h, eta 1m)
  [s3-no_r-ET-nc2-dp2] 329/384 games (3667/h, eta 1m)
  [s3-no_r-ET-nc2-dp2] 330/384 games (3670/h, eta 1m)
  [s3-no_r-ET-nc2-dp2] 331/384 games (3665/h, eta 1m)
  [s3-no_r-ET-nc2-dp2] 332/384 games (3675/h, eta 1m)
  [s3-no_r-ET-nc2-dp2] 333/384 games (3660/h, eta 1m)
  [s3-no_r-ET-nc2-dp2] 334/384 games (3664/h, eta 1m)
  [s3-no_r-ET-nc2-dp2] 335/384 games (3669/h, eta 1m)
  [s3-no_r-ET-nc2-dp2] 336/384 games (3671/h, eta 1m)
  [s3-no_r-ET-nc2-dp2] 337/384 games (3677/h, eta 1m)
  [s3-no_r-ET-nc2-dp2] 338/384 games (3683/h, eta 1m)
  [s3-no_r-ET-nc2-dp2] 339/384 games (3657/h, eta 1m)
  [s3-no_r-ET-nc2-dp2] 340/384 games (3650/h, eta 1m)
  [s3-no_r-ET-nc2-dp2] 341/384 games (3655/h, eta 1m)
  [s3-no_r-ET-nc2-dp2] 342/384 games (3657/h, eta 1m)
  [s3-no_r-ET-nc2-dp2] 343/384 games (3621/h, eta 1m)
  [s3-no_r-ET-nc2-dp2] 344/384 games (3626/h, eta 1m)
  [s3-no_r-ET-nc2-dp2] 345/384 games (3637/h, eta 1m)
  [s3-no_r-ET-nc2-dp2] 346/384 games (3637/h, eta 1m)
  [s3-no_r-ET-nc2-dp2] 347/384 games (3642/h, eta 1m)
  [s3-no_r-ET-nc2-dp2] 348/384 games (3652/h, eta 1m)
  [s3-no_r-ET-nc2-dp2] 349/384 games (3662/h, eta 1m)
  [s3-no_r-ET-nc2-dp2] 350/384 games (3665/h, eta 1m)
  [s3-no_r-ET-nc2-dp2] 351/384 games (3656/h, eta 1m)
  [s3-no_r-ET-nc2-dp2] 352/384 games (3663/h, eta 1m)
  [s3-no_r-ET-nc2-dp2] 353/384 games (3672/h, eta 1m)
  [s3-no_r-ET-nc2-dp2] 354/384 games (3681/h, eta 0m)
  [s3-no_r-ET-nc2-dp2] 355/384 games (3659/h, eta 0m)
  [s3-no_r-ET-nc2-dp2] 356/384 games (3650/h, eta 0m)
  [s3-no_r-ET-nc2-dp2] 357/384 games (3658/h, eta 0m)
  [s3-no_r-ET-nc2-dp2] 358/384 games (3645/h, eta 0m)
  [s3-no_r-ET-nc2-dp2] 359/384 games (3645/h, eta 0m)
  [s3-no_r-ET-nc2-dp2] 360/384 games (3648/h, eta 0m)
  [s3-no_r-ET-nc2-dp2] 361/384 games (3651/h, eta 0m)
  [s3-no_r-ET-nc2-dp2] 362/384 games (3643/h, eta 0m)
  [s3-no_r-ET-nc2-dp2] 363/384 games (3637/h, eta 0m)
  [s3-no_r-ET-nc2-dp2] 364/384 games (3630/h, eta 0m)
  [s3-no_r-ET-nc2-dp2] 365/384 games (3635/h, eta 0m)
  [s3-no_r-ET-nc2-dp2] 366/384 games (3615/h, eta 0m)
  [s3-no_r-ET-nc2-dp2] 367/384 games (3606/h, eta 0m)
  [s3-no_r-ET-nc2-dp2] 368/384 games (3610/h, eta 0m)
  [s3-no_r-ET-nc2-dp2] 369/384 games (3617/h, eta 0m)
  [s3-no_r-ET-nc2-dp2] 370/384 games (3616/h, eta 0m)
  [s3-no_r-ET-nc2-dp2] 371/384 games (3625/h, eta 0m)
  [s3-no_r-ET-nc2-dp2] 372/384 games (3618/h, eta 0m)
  [s3-no_r-ET-nc2-dp2] 373/384 games (3626/h, eta 0m)
  [s3-no_r-ET-nc2-dp2] 374/384 games (3630/h, eta 0m)
  [s3-no_r-ET-nc2-dp2] 375/384 games (3634/h, eta 0m)
  [s3-no_r-ET-nc2-dp2] 376/384 games (3631/h, eta 0m)
  [s3-no_r-ET-nc2-dp2] 377/384 games (3639/h, eta 0m)
  [s3-no_r-ET-nc2-dp2] 378/384 games (3648/h, eta 0m)
  [s3-no_r-ET-nc2-dp2] 379/384 games (3656/h, eta 0m)
  [s3-no_r-ET-nc2-dp2] 380/384 games (3644/h, eta 0m)
  [s3-no_r-ET-nc2-dp2] 381/384 games (3646/h, eta 0m)
  [s3-no_r-ET-nc2-dp2] 382/384 games (3650/h, eta 0m)
  [s3-no_r-ET-nc2-dp2] 383/384 games (3652/h, eta 0m)
  [s3-no_r-ET-nc2-dp2] 384/384 games (3616/h, eta 0m)
== s3-no_rr-ET-nc2 -> experiments/results/perturbation/s3-no_rr-ET-nc2.jsonl
  [s3-no_rr-ET-nc2] 1/384 games (709/h, eta 32m)
  [s3-no_rr-ET-nc2] 2/384 games (1082/h, eta 21m)
  [s3-no_rr-ET-nc2] 3/384 games (1565/h, eta 15m)
  [s3-no_rr-ET-nc2] 4/384 games (1737/h, eta 13m)
  [s3-no_rr-ET-nc2] 5/384 games (1880/h, eta 12m)
  [s3-no_rr-ET-nc2] 6/384 games (1848/h, eta 12m)
  [s3-no_rr-ET-nc2] 7/384 games (2063/h, eta 11m)
  [s3-no_rr-ET-nc2] 8/384 games (2306/h, eta 10m)
  [s3-no_rr-ET-nc2] 9/384 games (2516/h, eta 9m)
  [s3-no_rr-ET-nc2] 10/384 games (2593/h, eta 9m)
  [s3-no_rr-ET-nc2] 11/384 games (2671/h, eta 8m)
  [s3-no_rr-ET-nc2] 12/384 games (2877/h, eta 8m)
  [s3-no_rr-ET-nc2] 13/384 games (3055/h, eta 7m)
  [s3-no_rr-ET-nc2] 14/384 games (3156/h, eta 7m)
  [s3-no_rr-ET-nc2] 15/384 games (2975/h, eta 7m)
  [s3-no_rr-ET-nc2] 16/384 games (3131/h, eta 7m)
  [s3-no_rr-ET-nc2] 17/384 games (3297/h, eta 7m)
  [s3-no_rr-ET-nc2] 18/384 games (3455/h, eta 6m)
  [s3-no_rr-ET-nc2] 19/384 games (3465/h, eta 6m)
  [s3-no_rr-ET-nc2] 20/384 games (3638/h, eta 6m)
  [s3-no_rr-ET-nc2] 21/384 games (3799/h, eta 6m)
  [s3-no_rr-ET-nc2] 22/384 games (3735/h, eta 6m)
  [s3-no_rr-ET-nc2] 23/384 games (3813/h, eta 6m)
  [s3-no_rr-ET-nc2] 24/384 games (3977/h, eta 5m)
  [s3-no_rr-ET-nc2] 25/384 games (4048/h, eta 5m)
  [s3-no_rr-ET-nc2] 26/384 games (4161/h, eta 5m)
  [s3-no_rr-ET-nc2] 27/384 games (4108/h, eta 5m)
  [s3-no_rr-ET-nc2] 28/384 games (4233/h, eta 5m)
  [s3-no_rr-ET-nc2] 29/384 games (4230/h, eta 5m)
  [s3-no_rr-ET-nc2] 30/384 games (4366/h, eta 5m)
  [s3-no_rr-ET-nc2] 31/384 games (4319/h, eta 5m)
  [s3-no_rr-ET-nc2] 32/384 games (4384/h, eta 5m)
  [s3-no_rr-ET-nc2] 33/384 games (4451/h, eta 5m)
  [s3-no_rr-ET-nc2] 34/384 games (4452/h, eta 5m)
  [s3-no_rr-ET-nc2] 35/384 games (4538/h, eta 5m)
  [s3-no_rr-ET-nc2] 36/384 games (4383/h, eta 5m)
  [s3-no_rr-ET-nc2] 37/384 games (4470/h, eta 5m)
  [s3-no_rr-ET-nc2] 38/384 games (4337/h, eta 5m)
  [s3-no_rr-ET-nc2] 39/384 games (4353/h, eta 5m)
  [s3-no_rr-ET-nc2] 40/384 games (4345/h, eta 5m)
  [s3-no_rr-ET-nc2] 41/384 games (4378/h, eta 5m)
  [s3-no_rr-ET-nc2] 42/384 games (4401/h, eta 5m)
  [s3-no_rr-ET-nc2] 43/384 games (4505/h, eta 5m)
  [s3-no_rr-ET-nc2] 44/384 games (4565/h, eta 4m)
  [s3-no_rr-ET-nc2] 45/384 games (4665/h, eta 4m)
  [s3-no_rr-ET-nc2] 46/384 games (4678/h, eta 4m)
  [s3-no_rr-ET-nc2] 47/384 games (4638/h, eta 4m)
  [s3-no_rr-ET-nc2] 48/384 games (4577/h, eta 4m)
  [s3-no_rr-ET-nc2] 49/384 games (4543/h, eta 4m)
  [s3-no_rr-ET-nc2] 50/384 games (4594/h, eta 4m)
  [s3-no_rr-ET-nc2] 51/384 games (4494/h, eta 4m)
  [s3-no_rr-ET-nc2] 52/384 games (4472/h, eta 4m)
  [s3-no_rr-ET-nc2] 53/384 games (4534/h, eta 4m)
  [s3-no_rr-ET-nc2] 54/384 games (4616/h, eta 4m)
  [s3-no_rr-ET-nc2] 55/384 games (4652/h, eta 4m)
  [s3-no_rr-ET-nc2] 56/384 games (4706/h, eta 4m)
  [s3-no_rr-ET-nc2] 57/384 games (4651/h, eta 4m)
  [s3-no_rr-ET-nc2] 58/384 games (4648/h, eta 4m)
  [s3-no_rr-ET-nc2] 59/384 games (4686/h, eta 4m)
  [s3-no_rr-ET-nc2] 60/384 games (4584/h, eta 4m)
  [s3-no_rr-ET-nc2] 61/384 games (4531/h, eta 4m)
  [s3-no_rr-ET-nc2] 62/384 games (4566/h, eta 4m)
  [s3-no_rr-ET-nc2] 63/384 games (4570/h, eta 4m)
  [s3-no_rr-ET-nc2] 64/384 games (4628/h, eta 4m)
  [s3-no_rr-ET-nc2] 65/384 games (4694/h, eta 4m)
  [s3-no_rr-ET-nc2] 66/384 games (4709/h, eta 4m)
  [s3-no_rr-ET-nc2] 67/384 games (4780/h, eta 4m)
  [s3-no_rr-ET-nc2] 68/384 games (4744/h, eta 4m)
  [s3-no_rr-ET-nc2] 69/384 games (4796/h, eta 4m)
  [s3-no_rr-ET-nc2] 70/384 games (4865/h, eta 4m)
  [s3-no_rr-ET-nc2] 71/384 games (4827/h, eta 4m)
  [s3-no_rr-ET-nc2] 72/384 games (4746/h, eta 4m)
  [s3-no_rr-ET-nc2] 73/384 games (4707/h, eta 4m)
  [s3-no_rr-ET-nc2] 74/384 games (4765/h, eta 4m)
  [s3-no_rr-ET-nc2] 75/384 games (4789/h, eta 4m)
  [s3-no_rr-ET-nc2] 76/384 games (4664/h, eta 4m)
  [s3-no_rr-ET-nc2] 77/384 games (4713/h, eta 4m)
  [s3-no_rr-ET-nc2] 78/384 games (4631/h, eta 4m)
  [s3-no_rr-ET-nc2] 79/384 games (4415/h, eta 4m)
  [s3-no_rr-ET-nc2] 80/384 games (4453/h, eta 4m)
  [s3-no_rr-ET-nc2] 81/384 games (4473/h, eta 4m)
  [s3-no_rr-ET-nc2] 82/384 games (4520/h, eta 4m)
  [s3-no_rr-ET-nc2] 83/384 games (4476/h, eta 4m)
  [s3-no_rr-ET-nc2] 84/384 games (4526/h, eta 4m)
  [s3-no_rr-ET-nc2] 85/384 games (4530/h, eta 4m)
  [s3-no_rr-ET-nc2] 86/384 games (4575/h, eta 4m)
  [s3-no_rr-ET-nc2] 87/384 games (4626/h, eta 4m)
  [s3-no_rr-ET-nc2] 88/384 games (4657/h, eta 4m)
  [s3-no_rr-ET-nc2] 89/384 games (4601/h, eta 4m)
  [s3-no_rr-ET-nc2] 90/384 games (4637/h, eta 4m)
  [s3-no_rr-ET-nc2] 91/384 games (4653/h, eta 4m)
  [s3-no_rr-ET-nc2] 92/384 games (4686/h, eta 4m)
  [s3-no_rr-ET-nc2] 93/384 games (4716/h, eta 4m)
  [s3-no_rr-ET-nc2] 94/384 games (4765/h, eta 4m)
  [s3-no_rr-ET-nc2] 95/384 games (4658/h, eta 4m)
  [s3-no_rr-ET-nc2] 96/384 games (4601/h, eta 4m)
  [s3-no_rr-ET-nc2] 97/384 games (4634/h, eta 4m)
  [s3-no_rr-ET-nc2] 98/384 games (4671/h, eta 4m)
  [s3-no_rr-ET-nc2] 99/384 games (4708/h, eta 4m)
  [s3-no_rr-ET-nc2] 100/384 games (4716/h, eta 4m)
  [s3-no_rr-ET-nc2] 101/384 games (4734/h, eta 4m)
  [s3-no_rr-ET-nc2] 102/384 games (4706/h, eta 4m)
  [s3-no_rr-ET-nc2] 103/384 games (4733/h, eta 4m)
  [s3-no_rr-ET-nc2] 104/384 games (4763/h, eta 4m)
  [s3-no_rr-ET-nc2] 105/384 games (4767/h, eta 4m)
  [s3-no_rr-ET-nc2] 106/384 games (4805/h, eta 3m)
  [s3-no_rr-ET-nc2] 107/384 games (4834/h, eta 3m)
  [s3-no_rr-ET-nc2] 108/384 games (4837/h, eta 3m)
  [s3-no_rr-ET-nc2] 109/384 games (4790/h, eta 3m)
  [s3-no_rr-ET-nc2] 110/384 games (4817/h, eta 3m)
  [s3-no_rr-ET-nc2] 111/384 games (4804/h, eta 3m)
  [s3-no_rr-ET-nc2] 112/384 games (4781/h, eta 3m)
  [s3-no_rr-ET-nc2] 113/384 games (4792/h, eta 3m)
  [s3-no_rr-ET-nc2] 114/384 games (4795/h, eta 3m)
  [s3-no_rr-ET-nc2] 115/384 games (4827/h, eta 3m)
  [s3-no_rr-ET-nc2] 116/384 games (4815/h, eta 3m)
  [s3-no_rr-ET-nc2] 117/384 games (4845/h, eta 3m)
  [s3-no_rr-ET-nc2] 118/384 games (4876/h, eta 3m)
  [s3-no_rr-ET-nc2] 119/384 games (4912/h, eta 3m)
  [s3-no_rr-ET-nc2] 120/384 games (4944/h, eta 3m)
  [s3-no_rr-ET-nc2] 121/384 games (4980/h, eta 3m)
  [s3-no_rr-ET-nc2] 122/384 games (4991/h, eta 3m)
  [s3-no_rr-ET-nc2] 123/384 games (5005/h, eta 3m)
  [s3-no_rr-ET-nc2] 124/384 games (5008/h, eta 3m)
  [s3-no_rr-ET-nc2] 125/384 games (5048/h, eta 3m)
  [s3-no_rr-ET-nc2] 126/384 games (5066/h, eta 3m)
  [s3-no_rr-ET-nc2] 127/384 games (5049/h, eta 3m)
  [s3-no_rr-ET-nc2] 128/384 games (4987/h, eta 3m)
  [s3-no_rr-ET-nc2] 129/384 games (5024/h, eta 3m)
  [s3-no_rr-ET-nc2] 130/384 games (5059/h, eta 3m)
  [s3-no_rr-ET-nc2] 131/384 games (5030/h, eta 3m)
  [s3-no_rr-ET-nc2] 132/384 games (5061/h, eta 3m)
  [s3-no_rr-ET-nc2] 133/384 games (5049/h, eta 3m)
  [s3-no_rr-ET-nc2] 134/384 games (5046/h, eta 3m)
  [s3-no_rr-ET-nc2] 135/384 games (5012/h, eta 3m)
  [s3-no_rr-ET-nc2] 136/384 games (5002/h, eta 3m)
  [s3-no_rr-ET-nc2] 137/384 games (4966/h, eta 3m)
  [s3-no_rr-ET-nc2] 138/384 games (4977/h, eta 3m)
  [s3-no_rr-ET-nc2] 139/384 games (4980/h, eta 3m)
  [s3-no_rr-ET-nc2] 140/384 games (5012/h, eta 3m)
  [s3-no_rr-ET-nc2] 141/384 games (5038/h, eta 3m)
  [s3-no_rr-ET-nc2] 142/384 games (5003/h, eta 3m)
  [s3-no_rr-ET-nc2] 143/384 games (5028/h, eta 3m)
  [s3-no_rr-ET-nc2] 144/384 games (5044/h, eta 3m)
  [s3-no_rr-ET-nc2] 145/384 games (5051/h, eta 3m)
  [s3-no_rr-ET-nc2] 146/384 games (5084/h, eta 3m)
  [s3-no_rr-ET-nc2] 147/384 games (5086/h, eta 3m)
  [s3-no_rr-ET-nc2] 148/384 games (5044/h, eta 3m)
  [s3-no_rr-ET-nc2] 149/384 games (5067/h, eta 3m)
  [s3-no_rr-ET-nc2] 150/384 games (5066/h, eta 3m)
  [s3-no_rr-ET-nc2] 151/384 games (5097/h, eta 3m)
  [s3-no_rr-ET-nc2] 152/384 games (5098/h, eta 3m)
  [s3-no_rr-ET-nc2] 153/384 games (5056/h, eta 3m)
  [s3-no_rr-ET-nc2] 154/384 games (5087/h, eta 3m)
  [s3-no_rr-ET-nc2] 155/384 games (5116/h, eta 3m)
  [s3-no_rr-ET-nc2] 156/384 games (5107/h, eta 3m)
  [s3-no_rr-ET-nc2] 157/384 games (5126/h, eta 3m)
  [s3-no_rr-ET-nc2] 158/384 games (5153/h, eta 3m)
  [s3-no_rr-ET-nc2] 159/384 games (5157/h, eta 3m)
  [s3-no_rr-ET-nc2] 160/384 games (5165/h, eta 3m)
  [s3-no_rr-ET-nc2] 161/384 games (5147/h, eta 3m)
  [s3-no_rr-ET-nc2] 162/384 games (5144/h, eta 3m)
  [s3-no_rr-ET-nc2] 163/384 games (5146/h, eta 3m)
  [s3-no_rr-ET-nc2] 164/384 games (5163/h, eta 3m)
  [s3-no_rr-ET-nc2] 165/384 games (5174/h, eta 3m)
  [s3-no_rr-ET-nc2] 166/384 games (5165/h, eta 3m)
  [s3-no_rr-ET-nc2] 167/384 games (5143/h, eta 3m)
  [s3-no_rr-ET-nc2] 168/384 games (5138/h, eta 3m)
  [s3-no_rr-ET-nc2] 169/384 games (5150/h, eta 3m)
  [s3-no_rr-ET-nc2] 170/384 games (5116/h, eta 3m)
  [s3-no_rr-ET-nc2] 171/384 games (5145/h, eta 2m)
  [s3-no_rr-ET-nc2] 172/384 games (5168/h, eta 2m)
  [s3-no_rr-ET-nc2] 173/384 games (5186/h, eta 2m)
  [s3-no_rr-ET-nc2] 174/384 games (5198/h, eta 2m)
  [s3-no_rr-ET-nc2] 175/384 games (5171/h, eta 2m)
  [s3-no_rr-ET-nc2] 176/384 games (5132/h, eta 2m)
  [s3-no_rr-ET-nc2] 177/384 games (5129/h, eta 2m)
  [s3-no_rr-ET-nc2] 178/384 games (5078/h, eta 2m)
  [s3-no_rr-ET-nc2] 179/384 games (5096/h, eta 2m)
  [s3-no_rr-ET-nc2] 180/384 games (5113/h, eta 2m)
  [s3-no_rr-ET-nc2] 181/384 games (5135/h, eta 2m)
  [s3-no_rr-ET-nc2] 182/384 games (5125/h, eta 2m)
  [s3-no_rr-ET-nc2] 183/384 games (5148/h, eta 2m)
  [s3-no_rr-ET-nc2] 184/384 games (5087/h, eta 2m)
  [s3-no_rr-ET-nc2] 185/384 games (5110/h, eta 2m)
  [s3-no_rr-ET-nc2] 186/384 games (5124/h, eta 2m)
  [s3-no_rr-ET-nc2] 187/384 games (5128/h, eta 2m)
  [s3-no_rr-ET-nc2] 188/384 games (5094/h, eta 2m)
  [s3-no_rr-ET-nc2] 189/384 games (5103/h, eta 2m)
  [s3-no_rr-ET-nc2] 190/384 games (5064/h, eta 2m)
  [s3-no_rr-ET-nc2] 191/384 games (5066/h, eta 2m)
  [s3-no_rr-ET-nc2] 192/384 games (4997/h, eta 2m)
  [s3-no_rr-ET-nc2] 193/384 games (5016/h, eta 2m)
  [s3-no_rr-ET-nc2] 194/384 games (5041/h, eta 2m)
  [s3-no_rr-ET-nc2] 195/384 games (5044/h, eta 2m)
  [s3-no_rr-ET-nc2] 196/384 games (5044/h, eta 2m)
  [s3-no_rr-ET-nc2] 197/384 games (5028/h, eta 2m)
  [s3-no_rr-ET-nc2] 198/384 games (5047/h, eta 2m)
  [s3-no_rr-ET-nc2] 199/384 games (5043/h, eta 2m)
  [s3-no_rr-ET-nc2] 200/384 games (5056/h, eta 2m)
  [s3-no_rr-ET-nc2] 201/384 games (5037/h, eta 2m)
  [s3-no_rr-ET-nc2] 202/384 games (4958/h, eta 2m)
  [s3-no_rr-ET-nc2] 203/384 games (4945/h, eta 2m)
  [s3-no_rr-ET-nc2] 204/384 games (4946/h, eta 2m)
  [s3-no_rr-ET-nc2] 205/384 games (4961/h, eta 2m)
  [s3-no_rr-ET-nc2] 206/384 games (4953/h, eta 2m)
  [s3-no_rr-ET-nc2] 207/384 games (4966/h, eta 2m)
  [s3-no_rr-ET-nc2] 208/384 games (4987/h, eta 2m)
  [s3-no_rr-ET-nc2] 209/384 games (4978/h, eta 2m)
  [s3-no_rr-ET-nc2] 210/384 games (4991/h, eta 2m)
  [s3-no_rr-ET-nc2] 211/384 games (4994/h, eta 2m)
  [s3-no_rr-ET-nc2] 212/384 games (4958/h, eta 2m)
  [s3-no_rr-ET-nc2] 213/384 games (4970/h, eta 2m)
  [s3-no_rr-ET-nc2] 214/384 games (4993/h, eta 2m)
  [s3-no_rr-ET-nc2] 215/384 games (4990/h, eta 2m)
  [s3-no_rr-ET-nc2] 216/384 games (4996/h, eta 2m)
  [s3-no_rr-ET-nc2] 217/384 games (5017/h, eta 2m)
  [s3-no_rr-ET-nc2] 218/384 games (4990/h, eta 2m)
  [s3-no_rr-ET-nc2] 219/384 games (5012/h, eta 2m)
  [s3-no_rr-ET-nc2] 220/384 games (5034/h, eta 2m)
  [s3-no_rr-ET-nc2] 221/384 games (5054/h, eta 2m)
  [s3-no_rr-ET-nc2] 222/384 games (4928/h, eta 2m)
  [s3-no_rr-ET-nc2] 223/384 games (4934/h, eta 2m)
  [s3-no_rr-ET-nc2] 224/384 games (4954/h, eta 2m)
  [s3-no_rr-ET-nc2] 225/384 games (4974/h, eta 2m)
  [s3-no_rr-ET-nc2] 226/384 games (4971/h, eta 2m)
  [s3-no_rr-ET-nc2] 227/384 games (4991/h, eta 2m)
  [s3-no_rr-ET-nc2] 228/384 games (5010/h, eta 2m)
  [s3-no_rr-ET-nc2] 229/384 games (5024/h, eta 2m)
  [s3-no_rr-ET-nc2] 230/384 games (5042/h, eta 2m)
  [s3-no_rr-ET-nc2] 231/384 games (5017/h, eta 2m)
  [s3-no_rr-ET-nc2] 232/384 games (5033/h, eta 2m)
  [s3-no_rr-ET-nc2] 233/384 games (5031/h, eta 2m)
  [s3-no_rr-ET-nc2] 234/384 games (5047/h, eta 2m)
  [s3-no_rr-ET-nc2] 235/384 games (5056/h, eta 2m)
  [s3-no_rr-ET-nc2] 236/384 games (5076/h, eta 2m)
  [s3-no_rr-ET-nc2] 237/384 games (4985/h, eta 2m)
  [s3-no_rr-ET-nc2] 238/384 games (4985/h, eta 2m)
  [s3-no_rr-ET-nc2] 239/384 games (4994/h, eta 2m)
  [s3-no_rr-ET-nc2] 240/384 games (5013/h, eta 2m)
  [s3-no_rr-ET-nc2] 241/384 games (5023/h, eta 2m)
  [s3-no_rr-ET-nc2] 242/384 games (5042/h, eta 2m)
  [s3-no_rr-ET-nc2] 243/384 games (5038/h, eta 2m)
  [s3-no_rr-ET-nc2] 244/384 games (5055/h, eta 2m)
  [s3-no_rr-ET-nc2] 245/384 games (5065/h, eta 2m)
  [s3-no_rr-ET-nc2] 246/384 games (5065/h, eta 2m)
  [s3-no_rr-ET-nc2] 247/384 games (5064/h, eta 2m)
  [s3-no_rr-ET-nc2] 248/384 games (5074/h, eta 2m)
  [s3-no_rr-ET-nc2] 249/384 games (5065/h, eta 2m)
  [s3-no_rr-ET-nc2] 250/384 games (5073/h, eta 2m)
  [s3-no_rr-ET-nc2] 251/384 games (5069/h, eta 2m)
  [s3-no_rr-ET-nc2] 252/384 games (5064/h, eta 2m)
  [s3-no_rr-ET-nc2] 253/384 games (5051/h, eta 2m)
  [s3-no_rr-ET-nc2] 254/384 games (5044/h, eta 2m)
  [s3-no_rr-ET-nc2] 255/384 games (5039/h, eta 2m)
  [s3-no_rr-ET-nc2] 256/384 games (5046/h, eta 2m)
  [s3-no_rr-ET-nc2] 257/384 games (5065/h, eta 2m)
  [s3-no_rr-ET-nc2] 258/384 games (5075/h, eta 1m)
  [s3-no_rr-ET-nc2] 259/384 games (5095/h, eta 1m)
  [s3-no_rr-ET-nc2] 260/384 games (5023/h, eta 1m)
  [s3-no_rr-ET-nc2] 261/384 games (5027/h, eta 1m)
  [s3-no_rr-ET-nc2] 262/384 games (5038/h, eta 1m)
  [s3-no_rr-ET-nc2] 263/384 games (5042/h, eta 1m)
  [s3-no_rr-ET-nc2] 264/384 games (5059/h, eta 1m)
  [s3-no_rr-ET-nc2] 265/384 games (5061/h, eta 1m)
  [s3-no_rr-ET-nc2] 266/384 games (5071/h, eta 1m)
  [s3-no_rr-ET-nc2] 267/384 games (5078/h, eta 1m)
  [s3-no_rr-ET-nc2] 268/384 games (5082/h, eta 1m)
  [s3-no_rr-ET-nc2] 269/384 games (5088/h, eta 1m)
  [s3-no_rr-ET-nc2] 270/384 games (5086/h, eta 1m)
  [s3-no_rr-ET-nc2] 271/384 games (5094/h, eta 1m)
  [s3-no_rr-ET-nc2] 272/384 games (5108/h, eta 1m)
  [s3-no_rr-ET-nc2] 273/384 games (5098/h, eta 1m)
  [s3-no_rr-ET-nc2] 274/384 games (5093/h, eta 1m)
  [s3-no_rr-ET-nc2] 275/384 games (5090/h, eta 1m)
  [s3-no_rr-ET-nc2] 276/384 games (5108/h, eta 1m)
  [s3-no_rr-ET-nc2] 277/384 games (5083/h, eta 1m)
  [s3-no_rr-ET-nc2] 278/384 games (5089/h, eta 1m)
  [s3-no_rr-ET-nc2] 279/384 games (5090/h, eta 1m)
  [s3-no_rr-ET-nc2] 280/384 games (5103/h, eta 1m)
  [s3-no_rr-ET-nc2] 281/384 games (5088/h, eta 1m)
  [s3-no_rr-ET-nc2] 282/384 games (5105/h, eta 1m)
  [s3-no_rr-ET-nc2] 283/384 games (5120/h, eta 1m)
  [s3-no_rr-ET-nc2] 284/384 games (5136/h, eta 1m)
  [s3-no_rr-ET-nc2] 285/384 games (5138/h, eta 1m)
  [s3-no_rr-ET-nc2] 286/384 games (5130/h, eta 1m)
  [s3-no_rr-ET-nc2] 287/384 games (5115/h, eta 1m)
  [s3-no_rr-ET-nc2] 288/384 games (5123/h, eta 1m)
  [s3-no_rr-ET-nc2] 289/384 games (5137/h, eta 1m)
  [s3-no_rr-ET-nc2] 290/384 games (5105/h, eta 1m)
  [s3-no_rr-ET-nc2] 291/384 games (5117/h, eta 1m)
  [s3-no_rr-ET-nc2] 292/384 games (5114/h, eta 1m)
  [s3-no_rr-ET-nc2] 293/384 games (5104/h, eta 1m)
  [s3-no_rr-ET-nc2] 294/384 games (5076/h, eta 1m)
  [s3-no_rr-ET-nc2] 295/384 games (5088/h, eta 1m)
  [s3-no_rr-ET-nc2] 296/384 games (5099/h, eta 1m)
  [s3-no_rr-ET-nc2] 297/384 games (5110/h, eta 1m)
  [s3-no_rr-ET-nc2] 298/384 games (5121/h, eta 1m)
  [s3-no_rr-ET-nc2] 299/384 games (5085/h, eta 1m)
  [s3-no_rr-ET-nc2] 300/384 games (5098/h, eta 1m)
  [s3-no_rr-ET-nc2] 301/384 games (5110/h, eta 1m)
  [s3-no_rr-ET-nc2] 302/384 games (5098/h, eta 1m)
  [s3-no_rr-ET-nc2] 303/384 games (5113/h, eta 1m)
  [s3-no_rr-ET-nc2] 304/384 games (5094/h, eta 1m)
  [s3-no_rr-ET-nc2] 305/384 games (5075/h, eta 1m)
  [s3-no_rr-ET-nc2] 306/384 games (5073/h, eta 1m)
  [s3-no_rr-ET-nc2] 307/384 games (5081/h, eta 1m)
  [s3-no_rr-ET-nc2] 308/384 games (5089/h, eta 1m)
  [s3-no_rr-ET-nc2] 309/384 games (5100/h, eta 1m)
  [s3-no_rr-ET-nc2] 310/384 games (5099/h, eta 1m)
  [s3-no_rr-ET-nc2] 311/384 games (5080/h, eta 1m)
  [s3-no_rr-ET-nc2] 312/384 games (5093/h, eta 1m)
  [s3-no_rr-ET-nc2] 313/384 games (5059/h, eta 1m)
  [s3-no_rr-ET-nc2] 314/384 games (5067/h, eta 1m)
  [s3-no_rr-ET-nc2] 315/384 games (5073/h, eta 1m)
  [s3-no_rr-ET-nc2] 316/384 games (5084/h, eta 1m)
  [s3-no_rr-ET-nc2] 317/384 games (5078/h, eta 1m)
  [s3-no_rr-ET-nc2] 318/384 games (5071/h, eta 1m)
  [s3-no_rr-ET-nc2] 319/384 games (5085/h, eta 1m)
  [s3-no_rr-ET-nc2] 320/384 games (5080/h, eta 1m)
  [s3-no_rr-ET-nc2] 321/384 games (5093/h, eta 1m)
  [s3-no_rr-ET-nc2] 322/384 games (5108/h, eta 1m)
  [s3-no_rr-ET-nc2] 323/384 games (5107/h, eta 1m)
  [s3-no_rr-ET-nc2] 324/384 games (5106/h, eta 1m)
  [s3-no_rr-ET-nc2] 325/384 games (5099/h, eta 1m)
  [s3-no_rr-ET-nc2] 326/384 games (5098/h, eta 1m)
  [s3-no_rr-ET-nc2] 327/384 games (5113/h, eta 1m)
  [s3-no_rr-ET-nc2] 328/384 games (5129/h, eta 1m)
  [s3-no_rr-ET-nc2] 329/384 games (5109/h, eta 1m)
  [s3-no_rr-ET-nc2] 330/384 games (5087/h, eta 1m)
  [s3-no_rr-ET-nc2] 331/384 games (5075/h, eta 1m)
  [s3-no_rr-ET-nc2] 332/384 games (5081/h, eta 1m)
  [s3-no_rr-ET-nc2] 333/384 games (5082/h, eta 1m)
  [s3-no_rr-ET-nc2] 334/384 games (5089/h, eta 1m)
  [s3-no_rr-ET-nc2] 335/384 games (5100/h, eta 1m)
  [s3-no_rr-ET-nc2] 336/384 games (5089/h, eta 1m)
  [s3-no_rr-ET-nc2] 337/384 games (5099/h, eta 1m)
  [s3-no_rr-ET-nc2] 338/384 games (5114/h, eta 1m)
  [s3-no_rr-ET-nc2] 339/384 games (5120/h, eta 1m)
  [s3-no_rr-ET-nc2] 340/384 games (5116/h, eta 1m)
  [s3-no_rr-ET-nc2] 341/384 games (5122/h, eta 1m)
  [s3-no_rr-ET-nc2] 342/384 games (5130/h, eta 0m)
  [s3-no_rr-ET-nc2] 343/384 games (5144/h, eta 0m)
  [s3-no_rr-ET-nc2] 344/384 games (5157/h, eta 0m)
  [s3-no_rr-ET-nc2] 345/384 games (5151/h, eta 0m)
  [s3-no_rr-ET-nc2] 346/384 games (5163/h, eta 0m)
  [s3-no_rr-ET-nc2] 347/384 games (5154/h, eta 0m)
  [s3-no_rr-ET-nc2] 348/384 games (5153/h, eta 0m)
  [s3-no_rr-ET-nc2] 349/384 games (5137/h, eta 0m)
  [s3-no_rr-ET-nc2] 350/384 games (5150/h, eta 0m)
  [s3-no_rr-ET-nc2] 351/384 games (5139/h, eta 0m)
  [s3-no_rr-ET-nc2] 352/384 games (5140/h, eta 0m)
  [s3-no_rr-ET-nc2] 353/384 games (5150/h, eta 0m)
  [s3-no_rr-ET-nc2] 354/384 games (5142/h, eta 0m)
  [s3-no_rr-ET-nc2] 355/384 games (5135/h, eta 0m)
  [s3-no_rr-ET-nc2] 356/384 games (5119/h, eta 0m)
  [s3-no_rr-ET-nc2] 357/384 games (5129/h, eta 0m)
  [s3-no_rr-ET-nc2] 358/384 games (5129/h, eta 0m)
  [s3-no_rr-ET-nc2] 359/384 games (5139/h, eta 0m)
  [s3-no_rr-ET-nc2] 360/384 games (5147/h, eta 0m)
  [s3-no_rr-ET-nc2] 361/384 games (5147/h, eta 0m)
  [s3-no_rr-ET-nc2] 362/384 games (5147/h, eta 0m)
  [s3-no_rr-ET-nc2] 363/384 games (5146/h, eta 0m)
  [s3-no_rr-ET-nc2] 364/384 games (5125/h, eta 0m)
  [s3-no_rr-ET-nc2] 365/384 games (5095/h, eta 0m)
  [s3-no_rr-ET-nc2] 366/384 games (5090/h, eta 0m)
  [s3-no_rr-ET-nc2] 367/384 games (5102/h, eta 0m)
  [s3-no_rr-ET-nc2] 368/384 games (5109/h, eta 0m)
  [s3-no_rr-ET-nc2] 369/384 games (5114/h, eta 0m)
  [s3-no_rr-ET-nc2] 370/384 games (5099/h, eta 0m)
  [s3-no_rr-ET-nc2] 371/384 games (5110/h, eta 0m)
  [s3-no_rr-ET-nc2] 372/384 games (5110/h, eta 0m)
  [s3-no_rr-ET-nc2] 373/384 games (5106/h, eta 0m)
  [s3-no_rr-ET-nc2] 374/384 games (5118/h, eta 0m)
  [s3-no_rr-ET-nc2] 375/384 games (5109/h, eta 0m)
  [s3-no_rr-ET-nc2] 376/384 games (5121/h, eta 0m)
  [s3-no_rr-ET-nc2] 377/384 games (5127/h, eta 0m)
  [s3-no_rr-ET-nc2] 378/384 games (5140/h, eta 0m)
  [s3-no_rr-ET-nc2] 379/384 games (5143/h, eta 0m)
  [s3-no_rr-ET-nc2] 380/384 games (5146/h, eta 0m)
  [s3-no_rr-ET-nc2] 381/384 games (5155/h, eta 0m)
  [s3-no_rr-ET-nc2] 382/384 games (5160/h, eta 0m)
  [s3-no_rr-ET-nc2] 383/384 games (5169/h, eta 0m)
  [s3-no_rr-ET-nc2] 384/384 games (5150/h, eta 0m)
== s3-no_rr-ET-dp2 -> experiments/results/perturbation/s3-no_rr-ET-dp2.jsonl
  [s3-no_rr-ET-dp2] 1/384 games (2333/h, eta 10m)
  [s3-no_rr-ET-dp2] 2/384 games (2371/h, eta 10m)
  [s3-no_rr-ET-dp2] 3/384 games (2628/h, eta 9m)
  [s3-no_rr-ET-dp2] 4/384 games (2382/h, eta 10m)
  [s3-no_rr-ET-dp2] 5/384 games (2169/h, eta 10m)
  [s3-no_rr-ET-dp2] 6/384 games (2349/h, eta 10m)
  [s3-no_rr-ET-dp2] 7/384 games (2721/h, eta 8m)
  [s3-no_rr-ET-dp2] 8/384 games (2948/h, eta 8m)
  [s3-no_rr-ET-dp2] 9/384 games (3188/h, eta 7m)
  [s3-no_rr-ET-dp2] 10/384 games (3238/h, eta 7m)
  [s3-no_rr-ET-dp2] 11/384 games (3364/h, eta 7m)
  [s3-no_rr-ET-dp2] 12/384 games (3220/h, eta 7m)
  [s3-no_rr-ET-dp2] 13/384 games (3406/h, eta 7m)
  [s3-no_rr-ET-dp2] 14/384 games (3327/h, eta 7m)
  [s3-no_rr-ET-dp2] 15/384 games (3252/h, eta 7m)
  [s3-no_rr-ET-dp2] 16/384 games (3447/h, eta 6m)
  [s3-no_rr-ET-dp2] 17/384 games (3379/h, eta 7m)
  [s3-no_rr-ET-dp2] 18/384 games (3125/h, eta 7m)
  [s3-no_rr-ET-dp2] 19/384 games (3243/h, eta 7m)
  [s3-no_rr-ET-dp2] 20/384 games (3255/h, eta 7m)
  [s3-no_rr-ET-dp2] 21/384 games (3105/h, eta 7m)
  [s3-no_rr-ET-dp2] 22/384 games (2942/h, eta 7m)
  [s3-no_rr-ET-dp2] 23/384 games (3064/h, eta 7m)
  [s3-no_rr-ET-dp2] 24/384 games (3132/h, eta 7m)
  [s3-no_rr-ET-dp2] 25/384 games (3225/h, eta 7m)
  [s3-no_rr-ET-dp2] 26/384 games (3333/h, eta 6m)
  [s3-no_rr-ET-dp2] 27/384 games (3446/h, eta 6m)
  [s3-no_rr-ET-dp2] 28/384 games (3372/h, eta 6m)
  [s3-no_rr-ET-dp2] 29/384 games (3434/h, eta 6m)
  [s3-no_rr-ET-dp2] 30/384 games (3393/h, eta 6m)
  [s3-no_rr-ET-dp2] 31/384 games (3352/h, eta 6m)
  [s3-no_rr-ET-dp2] 32/384 games (3388/h, eta 6m)
  [s3-no_rr-ET-dp2] 33/384 games (3489/h, eta 6m)
  [s3-no_rr-ET-dp2] 34/384 games (3523/h, eta 6m)
  [s3-no_rr-ET-dp2] 35/384 games (3591/h, eta 6m)
  [s3-no_rr-ET-dp2] 36/384 games (3553/h, eta 6m)
  [s3-no_rr-ET-dp2] 37/384 games (3604/h, eta 6m)
  [s3-no_rr-ET-dp2] 38/384 games (3615/h, eta 6m)
  [s3-no_rr-ET-dp2] 39/384 games (3698/h, eta 6m)
  [s3-no_rr-ET-dp2] 40/384 games (3723/h, eta 6m)
  [s3-no_rr-ET-dp2] 41/384 games (3770/h, eta 5m)
  [s3-no_rr-ET-dp2] 42/384 games (3832/h, eta 5m)
  [s3-no_rr-ET-dp2] 43/384 games (3918/h, eta 5m)
  [s3-no_rr-ET-dp2] 44/384 games (3990/h, eta 5m)
  [s3-no_rr-ET-dp2] 45/384 games (4053/h, eta 5m)
  [s3-no_rr-ET-dp2] 46/384 games (3945/h, eta 5m)
  [s3-no_rr-ET-dp2] 47/384 games (3985/h, eta 5m)
  [s3-no_rr-ET-dp2] 48/384 games (3823/h, eta 5m)
  [s3-no_rr-ET-dp2] 49/384 games (3870/h, eta 5m)
  [s3-no_rr-ET-dp2] 50/384 games (3865/h, eta 5m)
  [s3-no_rr-ET-dp2] 51/384 games (3856/h, eta 5m)
  [s3-no_rr-ET-dp2] 52/384 games (3928/h, eta 5m)
  [s3-no_rr-ET-dp2] 53/384 games (3933/h, eta 5m)
  [s3-no_rr-ET-dp2] 54/384 games (3983/h, eta 5m)
  [s3-no_rr-ET-dp2] 55/384 games (4046/h, eta 5m)
  [s3-no_rr-ET-dp2] 56/384 games (4061/h, eta 5m)
  [s3-no_rr-ET-dp2] 57/384 games (4075/h, eta 5m)
  [s3-no_rr-ET-dp2] 58/384 games (4086/h, eta 5m)
  [s3-no_rr-ET-dp2] 59/384 games (4112/h, eta 5m)
  [s3-no_rr-ET-dp2] 60/384 games (4136/h, eta 5m)
  [s3-no_rr-ET-dp2] 61/384 games (4175/h, eta 5m)
  [s3-no_rr-ET-dp2] 62/384 games (4223/h, eta 5m)
  [s3-no_rr-ET-dp2] 63/384 games (4209/h, eta 5m)
  [s3-no_rr-ET-dp2] 64/384 games (4267/h, eta 4m)
  [s3-no_rr-ET-dp2] 65/384 games (4211/h, eta 5m)
  [s3-no_rr-ET-dp2] 66/384 games (4156/h, eta 5m)
  [s3-no_rr-ET-dp2] 67/384 games (4140/h, eta 5m)
  [s3-no_rr-ET-dp2] 68/384 games (4186/h, eta 5m)
  [s3-no_rr-ET-dp2] 69/384 games (4191/h, eta 5m)
  [s3-no_rr-ET-dp2] 70/384 games (4126/h, eta 5m)
  [s3-no_rr-ET-dp2] 71/384 games (4181/h, eta 4m)
  [s3-no_rr-ET-dp2] 72/384 games (4227/h, eta 4m)
  [s3-no_rr-ET-dp2] 73/384 games (4285/h, eta 4m)
  [s3-no_rr-ET-dp2] 74/384 games (4308/h, eta 4m)
  [s3-no_rr-ET-dp2] 75/384 games (4342/h, eta 4m)
  [s3-no_rr-ET-dp2] 76/384 games (4392/h, eta 4m)
  [s3-no_rr-ET-dp2] 77/384 games (4230/h, eta 4m)
  [s3-no_rr-ET-dp2] 78/384 games (4198/h, eta 4m)
  [s3-no_rr-ET-dp2] 79/384 games (4180/h, eta 4m)
  [s3-no_rr-ET-dp2] 80/384 games (4220/h, eta 4m)
  [s3-no_rr-ET-dp2] 81/384 games (4113/h, eta 4m)
  [s3-no_rr-ET-dp2] 82/384 games (4068/h, eta 4m)
  [s3-no_rr-ET-dp2] 83/384 games (4101/h, eta 4m)
  [s3-no_rr-ET-dp2] 84/384 games (4077/h, eta 4m)
  [s3-no_rr-ET-dp2] 85/384 games (4084/h, eta 4m)
  [s3-no_rr-ET-dp2] 86/384 games (4076/h, eta 4m)
  [s3-no_rr-ET-dp2] 87/384 games (4065/h, eta 4m)
  [s3-no_rr-ET-dp2] 88/384 games (4101/h, eta 4m)
  [s3-no_rr-ET-dp2] 89/384 games (4112/h, eta 4m)
  [s3-no_rr-ET-dp2] 90/384 games (4107/h, eta 4m)
  [s3-no_rr-ET-dp2] 91/384 games (4111/h, eta 4m)
  [s3-no_rr-ET-dp2] 92/384 games (4109/h, eta 4m)
  [s3-no_rr-ET-dp2] 93/384 games (4089/h, eta 4m)
  [s3-no_rr-ET-dp2] 94/384 games (4072/h, eta 4m)
  [s3-no_rr-ET-dp2] 95/384 games (4114/h, eta 4m)
  [s3-no_rr-ET-dp2] 96/384 games (4153/h, eta 4m)
  [s3-no_rr-ET-dp2] 97/384 games (4182/h, eta 4m)
  [s3-no_rr-ET-dp2] 98/384 games (4148/h, eta 4m)
  [s3-no_rr-ET-dp2] 99/384 games (4094/h, eta 4m)
  [s3-no_rr-ET-dp2] 100/384 games (4020/h, eta 4m)
  [s3-no_rr-ET-dp2] 101/384 games (4047/h, eta 4m)
  [s3-no_rr-ET-dp2] 102/384 games (4070/h, eta 4m)
  [s3-no_rr-ET-dp2] 103/384 games (4077/h, eta 4m)
  [s3-no_rr-ET-dp2] 104/384 games (4098/h, eta 4m)
  [s3-no_rr-ET-dp2] 105/384 games (4113/h, eta 4m)
  [s3-no_rr-ET-dp2] 106/384 games (4133/h, eta 4m)
  [s3-no_rr-ET-dp2] 107/384 games (4156/h, eta 4m)
  [s3-no_rr-ET-dp2] 108/384 games (4187/h, eta 4m)
  [s3-no_rr-ET-dp2] 109/384 games (4003/h, eta 4m)
  [s3-no_rr-ET-dp2] 110/384 games (4029/h, eta 4m)
  [s3-no_rr-ET-dp2] 111/384 games (4061/h, eta 4m)
  [s3-no_rr-ET-dp2] 112/384 games (4076/h, eta 4m)
  [s3-no_rr-ET-dp2] 113/384 games (4111/h, eta 4m)
  [s3-no_rr-ET-dp2] 114/384 games (4057/h, eta 4m)
  [s3-no_rr-ET-dp2] 115/384 games (4052/h, eta 4m)
  [s3-no_rr-ET-dp2] 116/384 games (4065/h, eta 4m)
  [s3-no_rr-ET-dp2] 117/384 games (4093/h, eta 4m)
  [s3-no_rr-ET-dp2] 118/384 games (4079/h, eta 4m)
  [s3-no_rr-ET-dp2] 119/384 games (4106/h, eta 4m)
  [s3-no_rr-ET-dp2] 120/384 games (4139/h, eta 4m)
  [s3-no_rr-ET-dp2] 121/384 games (4156/h, eta 4m)
  [s3-no_rr-ET-dp2] 122/384 games (4185/h, eta 4m)
  [s3-no_rr-ET-dp2] 123/384 games (4203/h, eta 4m)
  [s3-no_rr-ET-dp2] 124/384 games (4208/h, eta 4m)
  [s3-no_rr-ET-dp2] 125/384 games (4227/h, eta 4m)
  [s3-no_rr-ET-dp2] 126/384 games (4231/h, eta 4m)
  [s3-no_rr-ET-dp2] 127/384 games (4258/h, eta 4m)
  [s3-no_rr-ET-dp2] 128/384 games (4251/h, eta 4m)
  [s3-no_rr-ET-dp2] 129/384 games (4251/h, eta 4m)
  [s3-no_rr-ET-dp2] 130/384 games (4238/h, eta 4m)
  [s3-no_rr-ET-dp2] 131/384 games (4170/h, eta 4m)
  [s3-no_rr-ET-dp2] 132/384 games (4182/h, eta 4m)
  [s3-no_rr-ET-dp2] 133/384 games (4186/h, eta 4m)
  [s3-no_rr-ET-dp2] 134/384 games (4199/h, eta 4m)
  [s3-no_rr-ET-dp2] 135/384 games (4175/h, eta 4m)
  [s3-no_rr-ET-dp2] 136/384 games (4185/h, eta 4m)
  [s3-no_rr-ET-dp2] 137/384 games (4197/h, eta 4m)
  [s3-no_rr-ET-dp2] 138/384 games (4152/h, eta 4m)
  [s3-no_rr-ET-dp2] 139/384 games (4179/h, eta 4m)
  [s3-no_rr-ET-dp2] 140/384 games (4193/h, eta 3m)
  [s3-no_rr-ET-dp2] 141/384 games (4190/h, eta 3m)
  [s3-no_rr-ET-dp2] 142/384 games (4199/h, eta 3m)
  [s3-no_rr-ET-dp2] 143/384 games (4197/h, eta 3m)
  [s3-no_rr-ET-dp2] 144/384 games (4218/h, eta 3m)
  [s3-no_rr-ET-dp2] 145/384 games (4160/h, eta 3m)
  [s3-no_rr-ET-dp2] 146/384 games (4160/h, eta 3m)
  [s3-no_rr-ET-dp2] 147/384 games (4163/h, eta 3m)
  [s3-no_rr-ET-dp2] 148/384 games (4177/h, eta 3m)
  [s3-no_rr-ET-dp2] 149/384 games (4203/h, eta 3m)
  [s3-no_rr-ET-dp2] 150/384 games (4204/h, eta 3m)
  [s3-no_rr-ET-dp2] 151/384 games (4220/h, eta 3m)
  [s3-no_rr-ET-dp2] 152/384 games (4238/h, eta 3m)
  [s3-no_rr-ET-dp2] 153/384 games (4145/h, eta 3m)
  [s3-no_rr-ET-dp2] 154/384 games (4171/h, eta 3m)
  [s3-no_rr-ET-dp2] 155/384 games (4135/h, eta 3m)
  [s3-no_rr-ET-dp2] 156/384 games (4144/h, eta 3m)
  [s3-no_rr-ET-dp2] 157/384 games (4170/h, eta 3m)
  [s3-no_rr-ET-dp2] 158/384 games (4170/h, eta 3m)
  [s3-no_rr-ET-dp2] 159/384 games (4187/h, eta 3m)
  [s3-no_rr-ET-dp2] 160/384 games (4181/h, eta 3m)
  [s3-no_rr-ET-dp2] 161/384 games (4181/h, eta 3m)
  [s3-no_rr-ET-dp2] 162/384 games (4192/h, eta 3m)
  [s3-no_rr-ET-dp2] 163/384 games (4211/h, eta 3m)
  [s3-no_rr-ET-dp2] 164/384 games (4209/h, eta 3m)
  [s3-no_rr-ET-dp2] 165/384 games (4222/h, eta 3m)
  [s3-no_rr-ET-dp2] 166/384 games (4226/h, eta 3m)
  [s3-no_rr-ET-dp2] 167/384 games (4221/h, eta 3m)
  [s3-no_rr-ET-dp2] 168/384 games (4227/h, eta 3m)
  [s3-no_rr-ET-dp2] 169/384 games (4249/h, eta 3m)
  [s3-no_rr-ET-dp2] 170/384 games (4258/h, eta 3m)
  [s3-no_rr-ET-dp2] 171/384 games (4232/h, eta 3m)
  [s3-no_rr-ET-dp2] 172/384 games (4255/h, eta 3m)
  [s3-no_rr-ET-dp2] 173/384 games (4278/h, eta 3m)
  [s3-no_rr-ET-dp2] 174/384 games (4274/h, eta 3m)
  [s3-no_rr-ET-dp2] 175/384 games (4289/h, eta 3m)
  [s3-no_rr-ET-dp2] 176/384 games (4288/h, eta 3m)
  [s3-no_rr-ET-dp2] 177/384 games (4292/h, eta 3m)
  [s3-no_rr-ET-dp2] 178/384 games (4309/h, eta 3m)
  [s3-no_rr-ET-dp2] 179/384 games (4287/h, eta 3m)
  [s3-no_rr-ET-dp2] 180/384 games (4236/h, eta 3m)
  [s3-no_rr-ET-dp2] 181/384 games (4251/h, eta 3m)
  [s3-no_rr-ET-dp2] 182/384 games (4253/h, eta 3m)
  [s3-no_rr-ET-dp2] 183/384 games (4251/h, eta 3m)
  [s3-no_rr-ET-dp2] 184/384 games (4247/h, eta 3m)
  [s3-no_rr-ET-dp2] 185/384 games (4256/h, eta 3m)
  [s3-no_rr-ET-dp2] 186/384 games (4263/h, eta 3m)
  [s3-no_rr-ET-dp2] 187/384 games (4285/h, eta 3m)
  [s3-no_rr-ET-dp2] 188/384 games (4308/h, eta 3m)
  [s3-no_rr-ET-dp2] 189/384 games (4309/h, eta 3m)
  [s3-no_rr-ET-dp2] 190/384 games (4331/h, eta 3m)
  [s3-no_rr-ET-dp2] 191/384 games (4349/h, eta 3m)
  [s3-no_rr-ET-dp2] 192/384 games (4371/h, eta 3m)
  [s3-no_rr-ET-dp2] 193/384 games (4388/h, eta 3m)
  [s3-no_rr-ET-dp2] 194/384 games (4380/h, eta 3m)
  [s3-no_rr-ET-dp2] 195/384 games (4383/h, eta 3m)
  [s3-no_rr-ET-dp2] 196/384 games (4405/h, eta 3m)
  [s3-no_rr-ET-dp2] 197/384 games (4400/h, eta 3m)
  [s3-no_rr-ET-dp2] 198/384 games (4414/h, eta 3m)
  [s3-no_rr-ET-dp2] 199/384 games (4419/h, eta 3m)
  [s3-no_rr-ET-dp2] 200/384 games (4428/h, eta 2m)
  [s3-no_rr-ET-dp2] 201/384 games (4369/h, eta 3m)
  [s3-no_rr-ET-dp2] 202/384 games (4361/h, eta 3m)
  [s3-no_rr-ET-dp2] 203/384 games (4357/h, eta 2m)
  [s3-no_rr-ET-dp2] 204/384 games (4348/h, eta 2m)
  [s3-no_rr-ET-dp2] 205/384 games (4363/h, eta 2m)
  [s3-no_rr-ET-dp2] 206/384 games (4369/h, eta 2m)
  [s3-no_rr-ET-dp2] 207/384 games (4380/h, eta 2m)
  [s3-no_rr-ET-dp2] 208/384 games (4362/h, eta 2m)
  [s3-no_rr-ET-dp2] 209/384 games (4376/h, eta 2m)
  [s3-no_rr-ET-dp2] 210/384 games (4378/h, eta 2m)
  [s3-no_rr-ET-dp2] 211/384 games (4396/h, eta 2m)
  [s3-no_rr-ET-dp2] 212/384 games (4402/h, eta 2m)
  [s3-no_rr-ET-dp2] 213/384 games (4390/h, eta 2m)
  [s3-no_rr-ET-dp2] 214/384 games (4402/h, eta 2m)
  [s3-no_rr-ET-dp2] 215/384 games (4394/h, eta 2m)
  [s3-no_rr-ET-dp2] 216/384 games (4404/h, eta 2m)
  [s3-no_rr-ET-dp2] 217/384 games (4407/h, eta 2m)
  [s3-no_rr-ET-dp2] 218/384 games (4402/h, eta 2m)
  [s3-no_rr-ET-dp2] 219/384 games (4408/h, eta 2m)
  [s3-no_rr-ET-dp2] 220/384 games (4398/h, eta 2m)
  [s3-no_rr-ET-dp2] 221/384 games (4410/h, eta 2m)
  [s3-no_rr-ET-dp2] 222/384 games (4419/h, eta 2m)
  [s3-no_rr-ET-dp2] 223/384 games (4434/h, eta 2m)
  [s3-no_rr-ET-dp2] 224/384 games (4454/h, eta 2m)
  [s3-no_rr-ET-dp2] 225/384 games (4459/h, eta 2m)
  [s3-no_rr-ET-dp2] 226/384 games (4474/h, eta 2m)
  [s3-no_rr-ET-dp2] 227/384 games (4489/h, eta 2m)
  [s3-no_rr-ET-dp2] 228/384 games (4493/h, eta 2m)
  [s3-no_rr-ET-dp2] 229/384 games (4509/h, eta 2m)
  [s3-no_rr-ET-dp2] 230/384 games (4528/h, eta 2m)
  [s3-no_rr-ET-dp2] 231/384 games (4545/h, eta 2m)
  [s3-no_rr-ET-dp2] 232/384 games (4564/h, eta 2m)
  [s3-no_rr-ET-dp2] 233/384 games (4558/h, eta 2m)
  [s3-no_rr-ET-dp2] 234/384 games (4479/h, eta 2m)
  [s3-no_rr-ET-dp2] 235/384 games (4496/h, eta 2m)
  [s3-no_rr-ET-dp2] 236/384 games (4499/h, eta 2m)
  [s3-no_rr-ET-dp2] 237/384 games (4515/h, eta 2m)
  [s3-no_rr-ET-dp2] 238/384 games (4488/h, eta 2m)
  [s3-no_rr-ET-dp2] 239/384 games (4496/h, eta 2m)
  [s3-no_rr-ET-dp2] 240/384 games (4505/h, eta 2m)
  [s3-no_rr-ET-dp2] 241/384 games (4492/h, eta 2m)
  [s3-no_rr-ET-dp2] 242/384 games (4488/h, eta 2m)
  [s3-no_rr-ET-dp2] 243/384 games (4480/h, eta 2m)
  [s3-no_rr-ET-dp2] 244/384 games (4484/h, eta 2m)
  [s3-no_rr-ET-dp2] 245/384 games (4501/h, eta 2m)
  [s3-no_rr-ET-dp2] 246/384 games (4513/h, eta 2m)
  [s3-no_rr-ET-dp2] 247/384 games (4529/h, eta 2m)
  [s3-no_rr-ET-dp2] 248/384 games (4542/h, eta 2m)
  [s3-no_rr-ET-dp2] 249/384 games (4558/h, eta 2m)
  [s3-no_rr-ET-dp2] 250/384 games (4563/h, eta 2m)
  [s3-no_rr-ET-dp2] 251/384 games (4538/h, eta 2m)
  [s3-no_rr-ET-dp2] 252/384 games (4539/h, eta 2m)
  [s3-no_rr-ET-dp2] 253/384 games (4523/h, eta 2m)
  [s3-no_rr-ET-dp2] 254/384 games (4530/h, eta 2m)
  [s3-no_rr-ET-dp2] 255/384 games (4547/h, eta 2m)
  [s3-no_rr-ET-dp2] 256/384 games (4511/h, eta 2m)
  [s3-no_rr-ET-dp2] 257/384 games (4490/h, eta 2m)
  [s3-no_rr-ET-dp2] 258/384 games (4507/h, eta 2m)
  [s3-no_rr-ET-dp2] 259/384 games (4524/h, eta 2m)
  [s3-no_rr-ET-dp2] 260/384 games (4540/h, eta 2m)
  [s3-no_rr-ET-dp2] 261/384 games (4510/h, eta 2m)
  [s3-no_rr-ET-dp2] 262/384 games (4509/h, eta 2m)
  [s3-no_rr-ET-dp2] 263/384 games (4504/h, eta 2m)
  [s3-no_rr-ET-dp2] 264/384 games (4501/h, eta 2m)
  [s3-no_rr-ET-dp2] 265/384 games (4490/h, eta 2m)
  [s3-no_rr-ET-dp2] 266/384 games (4495/h, eta 2m)
  [s3-no_rr-ET-dp2] 267/384 games (4504/h, eta 2m)
  [s3-no_rr-ET-dp2] 268/384 games (4502/h, eta 2m)
  [s3-no_rr-ET-dp2] 269/384 games (4502/h, eta 2m)
  [s3-no_rr-ET-dp2] 270/384 games (4497/h, eta 2m)
  [s3-no_rr-ET-dp2] 271/384 games (4509/h, eta 2m)
  [s3-no_rr-ET-dp2] 272/384 games (4525/h, eta 1m)
  [s3-no_rr-ET-dp2] 273/384 games (4539/h, eta 1m)
  [s3-no_rr-ET-dp2] 274/384 games (4544/h, eta 1m)
  [s3-no_rr-ET-dp2] 275/384 games (4543/h, eta 1m)
  [s3-no_rr-ET-dp2] 276/384 games (4534/h, eta 1m)
  [s3-no_rr-ET-dp2] 277/384 games (4546/h, eta 1m)
  [s3-no_rr-ET-dp2] 278/384 games (4535/h, eta 1m)
  [s3-no_rr-ET-dp2] 279/384 games (4522/h, eta 1m)
  [s3-no_rr-ET-dp2] 280/384 games (4524/h, eta 1m)
  [s3-no_rr-ET-dp2] 281/384 games (4527/h, eta 1m)
  [s3-no_rr-ET-dp2] 282/384 games (4539/h, eta 1m)
  [s3-no_rr-ET-dp2] 283/384 games (4530/h, eta 1m)
  [s3-no_rr-ET-dp2] 284/384 games (4530/h, eta 1m)
  [s3-no_rr-ET-dp2] 285/384 games (4538/h, eta 1m)
  [s3-no_rr-ET-dp2] 286/384 games (4553/h, eta 1m)
  [s3-no_rr-ET-dp2] 287/384 games (4543/h, eta 1m)
  [s3-no_rr-ET-dp2] 288/384 games (4539/h, eta 1m)
  [s3-no_rr-ET-dp2] 289/384 games (4552/h, eta 1m)
  [s3-no_rr-ET-dp2] 290/384 games (4522/h, eta 1m)
  [s3-no_rr-ET-dp2] 291/384 games (4523/h, eta 1m)
  [s3-no_rr-ET-dp2] 292/384 games (4533/h, eta 1m)
  [s3-no_rr-ET-dp2] 293/384 games (4541/h, eta 1m)
  [s3-no_rr-ET-dp2] 294/384 games (4504/h, eta 1m)
  [s3-no_rr-ET-dp2] 295/384 games (4507/h, eta 1m)
  [s3-no_rr-ET-dp2] 296/384 games (4505/h, eta 1m)
  [s3-no_rr-ET-dp2] 297/384 games (4510/h, eta 1m)
  [s3-no_rr-ET-dp2] 298/384 games (4525/h, eta 1m)
  [s3-no_rr-ET-dp2] 299/384 games (4538/h, eta 1m)
  [s3-no_rr-ET-dp2] 300/384 games (4523/h, eta 1m)
  [s3-no_rr-ET-dp2] 301/384 games (4537/h, eta 1m)
  [s3-no_rr-ET-dp2] 302/384 games (4552/h, eta 1m)
  [s3-no_rr-ET-dp2] 303/384 games (4554/h, eta 1m)
  [s3-no_rr-ET-dp2] 304/384 games (4518/h, eta 1m)
  [s3-no_rr-ET-dp2] 305/384 games (4506/h, eta 1m)
  [s3-no_rr-ET-dp2] 306/384 games (4509/h, eta 1m)
  [s3-no_rr-ET-dp2] 307/384 games (4522/h, eta 1m)
  [s3-no_rr-ET-dp2] 308/384 games (4501/h, eta 1m)
  [s3-no_rr-ET-dp2] 309/384 games (4511/h, eta 1m)
  [s3-no_rr-ET-dp2] 310/384 games (4493/h, eta 1m)
  [s3-no_rr-ET-dp2] 311/384 games (4506/h, eta 1m)
  [s3-no_rr-ET-dp2] 312/384 games (4518/h, eta 1m)
  [s3-no_rr-ET-dp2] 313/384 games (4511/h, eta 1m)
  [s3-no_rr-ET-dp2] 314/384 games (4477/h, eta 1m)
  [s3-no_rr-ET-dp2] 315/384 games (4486/h, eta 1m)
  [s3-no_rr-ET-dp2] 316/384 games (4490/h, eta 1m)
  [s3-no_rr-ET-dp2] 317/384 games (4494/h, eta 1m)
  [s3-no_rr-ET-dp2] 318/384 games (4507/h, eta 1m)
  [s3-no_rr-ET-dp2] 319/384 games (4489/h, eta 1m)
  [s3-no_rr-ET-dp2] 320/384 games (4497/h, eta 1m)
  [s3-no_rr-ET-dp2] 321/384 games (4504/h, eta 1m)
  [s3-no_rr-ET-dp2] 322/384 games (4454/h, eta 1m)
  [s3-no_rr-ET-dp2] 323/384 games (4445/h, eta 1m)
  [s3-no_rr-ET-dp2] 324/384 games (4454/h, eta 1m)
  [s3-no_rr-ET-dp2] 325/384 games (4464/h, eta 1m)
  [s3-no_rr-ET-dp2] 326/384 games (4463/h, eta 1m)
  [s3-no_rr-ET-dp2] 327/384 games (4428/h, eta 1m)
  [s3-no_rr-ET-dp2] 328/384 games (4435/h, eta 1m)
  [s3-no_rr-ET-dp2] 329/384 games (4431/h, eta 1m)
  [s3-no_rr-ET-dp2] 330/384 games (4417/h, eta 1m)
  [s3-no_rr-ET-dp2] 331/384 games (4411/h, eta 1m)
  [s3-no_rr-ET-dp2] 332/384 games (4416/h, eta 1m)
  [s3-no_rr-ET-dp2] 333/384 games (4412/h, eta 1m)
  [s3-no_rr-ET-dp2] 334/384 games (4418/h, eta 1m)
  [s3-no_rr-ET-dp2] 335/384 games (4389/h, eta 1m)
  [s3-no_rr-ET-dp2] 336/384 games (4389/h, eta 1m)
  [s3-no_rr-ET-dp2] 337/384 games (4400/h, eta 1m)
  [s3-no_rr-ET-dp2] 338/384 games (4399/h, eta 1m)
  [s3-no_rr-ET-dp2] 339/384 games (4410/h, eta 1m)
  [s3-no_rr-ET-dp2] 340/384 games (4413/h, eta 1m)
  [s3-no_rr-ET-dp2] 341/384 games (4414/h, eta 1m)
  [s3-no_rr-ET-dp2] 342/384 games (4417/h, eta 1m)
  [s3-no_rr-ET-dp2] 343/384 games (4412/h, eta 1m)
  [s3-no_rr-ET-dp2] 344/384 games (4424/h, eta 1m)
  [s3-no_rr-ET-dp2] 345/384 games (4435/h, eta 1m)
  [s3-no_rr-ET-dp2] 346/384 games (4410/h, eta 1m)
  [s3-no_rr-ET-dp2] 347/384 games (4403/h, eta 1m)
  [s3-no_rr-ET-dp2] 348/384 games (4402/h, eta 0m)
  [s3-no_rr-ET-dp2] 349/384 games (4415/h, eta 0m)
  [s3-no_rr-ET-dp2] 350/384 games (4424/h, eta 0m)
  [s3-no_rr-ET-dp2] 351/384 games (4424/h, eta 0m)
  [s3-no_rr-ET-dp2] 352/384 games (4434/h, eta 0m)
  [s3-no_rr-ET-dp2] 353/384 games (4437/h, eta 0m)
  [s3-no_rr-ET-dp2] 354/384 games (4418/h, eta 0m)
  [s3-no_rr-ET-dp2] 355/384 games (4413/h, eta 0m)
  [s3-no_rr-ET-dp2] 356/384 games (4417/h, eta 0m)
  [s3-no_rr-ET-dp2] 357/384 games (4427/h, eta 0m)
  [s3-no_rr-ET-dp2] 358/384 games (4435/h, eta 0m)
  [s3-no_rr-ET-dp2] 359/384 games (4435/h, eta 0m)
  [s3-no_rr-ET-dp2] 360/384 games (4439/h, eta 0m)
  [s3-no_rr-ET-dp2] 361/384 games (4427/h, eta 0m)
  [s3-no_rr-ET-dp2] 362/384 games (4439/h, eta 0m)
  [s3-no_rr-ET-dp2] 363/384 games (4436/h, eta 0m)
  [s3-no_rr-ET-dp2] 364/384 games (4441/h, eta 0m)
  [s3-no_rr-ET-dp2] 365/384 games (4442/h, eta 0m)
  [s3-no_rr-ET-dp2] 366/384 games (4432/h, eta 0m)
  [s3-no_rr-ET-dp2] 367/384 games (4443/h, eta 0m)
  [s3-no_rr-ET-dp2] 368/384 games (4448/h, eta 0m)
  [s3-no_rr-ET-dp2] 369/384 games (4455/h, eta 0m)
  [s3-no_rr-ET-dp2] 370/384 games (4464/h, eta 0m)
  [s3-no_rr-ET-dp2] 371/384 games (4475/h, eta 0m)
  [s3-no_rr-ET-dp2] 372/384 games (4474/h, eta 0m)
  [s3-no_rr-ET-dp2] 373/384 games (4460/h, eta 0m)
  [s3-no_rr-ET-dp2] 374/384 games (4470/h, eta 0m)
  [s3-no_rr-ET-dp2] 375/384 games (4480/h, eta 0m)
  [s3-no_rr-ET-dp2] 376/384 games (4471/h, eta 0m)
  [s3-no_rr-ET-dp2] 377/384 games (4471/h, eta 0m)
  [s3-no_rr-ET-dp2] 378/384 games (4464/h, eta 0m)
  [s3-no_rr-ET-dp2] 379/384 games (4466/h, eta 0m)
  [s3-no_rr-ET-dp2] 380/384 games (4455/h, eta 0m)
  [s3-no_rr-ET-dp2] 381/384 games (4463/h, eta 0m)
  [s3-no_rr-ET-dp2] 382/384 games (4463/h, eta 0m)
  [s3-no_rr-ET-dp2] 383/384 games (4450/h, eta 0m)
  [s3-no_rr-ET-dp2] 384/384 games (4430/h, eta 0m)
== s3-no_rr-ET-nc2-dp2 -> experiments/results/perturbation/s3-no_rr-ET-nc2-dp2.jsonl
  [s3-no_rr-ET-nc2-dp2] 1/384 games (725/h, eta 32m)
  [s3-no_rr-ET-nc2-dp2] 2/384 games (878/h, eta 26m)
  [s3-no_rr-ET-nc2-dp2] 3/384 games (1254/h, eta 18m)
  [s3-no_rr-ET-nc2-dp2] 4/384 games (1454/h, eta 16m)
  [s3-no_rr-ET-nc2-dp2] 5/384 games (1793/h, eta 13m)
  [s3-no_rr-ET-nc2-dp2] 6/384 games (1743/h, eta 13m)
  [s3-no_rr-ET-nc2-dp2] 7/384 games (2006/h, eta 11m)
  [s3-no_rr-ET-nc2-dp2] 8/384 games (2147/h, eta 11m)
  [s3-no_rr-ET-nc2-dp2] 9/384 games (2243/h, eta 10m)
  [s3-no_rr-ET-nc2-dp2] 10/384 games (2185/h, eta 10m)
  [s3-no_rr-ET-nc2-dp2] 11/384 games (2111/h, eta 11m)
  [s3-no_rr-ET-nc2-dp2] 12/384 games (2248/h, eta 10m)
  [s3-no_rr-ET-nc2-dp2] 13/384 games (2232/h, eta 10m)
  [s3-no_rr-ET-nc2-dp2] 14/384 games (2305/h, eta 10m)
  [s3-no_rr-ET-nc2-dp2] 15/384 games (2409/h, eta 9m)
  [s3-no_rr-ET-nc2-dp2] 16/384 games (2547/h, eta 9m)
  [s3-no_rr-ET-nc2-dp2] 17/384 games (2461/h, eta 9m)
  [s3-no_rr-ET-nc2-dp2] 18/384 games (2513/h, eta 9m)
  [s3-no_rr-ET-nc2-dp2] 19/384 games (2491/h, eta 9m)
  [s3-no_rr-ET-nc2-dp2] 20/384 games (2511/h, eta 9m)
  [s3-no_rr-ET-nc2-dp2] 21/384 games (2520/h, eta 9m)
  [s3-no_rr-ET-nc2-dp2] 22/384 games (2601/h, eta 8m)
  [s3-no_rr-ET-nc2-dp2] 23/384 games (2691/h, eta 8m)
  [s3-no_rr-ET-nc2-dp2] 24/384 games (2719/h, eta 8m)
  [s3-no_rr-ET-nc2-dp2] 25/384 games (2667/h, eta 8m)
  [s3-no_rr-ET-nc2-dp2] 26/384 games (2756/h, eta 8m)
  [s3-no_rr-ET-nc2-dp2] 27/384 games (2619/h, eta 8m)
  [s3-no_rr-ET-nc2-dp2] 28/384 games (2699/h, eta 8m)
  [s3-no_rr-ET-nc2-dp2] 29/384 games (2783/h, eta 8m)
  [s3-no_rr-ET-nc2-dp2] 30/384 games (2847/h, eta 7m)
  [s3-no_rr-ET-nc2-dp2] 31/384 games (2724/h, eta 8m)
  [s3-no_rr-ET-nc2-dp2] 32/384 games (2810/h, eta 8m)
  [s3-no_rr-ET-nc2-dp2] 33/384 games (2888/h, eta 7m)
  [s3-no_rr-ET-nc2-dp2] 34/384 games (2898/h, eta 7m)
  [s3-no_rr-ET-nc2-dp2] 35/384 games (2973/h, eta 7m)
  [s3-no_rr-ET-nc2-dp2] 36/384 games (2959/h, eta 7m)
  [s3-no_rr-ET-nc2-dp2] 37/384 games (3041/h, eta 7m)
  [s3-no_rr-ET-nc2-dp2] 38/384 games (3045/h, eta 7m)
  [s3-no_rr-ET-nc2-dp2] 39/384 games (2912/h, eta 7m)
  [s3-no_rr-ET-nc2-dp2] 40/384 games (2969/h, eta 7m)
  [s3-no_rr-ET-nc2-dp2] 41/384 games (3018/h, eta 7m)
  [s3-no_rr-ET-nc2-dp2] 42/384 games (3079/h, eta 7m)
  [s3-no_rr-ET-nc2-dp2] 43/384 games (3141/h, eta 7m)
  [s3-no_rr-ET-nc2-dp2] 44/384 games (3119/h, eta 7m)
  [s3-no_rr-ET-nc2-dp2] 45/384 games (3165/h, eta 6m)
  [s3-no_rr-ET-nc2-dp2] 46/384 games (3178/h, eta 6m)
  [s3-no_rr-ET-nc2-dp2] 47/384 games (3156/h, eta 6m)
  [s3-no_rr-ET-nc2-dp2] 48/384 games (3186/h, eta 6m)
  [s3-no_rr-ET-nc2-dp2] 49/384 games (3138/h, eta 6m)
  [s3-no_rr-ET-nc2-dp2] 50/384 games (3199/h, eta 6m)
  [s3-no_rr-ET-nc2-dp2] 51/384 games (3257/h, eta 6m)
  [s3-no_rr-ET-nc2-dp2] 52/384 games (3278/h, eta 6m)
  [s3-no_rr-ET-nc2-dp2] 53/384 games (3156/h, eta 6m)
  [s3-no_rr-ET-nc2-dp2] 54/384 games (3065/h, eta 6m)
  [s3-no_rr-ET-nc2-dp2] 55/384 games (3092/h, eta 6m)
  [s3-no_rr-ET-nc2-dp2] 56/384 games (3123/h, eta 6m)
  [s3-no_rr-ET-nc2-dp2] 57/384 games (3175/h, eta 6m)
  [s3-no_rr-ET-nc2-dp2] 58/384 games (3224/h, eta 6m)
  [s3-no_rr-ET-nc2-dp2] 59/384 games (3264/h, eta 6m)
  [s3-no_rr-ET-nc2-dp2] 60/384 games (3308/h, eta 6m)
  [s3-no_rr-ET-nc2-dp2] 61/384 games (3318/h, eta 6m)
  [s3-no_rr-ET-nc2-dp2] 62/384 games (3268/h, eta 6m)
  [s3-no_rr-ET-nc2-dp2] 63/384 games (3319/h, eta 6m)
  [s3-no_rr-ET-nc2-dp2] 64/384 games (3342/h, eta 6m)
  [s3-no_rr-ET-nc2-dp2] 65/384 games (3243/h, eta 6m)
  [s3-no_rr-ET-nc2-dp2] 66/384 games (3259/h, eta 6m)
  [s3-no_rr-ET-nc2-dp2] 67/384 games (3277/h, eta 6m)
  [s3-no_rr-ET-nc2-dp2] 68/384 games (3320/h, eta 6m)
  [s3-no_rr-ET-nc2-dp2] 69/384 games (3304/h, eta 6m)
  [s3-no_rr-ET-nc2-dp2] 70/384 games (3351/h, eta 6m)
  [s3-no_rr-ET-nc2-dp2] 71/384 games (3399/h, eta 6m)
  [s3-no_rr-ET-nc2-dp2] 72/384 games (3363/h, eta 6m)
  [s3-no_rr-ET-nc2-dp2] 73/384 games (3401/h, eta 5m)
  [s3-no_rr-ET-nc2-dp2] 74/384 games (3425/h, eta 5m)
  [s3-no_rr-ET-nc2-dp2] 75/384 games (3425/h, eta 5m)
  [s3-no_rr-ET-nc2-dp2] 76/384 games (3403/h, eta 5m)
  [s3-no_rr-ET-nc2-dp2] 77/384 games (3384/h, eta 5m)
  [s3-no_rr-ET-nc2-dp2] 78/384 games (3376/h, eta 5m)
  [s3-no_rr-ET-nc2-dp2] 79/384 games (3383/h, eta 5m)
  [s3-no_rr-ET-nc2-dp2] 80/384 games (3414/h, eta 5m)
  [s3-no_rr-ET-nc2-dp2] 81/384 games (3317/h, eta 5m)
  [s3-no_rr-ET-nc2-dp2] 82/384 games (3351/h, eta 5m)
  [s3-no_rr-ET-nc2-dp2] 83/384 games (3368/h, eta 5m)
  [s3-no_rr-ET-nc2-dp2] 84/384 games (3371/h, eta 5m)
  [s3-no_rr-ET-nc2-dp2] 85/384 games (3369/h, eta 5m)
  [s3-no_rr-ET-nc2-dp2] 86/384 games (3359/h, eta 5m)
  [s3-no_rr-ET-nc2-dp2] 87/384 games (3362/h, eta 5m)
  [s3-no_rr-ET-nc2-dp2] 88/384 games (3383/h, eta 5m)
  [s3-no_rr-ET-nc2-dp2] 89/384 games (3401/h, eta 5m)
  [s3-no_rr-ET-nc2-dp2] 90/384 games (3371/h, eta 5m)
  [s3-no_rr-ET-nc2-dp2] 91/384 games (3395/h, eta 5m)
  [s3-no_rr-ET-nc2-dp2] 92/384 games (3358/h, eta 5m)
  [s3-no_rr-ET-nc2-dp2] 93/384 games (3382/h, eta 5m)
  [s3-no_rr-ET-nc2-dp2] 94/384 games (3399/h, eta 5m)
  [s3-no_rr-ET-nc2-dp2] 95/384 games (3410/h, eta 5m)
  [s3-no_rr-ET-nc2-dp2] 96/384 games (3410/h, eta 5m)
  [s3-no_rr-ET-nc2-dp2] 97/384 games (3427/h, eta 5m)
  [s3-no_rr-ET-nc2-dp2] 98/384 games (3417/h, eta 5m)
  [s3-no_rr-ET-nc2-dp2] 99/384 games (3432/h, eta 5m)
  [s3-no_rr-ET-nc2-dp2] 100/384 games (3443/h, eta 5m)
  [s3-no_rr-ET-nc2-dp2] 101/384 games (3420/h, eta 5m)
  [s3-no_rr-ET-nc2-dp2] 102/384 games (3387/h, eta 5m)
  [s3-no_rr-ET-nc2-dp2] 103/384 games (3338/h, eta 5m)
  [s3-no_rr-ET-nc2-dp2] 104/384 games (3321/h, eta 5m)
  [s3-no_rr-ET-nc2-dp2] 105/384 games (3340/h, eta 5m)
  [s3-no_rr-ET-nc2-dp2] 106/384 games (3352/h, eta 5m)
  [s3-no_rr-ET-nc2-dp2] 107/384 games (3381/h, eta 5m)
  [s3-no_rr-ET-nc2-dp2] 108/384 games (3405/h, eta 5m)
  [s3-no_rr-ET-nc2-dp2] 109/384 games (3427/h, eta 5m)
  [s3-no_rr-ET-nc2-dp2] 110/384 games (3425/h, eta 5m)
  [s3-no_rr-ET-nc2-dp2] 111/384 games (3433/h, eta 5m)
  [s3-no_rr-ET-nc2-dp2] 112/384 games (3458/h, eta 5m)
  [s3-no_rr-ET-nc2-dp2] 113/384 games (3488/h, eta 5m)
  [s3-no_rr-ET-nc2-dp2] 114/384 games (3480/h, eta 5m)
  [s3-no_rr-ET-nc2-dp2] 115/384 games (3501/h, eta 5m)
  [s3-no_rr-ET-nc2-dp2] 116/384 games (3434/h, eta 5m)
  [s3-no_rr-ET-nc2-dp2] 117/384 games (3447/h, eta 5m)
  [s3-no_rr-ET-nc2-dp2] 118/384 games (3445/h, eta 5m)
  [s3-no_rr-ET-nc2-dp2] 119/384 games (3455/h, eta 5m)
  [s3-no_rr-ET-nc2-dp2] 120/384 games (3482/h, eta 5m)
  [s3-no_rr-ET-nc2-dp2] 121/384 games (3507/h, eta 4m)
  [s3-no_rr-ET-nc2-dp2] 122/384 games (3473/h, eta 5m)
  [s3-no_rr-ET-nc2-dp2] 123/384 games (3480/h, eta 4m)
  [s3-no_rr-ET-nc2-dp2] 124/384 games (3448/h, eta 5m)
  [s3-no_rr-ET-nc2-dp2] 125/384 games (3418/h, eta 5m)
  [s3-no_rr-ET-nc2-dp2] 126/384 games (3399/h, eta 5m)
  [s3-no_rr-ET-nc2-dp2] 127/384 games (3416/h, eta 5m)
  [s3-no_rr-ET-nc2-dp2] 128/384 games (3412/h, eta 5m)
  [s3-no_rr-ET-nc2-dp2] 129/384 games (3401/h, eta 4m)
  [s3-no_rr-ET-nc2-dp2] 130/384 games (3420/h, eta 4m)
  [s3-no_rr-ET-nc2-dp2] 131/384 games (3433/h, eta 4m)
  [s3-no_rr-ET-nc2-dp2] 132/384 games (3400/h, eta 4m)
  [s3-no_rr-ET-nc2-dp2] 133/384 games (3416/h, eta 4m)
  [s3-no_rr-ET-nc2-dp2] 134/384 games (3427/h, eta 4m)
  [s3-no_rr-ET-nc2-dp2] 135/384 games (3425/h, eta 4m)
  [s3-no_rr-ET-nc2-dp2] 136/384 games (3429/h, eta 4m)
  [s3-no_rr-ET-nc2-dp2] 137/384 games (3416/h, eta 4m)
  [s3-no_rr-ET-nc2-dp2] 138/384 games (3417/h, eta 4m)
  [s3-no_rr-ET-nc2-dp2] 139/384 games (3379/h, eta 4m)
  [s3-no_rr-ET-nc2-dp2] 140/384 games (3396/h, eta 4m)
  [s3-no_rr-ET-nc2-dp2] 141/384 games (3387/h, eta 4m)
  [s3-no_rr-ET-nc2-dp2] 142/384 games (3404/h, eta 4m)
  [s3-no_rr-ET-nc2-dp2] 143/384 games (3427/h, eta 4m)
  [s3-no_rr-ET-nc2-dp2] 144/384 games (3447/h, eta 4m)
  [s3-no_rr-ET-nc2-dp2] 145/384 games (3444/h, eta 4m)
  [s3-no_rr-ET-nc2-dp2] 146/384 games (3464/h, eta 4m)
  [s3-no_rr-ET-nc2-dp2] 147/384 games (3483/h, eta 4m)
  [s3-no_rr-ET-nc2-dp2] 148/384 games (3469/h, eta 4m)
  [s3-no_rr-ET-nc2-dp2] 149/384 games (3477/h, eta 4m)
  [s3-no_rr-ET-nc2-dp2] 150/384 games (3497/h, eta 4m)
  [s3-no_rr-ET-nc2-dp2] 151/384 games (3499/h, eta 4m)
  [s3-no_rr-ET-nc2-dp2] 152/384 games (3487/h, eta 4m)
  [s3-no_rr-ET-nc2-dp2] 153/384 games (3484/h, eta 4m)
  [s3-no_rr-ET-nc2-dp2] 154/384 games (3462/h, eta 4m)
  [s3-no_rr-ET-nc2-dp2] 155/384 games (3481/h, eta 4m)
  [s3-no_rr-ET-nc2-dp2] 156/384 games (3495/h, eta 4m)
  [s3-no_rr-ET-nc2-dp2] 157/384 games (3505/h, eta 4m)
  [s3-no_rr-ET-nc2-dp2] 158/384 games (3512/h, eta 4m)
  [s3-no_rr-ET-nc2-dp2] 159/384 games (3533/h, eta 4m)
  [s3-no_rr-ET-nc2-dp2] 160/384 games (3551/h, eta 4m)
  [s3-no_rr-ET-nc2-dp2] 161/384 games (3538/h, eta 4m)
  [s3-no_rr-ET-nc2-dp2] 162/384 games (3535/h, eta 4m)
  [s3-no_rr-ET-nc2-dp2] 163/384 games (3540/h, eta 4m)
  [s3-no_rr-ET-nc2-dp2] 164/384 games (3553/h, eta 4m)
  [s3-no_rr-ET-nc2-dp2] 165/384 games (3565/h, eta 4m)
  [s3-no_rr-ET-nc2-dp2] 166/384 games (3577/h, eta 4m)
  [s3-no_rr-ET-nc2-dp2] 167/384 games (3567/h, eta 4m)
  [s3-no_rr-ET-nc2-dp2] 168/384 games (3565/h, eta 4m)
  [s3-no_rr-ET-nc2-dp2] 169/384 games (3581/h, eta 4m)
  [s3-no_rr-ET-nc2-dp2] 170/384 games (3596/h, eta 4m)
  [s3-no_rr-ET-nc2-dp2] 171/384 games (3477/h, eta 4m)
  [s3-no_rr-ET-nc2-dp2] 172/384 games (3469/h, eta 4m)
  [s3-no_rr-ET-nc2-dp2] 173/384 games (3486/h, eta 4m)
  [s3-no_rr-ET-nc2-dp2] 174/384 games (3486/h, eta 4m)
  [s3-no_rr-ET-nc2-dp2] 175/384 games (3450/h, eta 4m)
  [s3-no_rr-ET-nc2-dp2] 176/384 games (3446/h, eta 4m)
  [s3-no_rr-ET-nc2-dp2] 177/384 games (3449/h, eta 4m)
  [s3-no_rr-ET-nc2-dp2] 178/384 games (3435/h, eta 4m)
  [s3-no_rr-ET-nc2-dp2] 179/384 games (3441/h, eta 4m)
  [s3-no_rr-ET-nc2-dp2] 180/384 games (3428/h, eta 4m)
  [s3-no_rr-ET-nc2-dp2] 181/384 games (3445/h, eta 4m)
  [s3-no_rr-ET-nc2-dp2] 182/384 games (3463/h, eta 3m)
  [s3-no_rr-ET-nc2-dp2] 183/384 games (3472/h, eta 3m)
  [s3-no_rr-ET-nc2-dp2] 184/384 games (3476/h, eta 3m)
  [s3-no_rr-ET-nc2-dp2] 185/384 games (3458/h, eta 3m)
  [s3-no_rr-ET-nc2-dp2] 186/384 games (3448/h, eta 3m)
  [s3-no_rr-ET-nc2-dp2] 187/384 games (3431/h, eta 3m)
  [s3-no_rr-ET-nc2-dp2] 188/384 games (3445/h, eta 3m)
  [s3-no_rr-ET-nc2-dp2] 189/384 games (3451/h, eta 3m)
  [s3-no_rr-ET-nc2-dp2] 190/384 games (3428/h, eta 3m)
  [s3-no_rr-ET-nc2-dp2] 191/384 games (3443/h, eta 3m)
  [s3-no_rr-ET-nc2-dp2] 192/384 games (3452/h, eta 3m)
  [s3-no_rr-ET-nc2-dp2] 193/384 games (3468/h, eta 3m)
  [s3-no_rr-ET-nc2-dp2] 194/384 games (3457/h, eta 3m)
  [s3-no_rr-ET-nc2-dp2] 195/384 games (3469/h, eta 3m)
  [s3-no_rr-ET-nc2-dp2] 196/384 games (3476/h, eta 3m)
  [s3-no_rr-ET-nc2-dp2] 197/384 games (3472/h, eta 3m)
  [s3-no_rr-ET-nc2-dp2] 198/384 games (3466/h, eta 3m)
  [s3-no_rr-ET-nc2-dp2] 199/384 games (3483/h, eta 3m)
  [s3-no_rr-ET-nc2-dp2] 200/384 games (3474/h, eta 3m)
  [s3-no_rr-ET-nc2-dp2] 201/384 games (3488/h, eta 3m)
  [s3-no_rr-ET-nc2-dp2] 202/384 games (3481/h, eta 3m)
  [s3-no_rr-ET-nc2-dp2] 203/384 games (3495/h, eta 3m)
  [s3-no_rr-ET-nc2-dp2] 204/384 games (3494/h, eta 3m)
  [s3-no_rr-ET-nc2-dp2] 205/384 games (3504/h, eta 3m)
  [s3-no_rr-ET-nc2-dp2] 206/384 games (3503/h, eta 3m)
  [s3-no_rr-ET-nc2-dp2] 207/384 games (3516/h, eta 3m)
  [s3-no_rr-ET-nc2-dp2] 208/384 games (3518/h, eta 3m)
  [s3-no_rr-ET-nc2-dp2] 209/384 games (3528/h, eta 3m)
  [s3-no_rr-ET-nc2-dp2] 210/384 games (3513/h, eta 3m)
  [s3-no_rr-ET-nc2-dp2] 211/384 games (3526/h, eta 3m)
  [s3-no_rr-ET-nc2-dp2] 212/384 games (3526/h, eta 3m)
  [s3-no_rr-ET-nc2-dp2] 213/384 games (3541/h, eta 3m)
  [s3-no_rr-ET-nc2-dp2] 214/384 games (3555/h, eta 3m)
  [s3-no_rr-ET-nc2-dp2] 215/384 games (3556/h, eta 3m)
  [s3-no_rr-ET-nc2-dp2] 216/384 games (3546/h, eta 3m)
  [s3-no_rr-ET-nc2-dp2] 217/384 games (3563/h, eta 3m)
  [s3-no_rr-ET-nc2-dp2] 218/384 games (3564/h, eta 3m)
  [s3-no_rr-ET-nc2-dp2] 219/384 games (3545/h, eta 3m)
  [s3-no_rr-ET-nc2-dp2] 220/384 games (3515/h, eta 3m)
  [s3-no_rr-ET-nc2-dp2] 221/384 games (3519/h, eta 3m)
  [s3-no_rr-ET-nc2-dp2] 222/384 games (3532/h, eta 3m)
  [s3-no_rr-ET-nc2-dp2] 223/384 games (3538/h, eta 3m)
  [s3-no_rr-ET-nc2-dp2] 224/384 games (3553/h, eta 3m)
  [s3-no_rr-ET-nc2-dp2] 225/384 games (3535/h, eta 3m)
  [s3-no_rr-ET-nc2-dp2] 226/384 games (3534/h, eta 3m)
  [s3-no_rr-ET-nc2-dp2] 227/384 games (3544/h, eta 3m)
  [s3-no_rr-ET-nc2-dp2] 228/384 games (3557/h, eta 3m)
  [s3-no_rr-ET-nc2-dp2] 229/384 games (3566/h, eta 3m)
  [s3-no_rr-ET-nc2-dp2] 230/384 games (3569/h, eta 3m)
  [s3-no_rr-ET-nc2-dp2] 231/384 games (3582/h, eta 3m)
  [s3-no_rr-ET-nc2-dp2] 232/384 games (3576/h, eta 3m)
  [s3-no_rr-ET-nc2-dp2] 233/384 games (3573/h, eta 3m)
  [s3-no_rr-ET-nc2-dp2] 234/384 games (3577/h, eta 3m)
  [s3-no_rr-ET-nc2-dp2] 235/384 games (3526/h, eta 3m)
  [s3-no_rr-ET-nc2-dp2] 236/384 games (3521/h, eta 3m)
  [s3-no_rr-ET-nc2-dp2] 237/384 games (3517/h, eta 3m)
  [s3-no_rr-ET-nc2-dp2] 238/384 games (3524/h, eta 2m)
  [s3-no_rr-ET-nc2-dp2] 239/384 games (3530/h, eta 2m)
  [s3-no_rr-ET-nc2-dp2] 240/384 games (3528/h, eta 2m)
  [s3-no_rr-ET-nc2-dp2] 241/384 games (3514/h, eta 2m)
  [s3-no_rr-ET-nc2-dp2] 242/384 games (3526/h, eta 2m)
  [s3-no_rr-ET-nc2-dp2] 243/384 games (3538/h, eta 2m)
  [s3-no_rr-ET-nc2-dp2] 244/384 games (3542/h, eta 2m)
  [s3-no_rr-ET-nc2-dp2] 245/384 games (3548/h, eta 2m)
  [s3-no_rr-ET-nc2-dp2] 246/384 games (3559/h, eta 2m)
  [s3-no_rr-ET-nc2-dp2] 247/384 games (3566/h, eta 2m)
  [s3-no_rr-ET-nc2-dp2] 248/384 games (3572/h, eta 2m)
  [s3-no_rr-ET-nc2-dp2] 249/384 games (3584/h, eta 2m)
  [s3-no_rr-ET-nc2-dp2] 250/384 games (3565/h, eta 2m)
  [s3-no_rr-ET-nc2-dp2] 251/384 games (3570/h, eta 2m)
  [s3-no_rr-ET-nc2-dp2] 252/384 games (3581/h, eta 2m)
  [s3-no_rr-ET-nc2-dp2] 253/384 games (3586/h, eta 2m)
  [s3-no_rr-ET-nc2-dp2] 254/384 games (3584/h, eta 2m)
  [s3-no_rr-ET-nc2-dp2] 255/384 games (3583/h, eta 2m)
  [s3-no_rr-ET-nc2-dp2] 256/384 games (3584/h, eta 2m)
  [s3-no_rr-ET-nc2-dp2] 257/384 games (3596/h, eta 2m)
  [s3-no_rr-ET-nc2-dp2] 258/384 games (3609/h, eta 2m)
  [s3-no_rr-ET-nc2-dp2] 259/384 games (3593/h, eta 2m)
  [s3-no_rr-ET-nc2-dp2] 260/384 games (3602/h, eta 2m)
  [s3-no_rr-ET-nc2-dp2] 261/384 games (3599/h, eta 2m)
  [s3-no_rr-ET-nc2-dp2] 262/384 games (3589/h, eta 2m)
  [s3-no_rr-ET-nc2-dp2] 263/384 games (3593/h, eta 2m)
  [s3-no_rr-ET-nc2-dp2] 264/384 games (3602/h, eta 2m)
  [s3-no_rr-ET-nc2-dp2] 265/384 games (3608/h, eta 2m)
  [s3-no_rr-ET-nc2-dp2] 266/384 games (3618/h, eta 2m)
  [s3-no_rr-ET-nc2-dp2] 267/384 games (3631/h, eta 2m)
  [s3-no_rr-ET-nc2-dp2] 268/384 games (3641/h, eta 2m)
  [s3-no_rr-ET-nc2-dp2] 269/384 games (3548/h, eta 2m)
  [s3-no_rr-ET-nc2-dp2] 270/384 games (3533/h, eta 2m)
  [s3-no_rr-ET-nc2-dp2] 271/384 games (3538/h, eta 2m)
  [s3-no_rr-ET-nc2-dp2] 272/384 games (3546/h, eta 2m)
  [s3-no_rr-ET-nc2-dp2] 273/384 games (3535/h, eta 2m)
  [s3-no_rr-ET-nc2-dp2] 274/384 games (3546/h, eta 2m)
  [s3-no_rr-ET-nc2-dp2] 275/384 games (3542/h, eta 2m)
  [s3-no_rr-ET-nc2-dp2] 276/384 games (3554/h, eta 2m)
  [s3-no_rr-ET-nc2-dp2] 277/384 games (3565/h, eta 2m)
  [s3-no_rr-ET-nc2-dp2] 278/384 games (3576/h, eta 2m)
  [s3-no_rr-ET-nc2-dp2] 279/384 games (3574/h, eta 2m)
  [s3-no_rr-ET-nc2-dp2] 280/384 games (3570/h, eta 2m)
  [s3-no_rr-ET-nc2-dp2] 281/384 games (3572/h, eta 2m)
  [s3-no_rr-ET-nc2-dp2] 282/384 games (3562/h, eta 2m)
  [s3-no_rr-ET-nc2-dp2] 283/384 games (3569/h, eta 2m)
  [s3-no_rr-ET-nc2-dp2] 284/384 games (3582/h, eta 2m)
  [s3-no_rr-ET-nc2-dp2] 285/384 games (3587/h, eta 2m)
  [s3-no_rr-ET-nc2-dp2] 286/384 games (3573/h, eta 2m)
  [s3-no_rr-ET-nc2-dp2] 287/384 games (3579/h, eta 2m)
  [s3-no_rr-ET-nc2-dp2] 288/384 games (3588/h, eta 2m)
  [s3-no_rr-ET-nc2-dp2] 289/384 games (3592/h, eta 2m)
  [s3-no_rr-ET-nc2-dp2] 290/384 games (3590/h, eta 2m)
  [s3-no_rr-ET-nc2-dp2] 291/384 games (3598/h, eta 2m)
  [s3-no_rr-ET-nc2-dp2] 292/384 games (3586/h, eta 2m)
  [s3-no_rr-ET-nc2-dp2] 293/384 games (3598/h, eta 2m)
  [s3-no_rr-ET-nc2-dp2] 294/384 games (3606/h, eta 1m)
  [s3-no_rr-ET-nc2-dp2] 295/384 games (3608/h, eta 1m)
  [s3-no_rr-ET-nc2-dp2] 296/384 games (3615/h, eta 1m)
  [s3-no_rr-ET-nc2-dp2] 297/384 games (3627/h, eta 1m)
  [s3-no_rr-ET-nc2-dp2] 298/384 games (3620/h, eta 1m)
  [s3-no_rr-ET-nc2-dp2] 299/384 games (3630/h, eta 1m)
  [s3-no_rr-ET-nc2-dp2] 300/384 games (3622/h, eta 1m)
  [s3-no_rr-ET-nc2-dp2] 301/384 games (3632/h, eta 1m)
  [s3-no_rr-ET-nc2-dp2] 302/384 games (3641/h, eta 1m)
  [s3-no_rr-ET-nc2-dp2] 303/384 games (3650/h, eta 1m)
  [s3-no_rr-ET-nc2-dp2] 304/384 games (3653/h, eta 1m)
  [s3-no_rr-ET-nc2-dp2] 305/384 games (3661/h, eta 1m)
  [s3-no_rr-ET-nc2-dp2] 306/384 games (3669/h, eta 1m)
  [s3-no_rr-ET-nc2-dp2] 307/384 games (3680/h, eta 1m)
  [s3-no_rr-ET-nc2-dp2] 308/384 games (3688/h, eta 1m)
  [s3-no_rr-ET-nc2-dp2] 309/384 games (3683/h, eta 1m)
  [s3-no_rr-ET-nc2-dp2] 310/384 games (3690/h, eta 1m)
  [s3-no_rr-ET-nc2-dp2] 311/384 games (3676/h, eta 1m)
  [s3-no_rr-ET-nc2-dp2] 312/384 games (3680/h, eta 1m)
  [s3-no_rr-ET-nc2-dp2] 313/384 games (3687/h, eta 1m)
  [s3-no_rr-ET-nc2-dp2] 314/384 games (3698/h, eta 1m)
  [s3-no_rr-ET-nc2-dp2] 315/384 games (3679/h, eta 1m)
  [s3-no_rr-ET-nc2-dp2] 316/384 games (3689/h, eta 1m)
  [s3-no_rr-ET-nc2-dp2] 317/384 games (3685/h, eta 1m)
  [s3-no_rr-ET-nc2-dp2] 318/384 games (3682/h, eta 1m)
  [s3-no_rr-ET-nc2-dp2] 319/384 games (3687/h, eta 1m)
  [s3-no_rr-ET-nc2-dp2] 320/384 games (3691/h, eta 1m)
  [s3-no_rr-ET-nc2-dp2] 321/384 games (3686/h, eta 1m)
  [s3-no_rr-ET-nc2-dp2] 322/384 games (3690/h, eta 1m)
  [s3-no_rr-ET-nc2-dp2] 323/384 games (3691/h, eta 1m)
  [s3-no_rr-ET-nc2-dp2] 324/384 games (3701/h, eta 1m)
  [s3-no_rr-ET-nc2-dp2] 325/384 games (3690/h, eta 1m)
  [s3-no_rr-ET-nc2-dp2] 326/384 games (3685/h, eta 1m)
  [s3-no_rr-ET-nc2-dp2] 327/384 games (3686/h, eta 1m)
  [s3-no_rr-ET-nc2-dp2] 328/384 games (3671/h, eta 1m)
  [s3-no_rr-ET-nc2-dp2] 329/384 games (3678/h, eta 1m)
  [s3-no_rr-ET-nc2-dp2] 330/384 games (3690/h, eta 1m)
  [s3-no_rr-ET-nc2-dp2] 331/384 games (3696/h, eta 1m)
  [s3-no_rr-ET-nc2-dp2] 332/384 games (3684/h, eta 1m)
  [s3-no_rr-ET-nc2-dp2] 333/384 games (3688/h, eta 1m)
  [s3-no_rr-ET-nc2-dp2] 334/384 games (3694/h, eta 1m)
  [s3-no_rr-ET-nc2-dp2] 335/384 games (3688/h, eta 1m)
  [s3-no_rr-ET-nc2-dp2] 336/384 games (3683/h, eta 1m)
  [s3-no_rr-ET-nc2-dp2] 337/384 games (3669/h, eta 1m)
  [s3-no_rr-ET-nc2-dp2] 338/384 games (3657/h, eta 1m)
  [s3-no_rr-ET-nc2-dp2] 339/384 games (3653/h, eta 1m)
  [s3-no_rr-ET-nc2-dp2] 340/384 games (3653/h, eta 1m)
  [s3-no_rr-ET-nc2-dp2] 341/384 games (3661/h, eta 1m)
  [s3-no_rr-ET-nc2-dp2] 342/384 games (3659/h, eta 1m)
  [s3-no_rr-ET-nc2-dp2] 343/384 games (3660/h, eta 1m)
  [s3-no_rr-ET-nc2-dp2] 344/384 games (3670/h, eta 1m)
  [s3-no_rr-ET-nc2-dp2] 345/384 games (3675/h, eta 1m)
  [s3-no_rr-ET-nc2-dp2] 346/384 games (3673/h, eta 1m)
  [s3-no_rr-ET-nc2-dp2] 347/384 games (3640/h, eta 1m)
  [s3-no_rr-ET-nc2-dp2] 348/384 games (3645/h, eta 1m)
  [s3-no_rr-ET-nc2-dp2] 349/384 games (3651/h, eta 1m)
  [s3-no_rr-ET-nc2-dp2] 350/384 games (3659/h, eta 1m)
  [s3-no_rr-ET-nc2-dp2] 351/384 games (3643/h, eta 1m)
  [s3-no_rr-ET-nc2-dp2] 352/384 games (3639/h, eta 1m)
  [s3-no_rr-ET-nc2-dp2] 353/384 games (3647/h, eta 1m)
  [s3-no_rr-ET-nc2-dp2] 354/384 games (3656/h, eta 0m)
  [s3-no_rr-ET-nc2-dp2] 355/384 games (3666/h, eta 0m)
  [s3-no_rr-ET-nc2-dp2] 356/384 games (3661/h, eta 0m)
  [s3-no_rr-ET-nc2-dp2] 357/384 games (3659/h, eta 0m)
  [s3-no_rr-ET-nc2-dp2] 358/384 games (3617/h, eta 0m)
  [s3-no_rr-ET-nc2-dp2] 359/384 games (3609/h, eta 0m)
  [s3-no_rr-ET-nc2-dp2] 360/384 games (3619/h, eta 0m)
  [s3-no_rr-ET-nc2-dp2] 361/384 games (3627/h, eta 0m)
  [s3-no_rr-ET-nc2-dp2] 362/384 games (3628/h, eta 0m)
  [s3-no_rr-ET-nc2-dp2] 363/384 games (3630/h, eta 0m)
  [s3-no_rr-ET-nc2-dp2] 364/384 games (3630/h, eta 0m)
  [s3-no_rr-ET-nc2-dp2] 365/384 games (3625/h, eta 0m)
  [s3-no_rr-ET-nc2-dp2] 366/384 games (3624/h, eta 0m)
  [s3-no_rr-ET-nc2-dp2] 367/384 games (3622/h, eta 0m)
  [s3-no_rr-ET-nc2-dp2] 368/384 games (3604/h, eta 0m)
  [s3-no_rr-ET-nc2-dp2] 369/384 games (3609/h, eta 0m)
  [s3-no_rr-ET-nc2-dp2] 370/384 games (3612/h, eta 0m)
  [s3-no_rr-ET-nc2-dp2] 371/384 games (3608/h, eta 0m)
  [s3-no_rr-ET-nc2-dp2] 372/384 games (3610/h, eta 0m)
  [s3-no_rr-ET-nc2-dp2] 373/384 games (3617/h, eta 0m)
  [s3-no_rr-ET-nc2-dp2] 374/384 games (3626/h, eta 0m)
  [s3-no_rr-ET-nc2-dp2] 375/384 games (3634/h, eta 0m)
  [s3-no_rr-ET-nc2-dp2] 376/384 games (3625/h, eta 0m)
  [s3-no_rr-ET-nc2-dp2] 377/384 games (3631/h, eta 0m)
  [s3-no_rr-ET-nc2-dp2] 378/384 games (3638/h, eta 0m)
  [s3-no_rr-ET-nc2-dp2] 379/384 games (3629/h, eta 0m)
  [s3-no_rr-ET-nc2-dp2] 380/384 games (3636/h, eta 0m)
  [s3-no_rr-ET-nc2-dp2] 381/384 games (3638/h, eta 0m)
  [s3-no_rr-ET-nc2-dp2] 382/384 games (3639/h, eta 0m)
  [s3-no_rr-ET-nc2-dp2] 383/384 games (3646/h, eta 0m)
  [s3-no_rr-ET-nc2-dp2] 384/384 games (3614/h, eta 0m)
== s3-no_nn-ET-nc2 -> experiments/results/perturbation/s3-no_nn-ET-nc2.jsonl
  [s3-no_nn-ET-nc2] 1/384 games (1329/h, eta 17m)
  [s3-no_nn-ET-nc2] 2/384 games (1690/h, eta 14m)
  [s3-no_nn-ET-nc2] 3/384 games (2310/h, eta 10m)
  [s3-no_nn-ET-nc2] 4/384 games (2532/h, eta 9m)
  [s3-no_nn-ET-nc2] 5/384 games (2758/h, eta 8m)
  [s3-no_nn-ET-nc2] 6/384 games (2666/h, eta 9m)
  [s3-no_nn-ET-nc2] 7/384 games (2748/h, eta 8m)
  [s3-no_nn-ET-nc2] 8/384 games (2964/h, eta 8m)
  [s3-no_nn-ET-nc2] 9/384 games (3190/h, eta 7m)
  [s3-no_nn-ET-nc2] 10/384 games (2811/h, eta 8m)
  [s3-no_nn-ET-nc2] 11/384 games (3065/h, eta 7m)
  [s3-no_nn-ET-nc2] 12/384 games (3266/h, eta 7m)
  [s3-no_nn-ET-nc2] 13/384 games (3217/h, eta 7m)
  [s3-no_nn-ET-nc2] 14/384 games (3347/h, eta 7m)
  [s3-no_nn-ET-nc2] 15/384 games (3359/h, eta 7m)
  [s3-no_nn-ET-nc2] 16/384 games (3454/h, eta 6m)
  [s3-no_nn-ET-nc2] 17/384 games (3297/h, eta 7m)
  [s3-no_nn-ET-nc2] 18/384 games (3386/h, eta 6m)
  [s3-no_nn-ET-nc2] 19/384 games (3301/h, eta 7m)
  [s3-no_nn-ET-nc2] 20/384 games (3423/h, eta 6m)
  [s3-no_nn-ET-nc2] 21/384 games (3584/h, eta 6m)
  [s3-no_nn-ET-nc2] 22/384 games (3584/h, eta 6m)
  [s3-no_nn-ET-nc2] 23/384 games (3691/h, eta 6m)
  [s3-no_nn-ET-nc2] 24/384 games (3528/h, eta 6m)
  [s3-no_nn-ET-nc2] 25/384 games (3645/h, eta 6m)
  [s3-no_nn-ET-nc2] 26/384 games (3571/h, eta 6m)
  [s3-no_nn-ET-nc2] 27/384 games (3660/h, eta 6m)
  [s3-no_nn-ET-nc2] 28/384 games (3780/h, eta 6m)
  [s3-no_nn-ET-nc2] 29/384 games (3757/h, eta 6m)
  [s3-no_nn-ET-nc2] 30/384 games (3836/h, eta 6m)
  [s3-no_nn-ET-nc2] 31/384 games (3909/h, eta 5m)
  [s3-no_nn-ET-nc2] 32/384 games (3854/h, eta 5m)
  [s3-no_nn-ET-nc2] 33/384 games (3623/h, eta 6m)
  [s3-no_nn-ET-nc2] 34/384 games (3495/h, eta 6m)
  [s3-no_nn-ET-nc2] 35/384 games (3565/h, eta 6m)
  [s3-no_nn-ET-nc2] 36/384 games (3652/h, eta 6m)
  [s3-no_nn-ET-nc2] 37/384 games (3741/h, eta 6m)
  [s3-no_nn-ET-nc2] 38/384 games (3808/h, eta 5m)
  [s3-no_nn-ET-nc2] 39/384 games (3823/h, eta 5m)
  [s3-no_nn-ET-nc2] 40/384 games (3821/h, eta 5m)
  [s3-no_nn-ET-nc2] 41/384 games (3868/h, eta 5m)
  [s3-no_nn-ET-nc2] 42/384 games (3930/h, eta 5m)
  [s3-no_nn-ET-nc2] 43/384 games (3976/h, eta 5m)
  [s3-no_nn-ET-nc2] 44/384 games (3929/h, eta 5m)
  [s3-no_nn-ET-nc2] 45/384 games (3752/h, eta 5m)
  [s3-no_nn-ET-nc2] 46/384 games (3700/h, eta 5m)
  [s3-no_nn-ET-nc2] 47/384 games (3738/h, eta 5m)
  [s3-no_nn-ET-nc2] 48/384 games (3775/h, eta 5m)
  [s3-no_nn-ET-nc2] 49/384 games (3847/h, eta 5m)
  [s3-no_nn-ET-nc2] 50/384 games (3871/h, eta 5m)
  [s3-no_nn-ET-nc2] 51/384 games (3870/h, eta 5m)
  [s3-no_nn-ET-nc2] 52/384 games (3941/h, eta 5m)
  [s3-no_nn-ET-nc2] 53/384 games (3947/h, eta 5m)
  [s3-no_nn-ET-nc2] 54/384 games (3881/h, eta 5m)
  [s3-no_nn-ET-nc2] 55/384 games (3873/h, eta 5m)
  [s3-no_nn-ET-nc2] 56/384 games (3895/h, eta 5m)
  [s3-no_nn-ET-nc2] 57/384 games (3836/h, eta 5m)
  [s3-no_nn-ET-nc2] 58/384 games (3747/h, eta 5m)
  [s3-no_nn-ET-nc2] 59/384 games (3744/h, eta 5m)
  [s3-no_nn-ET-nc2] 60/384 games (3750/h, eta 5m)
  [s3-no_nn-ET-nc2] 61/384 games (3728/h, eta 5m)
  [s3-no_nn-ET-nc2] 62/384 games (3780/h, eta 5m)
  [s3-no_nn-ET-nc2] 63/384 games (3829/h, eta 5m)
  [s3-no_nn-ET-nc2] 64/384 games (3865/h, eta 5m)
  [s3-no_nn-ET-nc2] 65/384 games (3913/h, eta 5m)
  [s3-no_nn-ET-nc2] 66/384 games (3880/h, eta 5m)
  [s3-no_nn-ET-nc2] 67/384 games (3921/h, eta 5m)
  [s3-no_nn-ET-nc2] 68/384 games (3934/h, eta 5m)
  [s3-no_nn-ET-nc2] 69/384 games (3943/h, eta 5m)
  [s3-no_nn-ET-nc2] 70/384 games (3878/h, eta 5m)
  [s3-no_nn-ET-nc2] 71/384 games (3909/h, eta 5m)
  [s3-no_nn-ET-nc2] 72/384 games (3942/h, eta 5m)
  [s3-no_nn-ET-nc2] 73/384 games (3973/h, eta 5m)
  [s3-no_nn-ET-nc2] 74/384 games (3969/h, eta 5m)
  [s3-no_nn-ET-nc2] 75/384 games (4012/h, eta 5m)
  [s3-no_nn-ET-nc2] 76/384 games (3997/h, eta 5m)
  [s3-no_nn-ET-nc2] 77/384 games (4006/h, eta 5m)
  [s3-no_nn-ET-nc2] 78/384 games (4038/h, eta 5m)
  [s3-no_nn-ET-nc2] 79/384 games (4043/h, eta 5m)
  [s3-no_nn-ET-nc2] 80/384 games (4076/h, eta 4m)
  [s3-no_nn-ET-nc2] 81/384 games (4127/h, eta 4m)
  [s3-no_nn-ET-nc2] 82/384 games (4085/h, eta 4m)
  [s3-no_nn-ET-nc2] 83/384 games (4108/h, eta 4m)
  [s3-no_nn-ET-nc2] 84/384 games (4156/h, eta 4m)
  [s3-no_nn-ET-nc2] 85/384 games (4175/h, eta 4m)
  [s3-no_nn-ET-nc2] 86/384 games (4186/h, eta 4m)
  [s3-no_nn-ET-nc2] 87/384 games (4222/h, eta 4m)
  [s3-no_nn-ET-nc2] 88/384 games (3962/h, eta 4m)
  [s3-no_nn-ET-nc2] 89/384 games (4001/h, eta 4m)
  [s3-no_nn-ET-nc2] 90/384 games (4018/h, eta 4m)
  [s3-no_nn-ET-nc2] 91/384 games (3932/h, eta 4m)
  [s3-no_nn-ET-nc2] 92/384 games (3968/h, eta 4m)
  [s3-no_nn-ET-nc2] 93/384 games (3987/h, eta 4m)
  [s3-no_nn-ET-nc2] 94/384 games (4011/h, eta 4m)
  [s3-no_nn-ET-nc2] 95/384 games (4017/h, eta 4m)
  [s3-no_nn-ET-nc2] 96/384 games (4007/h, eta 4m)
  [s3-no_nn-ET-nc2] 97/384 games (4030/h, eta 4m)
  [s3-no_nn-ET-nc2] 98/384 games (3998/h, eta 4m)
  [s3-no_nn-ET-nc2] 99/384 games (4007/h, eta 4m)
  [s3-no_nn-ET-nc2] 100/384 games (3988/h, eta 4m)
  [s3-no_nn-ET-nc2] 101/384 games (4013/h, eta 4m)
  [s3-no_nn-ET-nc2] 102/384 games (4039/h, eta 4m)
  [s3-no_nn-ET-nc2] 103/384 games (4066/h, eta 4m)
  [s3-no_nn-ET-nc2] 104/384 games (4084/h, eta 4m)
  [s3-no_nn-ET-nc2] 105/384 games (4117/h, eta 4m)
  [s3-no_nn-ET-nc2] 106/384 games (4145/h, eta 4m)
  [s3-no_nn-ET-nc2] 107/384 games (4157/h, eta 4m)
  [s3-no_nn-ET-nc2] 108/384 games (4178/h, eta 4m)
  [s3-no_nn-ET-nc2] 109/384 games (4211/h, eta 4m)
  [s3-no_nn-ET-nc2] 110/384 games (4211/h, eta 4m)
  [s3-no_nn-ET-nc2] 111/384 games (4228/h, eta 4m)
  [s3-no_nn-ET-nc2] 112/384 games (4239/h, eta 4m)
  [s3-no_nn-ET-nc2] 113/384 games (4271/h, eta 4m)
  [s3-no_nn-ET-nc2] 114/384 games (4301/h, eta 4m)
  [s3-no_nn-ET-nc2] 115/384 games (4283/h, eta 4m)
  [s3-no_nn-ET-nc2] 116/384 games (4308/h, eta 4m)
  [s3-no_nn-ET-nc2] 117/384 games (4331/h, eta 4m)
  [s3-no_nn-ET-nc2] 118/384 games (4355/h, eta 4m)
  [s3-no_nn-ET-nc2] 119/384 games (4335/h, eta 4m)
  [s3-no_nn-ET-nc2] 120/384 games (4332/h, eta 4m)
  [s3-no_nn-ET-nc2] 121/384 games (4343/h, eta 4m)
  [s3-no_nn-ET-nc2] 122/384 games (4330/h, eta 4m)
  [s3-no_nn-ET-nc2] 123/384 games (4364/h, eta 4m)
  [s3-no_nn-ET-nc2] 124/384 games (4353/h, eta 4m)
  [s3-no_nn-ET-nc2] 125/384 games (4312/h, eta 4m)
  [s3-no_nn-ET-nc2] 126/384 games (4345/h, eta 4m)
  [s3-no_nn-ET-nc2] 127/384 games (4348/h, eta 4m)
  [s3-no_nn-ET-nc2] 128/384 games (4241/h, eta 4m)
  [s3-no_nn-ET-nc2] 129/384 games (4260/h, eta 4m)
  [s3-no_nn-ET-nc2] 130/384 games (4273/h, eta 4m)
  [s3-no_nn-ET-nc2] 131/384 games (4296/h, eta 4m)
  [s3-no_nn-ET-nc2] 132/384 games (4320/h, eta 4m)
  [s3-no_nn-ET-nc2] 133/384 games (4331/h, eta 3m)
  [s3-no_nn-ET-nc2] 134/384 games (4362/h, eta 3m)
  [s3-no_nn-ET-nc2] 135/384 games (4394/h, eta 3m)
  [s3-no_nn-ET-nc2] 136/384 games (4330/h, eta 3m)
  [s3-no_nn-ET-nc2] 137/384 games (4351/h, eta 3m)
  [s3-no_nn-ET-nc2] 138/384 games (4329/h, eta 3m)
  [s3-no_nn-ET-nc2] 139/384 games (4356/h, eta 3m)
  [s3-no_nn-ET-nc2] 140/384 games (4280/h, eta 3m)
  [s3-no_nn-ET-nc2] 141/384 games (4267/h, eta 3m)
  [s3-no_nn-ET-nc2] 142/384 games (4279/h, eta 3m)
  [s3-no_nn-ET-nc2] 143/384 games (4275/h, eta 3m)
  [s3-no_nn-ET-nc2] 144/384 games (4269/h, eta 3m)
  [s3-no_nn-ET-nc2] 145/384 games (4285/h, eta 3m)
  [s3-no_nn-ET-nc2] 146/384 games (4288/h, eta 3m)
  [s3-no_nn-ET-nc2] 147/384 games (4313/h, eta 3m)
  [s3-no_nn-ET-nc2] 148/384 games (4305/h, eta 3m)
  [s3-no_nn-ET-nc2] 149/384 games (4305/h, eta 3m)
  [s3-no_nn-ET-nc2] 150/384 games (4323/h, eta 3m)
  [s3-no_nn-ET-nc2] 151/384 games (4345/h, eta 3m)
  [s3-no_nn-ET-nc2] 152/384 games (4329/h, eta 3m)
  [s3-no_nn-ET-nc2] 153/384 games (4330/h, eta 3m)
  [s3-no_nn-ET-nc2] 154/384 games (4243/h, eta 3m)
  [s3-no_nn-ET-nc2] 155/384 games (4266/h, eta 3m)
  [s3-no_nn-ET-nc2] 156/384 games (4278/h, eta 3m)
  [s3-no_nn-ET-nc2] 157/384 games (4304/h, eta 3m)
  [s3-no_nn-ET-nc2] 158/384 games (4325/h, eta 3m)
  [s3-no_nn-ET-nc2] 159/384 games (4330/h, eta 3m)
  [s3-no_nn-ET-nc2] 160/384 games (4330/h, eta 3m)
  [s3-no_nn-ET-nc2] 161/384 games (4320/h, eta 3m)
  [s3-no_nn-ET-nc2] 162/384 games (4336/h, eta 3m)
  [s3-no_nn-ET-nc2] 163/384 games (4325/h, eta 3m)
  [s3-no_nn-ET-nc2] 164/384 games (4320/h, eta 3m)
  [s3-no_nn-ET-nc2] 165/384 games (4338/h, eta 3m)
  [s3-no_nn-ET-nc2] 166/384 games (4327/h, eta 3m)
  [s3-no_nn-ET-nc2] 167/384 games (4336/h, eta 3m)
  [s3-no_nn-ET-nc2] 168/384 games (4344/h, eta 3m)
  [s3-no_nn-ET-nc2] 169/384 games (4364/h, eta 3m)
  [s3-no_nn-ET-nc2] 170/384 games (4362/h, eta 3m)
  [s3-no_nn-ET-nc2] 171/384 games (4383/h, eta 3m)
  [s3-no_nn-ET-nc2] 172/384 games (4405/h, eta 3m)
  [s3-no_nn-ET-nc2] 173/384 games (4389/h, eta 3m)
  [s3-no_nn-ET-nc2] 174/384 games (4380/h, eta 3m)
  [s3-no_nn-ET-nc2] 175/384 games (4401/h, eta 3m)
  [s3-no_nn-ET-nc2] 176/384 games (4391/h, eta 3m)
  [s3-no_nn-ET-nc2] 177/384 games (4385/h, eta 3m)
  [s3-no_nn-ET-nc2] 178/384 games (4368/h, eta 3m)
  [s3-no_nn-ET-nc2] 179/384 games (4389/h, eta 3m)
  [s3-no_nn-ET-nc2] 180/384 games (4363/h, eta 3m)
  [s3-no_nn-ET-nc2] 181/384 games (4357/h, eta 3m)
  [s3-no_nn-ET-nc2] 182/384 games (4379/h, eta 3m)
  [s3-no_nn-ET-nc2] 183/384 games (4391/h, eta 3m)
  [s3-no_nn-ET-nc2] 184/384 games (4412/h, eta 3m)
  [s3-no_nn-ET-nc2] 185/384 games (4427/h, eta 3m)
  [s3-no_nn-ET-nc2] 186/384 games (4399/h, eta 3m)
  [s3-no_nn-ET-nc2] 187/384 games (4409/h, eta 3m)
  [s3-no_nn-ET-nc2] 188/384 games (4360/h, eta 3m)
  [s3-no_nn-ET-nc2] 189/384 games (4372/h, eta 3m)
  [s3-no_nn-ET-nc2] 190/384 games (4392/h, eta 3m)
  [s3-no_nn-ET-nc2] 191/384 games (4367/h, eta 3m)
  [s3-no_nn-ET-nc2] 192/384 games (4356/h, eta 3m)
  [s3-no_nn-ET-nc2] 193/384 games (4336/h, eta 3m)
  [s3-no_nn-ET-nc2] 194/384 games (4337/h, eta 3m)
  [s3-no_nn-ET-nc2] 195/384 games (4355/h, eta 3m)
  [s3-no_nn-ET-nc2] 196/384 games (4377/h, eta 3m)
  [s3-no_nn-ET-nc2] 197/384 games (4398/h, eta 3m)
  [s3-no_nn-ET-nc2] 198/384 games (4320/h, eta 3m)
  [s3-no_nn-ET-nc2] 199/384 games (4323/h, eta 3m)
  [s3-no_nn-ET-nc2] 200/384 games (4332/h, eta 3m)
  [s3-no_nn-ET-nc2] 201/384 games (4317/h, eta 3m)
  [s3-no_nn-ET-nc2] 202/384 games (4339/h, eta 3m)
  [s3-no_nn-ET-nc2] 203/384 games (4326/h, eta 3m)
  [s3-no_nn-ET-nc2] 204/384 games (4341/h, eta 2m)
  [s3-no_nn-ET-nc2] 205/384 games (4354/h, eta 2m)
  [s3-no_nn-ET-nc2] 206/384 games (4367/h, eta 2m)
  [s3-no_nn-ET-nc2] 207/384 games (4362/h, eta 2m)
  [s3-no_nn-ET-nc2] 208/384 games (4370/h, eta 2m)
  [s3-no_nn-ET-nc2] 209/384 games (4356/h, eta 2m)
  [s3-no_nn-ET-nc2] 210/384 games (4364/h, eta 2m)
  [s3-no_nn-ET-nc2] 211/384 games (4375/h, eta 2m)
  [s3-no_nn-ET-nc2] 212/384 games (4364/h, eta 2m)
  [s3-no_nn-ET-nc2] 213/384 games (4353/h, eta 2m)
  [s3-no_nn-ET-nc2] 214/384 games (4363/h, eta 2m)
  [s3-no_nn-ET-nc2] 215/384 games (4377/h, eta 2m)
  [s3-no_nn-ET-nc2] 216/384 games (4397/h, eta 2m)
  [s3-no_nn-ET-nc2] 217/384 games (4402/h, eta 2m)
  [s3-no_nn-ET-nc2] 218/384 games (4413/h, eta 2m)
  [s3-no_nn-ET-nc2] 219/384 games (4400/h, eta 2m)
  [s3-no_nn-ET-nc2] 220/384 games (4396/h, eta 2m)
  [s3-no_nn-ET-nc2] 221/384 games (4382/h, eta 2m)
  [s3-no_nn-ET-nc2] 222/384 games (4375/h, eta 2m)
  [s3-no_nn-ET-nc2] 223/384 games (4368/h, eta 2m)
  [s3-no_nn-ET-nc2] 224/384 games (4362/h, eta 2m)
  [s3-no_nn-ET-nc2] 225/384 games (4370/h, eta 2m)
  [s3-no_nn-ET-nc2] 226/384 games (4331/h, eta 2m)
  [s3-no_nn-ET-nc2] 227/384 games (4345/h, eta 2m)
  [s3-no_nn-ET-nc2] 228/384 games (4362/h, eta 2m)
  [s3-no_nn-ET-nc2] 229/384 games (4328/h, eta 2m)
  [s3-no_nn-ET-nc2] 230/384 games (4337/h, eta 2m)
  [s3-no_nn-ET-nc2] 231/384 games (4338/h, eta 2m)
  [s3-no_nn-ET-nc2] 232/384 games (4353/h, eta 2m)
  [s3-no_nn-ET-nc2] 233/384 games (4354/h, eta 2m)
  [s3-no_nn-ET-nc2] 234/384 games (4370/h, eta 2m)
  [s3-no_nn-ET-nc2] 235/384 games (4352/h, eta 2m)
  [s3-no_nn-ET-nc2] 236/384 games (4368/h, eta 2m)
  [s3-no_nn-ET-nc2] 237/384 games (4370/h, eta 2m)
  [s3-no_nn-ET-nc2] 238/384 games (4346/h, eta 2m)
  [s3-no_nn-ET-nc2] 239/384 games (4348/h, eta 2m)
  [s3-no_nn-ET-nc2] 240/384 games (4359/h, eta 2m)
  [s3-no_nn-ET-nc2] 241/384 games (4327/h, eta 2m)
  [s3-no_nn-ET-nc2] 242/384 games (4294/h, eta 2m)
  [s3-no_nn-ET-nc2] 243/384 games (4311/h, eta 2m)
  [s3-no_nn-ET-nc2] 244/384 games (4325/h, eta 2m)
  [s3-no_nn-ET-nc2] 245/384 games (4335/h, eta 2m)
  [s3-no_nn-ET-nc2] 246/384 games (4338/h, eta 2m)
  [s3-no_nn-ET-nc2] 247/384 games (4356/h, eta 2m)
  [s3-no_nn-ET-nc2] 248/384 games (4346/h, eta 2m)
  [s3-no_nn-ET-nc2] 249/384 games (4326/h, eta 2m)
  [s3-no_nn-ET-nc2] 250/384 games (4311/h, eta 2m)
  [s3-no_nn-ET-nc2] 251/384 games (4315/h, eta 2m)
  [s3-no_nn-ET-nc2] 252/384 games (4328/h, eta 2m)
  [s3-no_nn-ET-nc2] 253/384 games (4321/h, eta 2m)
  [s3-no_nn-ET-nc2] 254/384 games (4330/h, eta 2m)
  [s3-no_nn-ET-nc2] 255/384 games (4332/h, eta 2m)
  [s3-no_nn-ET-nc2] 256/384 games (4330/h, eta 2m)
  [s3-no_nn-ET-nc2] 257/384 games (4340/h, eta 2m)
  [s3-no_nn-ET-nc2] 258/384 games (4336/h, eta 2m)
  [s3-no_nn-ET-nc2] 259/384 games (4328/h, eta 2m)
  [s3-no_nn-ET-nc2] 260/384 games (4342/h, eta 2m)
  [s3-no_nn-ET-nc2] 261/384 games (4338/h, eta 2m)
  [s3-no_nn-ET-nc2] 262/384 games (4324/h, eta 2m)
  [s3-no_nn-ET-nc2] 263/384 games (4275/h, eta 2m)
  [s3-no_nn-ET-nc2] 264/384 games (4288/h, eta 2m)
  [s3-no_nn-ET-nc2] 265/384 games (4304/h, eta 2m)
  [s3-no_nn-ET-nc2] 266/384 games (4316/h, eta 2m)
  [s3-no_nn-ET-nc2] 267/384 games (4314/h, eta 2m)
  [s3-no_nn-ET-nc2] 268/384 games (4307/h, eta 2m)
  [s3-no_nn-ET-nc2] 269/384 games (4298/h, eta 2m)
  [s3-no_nn-ET-nc2] 270/384 games (4313/h, eta 2m)
  [s3-no_nn-ET-nc2] 271/384 games (4308/h, eta 2m)
  [s3-no_nn-ET-nc2] 272/384 games (4318/h, eta 2m)
  [s3-no_nn-ET-nc2] 273/384 games (4329/h, eta 2m)
  [s3-no_nn-ET-nc2] 274/384 games (4330/h, eta 2m)
  [s3-no_nn-ET-nc2] 275/384 games (4318/h, eta 2m)
  [s3-no_nn-ET-nc2] 276/384 games (4329/h, eta 1m)
  [s3-no_nn-ET-nc2] 277/384 games (4325/h, eta 1m)
  [s3-no_nn-ET-nc2] 278/384 games (4319/h, eta 1m)
  [s3-no_nn-ET-nc2] 279/384 games (4318/h, eta 1m)
  [s3-no_nn-ET-nc2] 280/384 games (4330/h, eta 1m)
  [s3-no_nn-ET-nc2] 281/384 games (4273/h, eta 1m)
  [s3-no_nn-ET-nc2] 282/384 games (4279/h, eta 1m)
  [s3-no_nn-ET-nc2] 283/384 games (4277/h, eta 1m)
  [s3-no_nn-ET-nc2] 284/384 games (4284/h, eta 1m)
  [s3-no_nn-ET-nc2] 285/384 games (4277/h, eta 1m)
  [s3-no_nn-ET-nc2] 286/384 games (4291/h, eta 1m)
  [s3-no_nn-ET-nc2] 287/384 games (4303/h, eta 1m)
  [s3-no_nn-ET-nc2] 288/384 games (4311/h, eta 1m)
  [s3-no_nn-ET-nc2] 289/384 games (4322/h, eta 1m)
  [s3-no_nn-ET-nc2] 290/384 games (4308/h, eta 1m)
  [s3-no_nn-ET-nc2] 291/384 games (4299/h, eta 1m)
  [s3-no_nn-ET-nc2] 292/384 games (4312/h, eta 1m)
  [s3-no_nn-ET-nc2] 293/384 games (4311/h, eta 1m)
  [s3-no_nn-ET-nc2] 294/384 games (4320/h, eta 1m)
  [s3-no_nn-ET-nc2] 295/384 games (4326/h, eta 1m)
  [s3-no_nn-ET-nc2] 296/384 games (4323/h, eta 1m)
  [s3-no_nn-ET-nc2] 297/384 games (4323/h, eta 1m)
  [s3-no_nn-ET-nc2] 298/384 games (4335/h, eta 1m)
  [s3-no_nn-ET-nc2] 299/384 games (4340/h, eta 1m)
  [s3-no_nn-ET-nc2] 300/384 games (4352/h, eta 1m)
  [s3-no_nn-ET-nc2] 301/384 games (4365/h, eta 1m)
  [s3-no_nn-ET-nc2] 302/384 games (4367/h, eta 1m)
  [s3-no_nn-ET-nc2] 303/384 games (4374/h, eta 1m)
  [s3-no_nn-ET-nc2] 304/384 games (4381/h, eta 1m)
  [s3-no_nn-ET-nc2] 305/384 games (4388/h, eta 1m)
  [s3-no_nn-ET-nc2] 306/384 games (4383/h, eta 1m)
  [s3-no_nn-ET-nc2] 307/384 games (4357/h, eta 1m)
  [s3-no_nn-ET-nc2] 308/384 games (4343/h, eta 1m)
  [s3-no_nn-ET-nc2] 309/384 games (4331/h, eta 1m)
  [s3-no_nn-ET-nc2] 310/384 games (4338/h, eta 1m)
  [s3-no_nn-ET-nc2] 311/384 games (4347/h, eta 1m)
  [s3-no_nn-ET-nc2] 312/384 games (4350/h, eta 1m)
  [s3-no_nn-ET-nc2] 313/384 games (4356/h, eta 1m)
  [s3-no_nn-ET-nc2] 314/384 games (4360/h, eta 1m)
  [s3-no_nn-ET-nc2] 315/384 games (4361/h, eta 1m)
  [s3-no_nn-ET-nc2] 316/384 games (4346/h, eta 1m)
  [s3-no_nn-ET-nc2] 317/384 games (4351/h, eta 1m)
  [s3-no_nn-ET-nc2] 318/384 games (4363/h, eta 1m)
  [s3-no_nn-ET-nc2] 319/384 games (4360/h, eta 1m)
  [s3-no_nn-ET-nc2] 320/384 games (4364/h, eta 1m)
  [s3-no_nn-ET-nc2] 321/384 games (4377/h, eta 1m)
  [s3-no_nn-ET-nc2] 322/384 games (4377/h, eta 1m)
  [s3-no_nn-ET-nc2] 323/384 games (4382/h, eta 1m)
  [s3-no_nn-ET-nc2] 324/384 games (4392/h, eta 1m)
  [s3-no_nn-ET-nc2] 325/384 games (4389/h, eta 1m)
  [s3-no_nn-ET-nc2] 326/384 games (4399/h, eta 1m)
  [s3-no_nn-ET-nc2] 327/384 games (4399/h, eta 1m)
  [s3-no_nn-ET-nc2] 328/384 games (4405/h, eta 1m)
  [s3-no_nn-ET-nc2] 329/384 games (4415/h, eta 1m)
  [s3-no_nn-ET-nc2] 330/384 games (4422/h, eta 1m)
  [s3-no_nn-ET-nc2] 331/384 games (4431/h, eta 1m)
  [s3-no_nn-ET-nc2] 332/384 games (4434/h, eta 1m)
  [s3-no_nn-ET-nc2] 333/384 games (4443/h, eta 1m)
  [s3-no_nn-ET-nc2] 334/384 games (4418/h, eta 1m)
  [s3-no_nn-ET-nc2] 335/384 games (4429/h, eta 1m)
  [s3-no_nn-ET-nc2] 336/384 games (4413/h, eta 1m)
  [s3-no_nn-ET-nc2] 337/384 games (4398/h, eta 1m)
  [s3-no_nn-ET-nc2] 338/384 games (4405/h, eta 1m)
  [s3-no_nn-ET-nc2] 339/384 games (4412/h, eta 1m)
  [s3-no_nn-ET-nc2] 340/384 games (4411/h, eta 1m)
  [s3-no_nn-ET-nc2] 341/384 games (4421/h, eta 1m)
  [s3-no_nn-ET-nc2] 342/384 games (4433/h, eta 1m)
  [s3-no_nn-ET-nc2] 343/384 games (4445/h, eta 1m)
  [s3-no_nn-ET-nc2] 344/384 games (4450/h, eta 1m)
  [s3-no_nn-ET-nc2] 345/384 games (4444/h, eta 1m)
  [s3-no_nn-ET-nc2] 346/384 games (4432/h, eta 1m)
  [s3-no_nn-ET-nc2] 347/384 games (4427/h, eta 1m)
  [s3-no_nn-ET-nc2] 348/384 games (4410/h, eta 0m)
  [s3-no_nn-ET-nc2] 349/384 games (4380/h, eta 0m)
  [s3-no_nn-ET-nc2] 350/384 games (4386/h, eta 0m)
  [s3-no_nn-ET-nc2] 351/384 games (4397/h, eta 0m)
  [s3-no_nn-ET-nc2] 352/384 games (4378/h, eta 0m)
  [s3-no_nn-ET-nc2] 353/384 games (4383/h, eta 0m)
  [s3-no_nn-ET-nc2] 354/384 games (4387/h, eta 0m)
  [s3-no_nn-ET-nc2] 355/384 games (4379/h, eta 0m)
  [s3-no_nn-ET-nc2] 356/384 games (4386/h, eta 0m)
  [s3-no_nn-ET-nc2] 357/384 games (4391/h, eta 0m)
  [s3-no_nn-ET-nc2] 358/384 games (4398/h, eta 0m)
  [s3-no_nn-ET-nc2] 359/384 games (4362/h, eta 0m)
  [s3-no_nn-ET-nc2] 360/384 games (4373/h, eta 0m)
  [s3-no_nn-ET-nc2] 361/384 games (4359/h, eta 0m)
  [s3-no_nn-ET-nc2] 362/384 games (4352/h, eta 0m)
  [s3-no_nn-ET-nc2] 363/384 games (4340/h, eta 0m)
  [s3-no_nn-ET-nc2] 364/384 games (4351/h, eta 0m)
  [s3-no_nn-ET-nc2] 365/384 games (4340/h, eta 0m)
  [s3-no_nn-ET-nc2] 366/384 games (4348/h, eta 0m)
  [s3-no_nn-ET-nc2] 367/384 games (4357/h, eta 0m)
  [s3-no_nn-ET-nc2] 368/384 games (4361/h, eta 0m)
  [s3-no_nn-ET-nc2] 369/384 games (4365/h, eta 0m)
  [s3-no_nn-ET-nc2] 370/384 games (4374/h, eta 0m)
  [s3-no_nn-ET-nc2] 371/384 games (4365/h, eta 0m)
  [s3-no_nn-ET-nc2] 372/384 games (4372/h, eta 0m)
  [s3-no_nn-ET-nc2] 373/384 games (4369/h, eta 0m)
  [s3-no_nn-ET-nc2] 374/384 games (4379/h, eta 0m)
  [s3-no_nn-ET-nc2] 375/384 games (4390/h, eta 0m)
  [s3-no_nn-ET-nc2] 376/384 games (4388/h, eta 0m)
  [s3-no_nn-ET-nc2] 377/384 games (4392/h, eta 0m)
  [s3-no_nn-ET-nc2] 378/384 games (4401/h, eta 0m)
  [s3-no_nn-ET-nc2] 379/384 games (4410/h, eta 0m)
  [s3-no_nn-ET-nc2] 380/384 games (4419/h, eta 0m)
  [s3-no_nn-ET-nc2] 381/384 games (4404/h, eta 0m)
  [s3-no_nn-ET-nc2] 382/384 games (4413/h, eta 0m)
  [s3-no_nn-ET-nc2] 383/384 games (4398/h, eta 0m)
  [s3-no_nn-ET-nc2] 384/384 games (4360/h, eta 0m)
== s3-no_nn-ET-dp2 -> experiments/results/perturbation/s3-no_nn-ET-dp2.jsonl
  [s3-no_nn-ET-dp2] 1/384 games (2652/h, eta 9m)
  [s3-no_nn-ET-dp2] 2/384 games (3845/h, eta 6m)
  [s3-no_nn-ET-dp2] 3/384 games (3799/h, eta 6m)
  [s3-no_nn-ET-dp2] 4/384 games (3376/h, eta 7m)
  [s3-no_nn-ET-dp2] 5/384 games (3442/h, eta 7m)
  [s3-no_nn-ET-dp2] 6/384 games (2528/h, eta 9m)
  [s3-no_nn-ET-dp2] 7/384 games (2916/h, eta 8m)
  [s3-no_nn-ET-dp2] 8/384 games (2938/h, eta 8m)
  [s3-no_nn-ET-dp2] 9/384 games (3051/h, eta 7m)
  [s3-no_nn-ET-dp2] 10/384 games (3138/h, eta 7m)
  [s3-no_nn-ET-dp2] 11/384 games (3067/h, eta 7m)
  [s3-no_nn-ET-dp2] 12/384 games (3156/h, eta 7m)
  [s3-no_nn-ET-dp2] 13/384 games (3281/h, eta 7m)
  [s3-no_nn-ET-dp2] 14/384 games (3245/h, eta 7m)
  [s3-no_nn-ET-dp2] 15/384 games (3476/h, eta 6m)
  [s3-no_nn-ET-dp2] 16/384 games (3616/h, eta 6m)
  [s3-no_nn-ET-dp2] 17/384 games (3676/h, eta 6m)
  [s3-no_nn-ET-dp2] 18/384 games (3673/h, eta 6m)
  [s3-no_nn-ET-dp2] 19/384 games (3811/h, eta 6m)
  [s3-no_nn-ET-dp2] 20/384 games (3869/h, eta 6m)
  [s3-no_nn-ET-dp2] 21/384 games (3902/h, eta 6m)
  [s3-no_nn-ET-dp2] 22/384 games (3998/h, eta 5m)
  [s3-no_nn-ET-dp2] 23/384 games (4083/h, eta 5m)
  [s3-no_nn-ET-dp2] 24/384 games (4078/h, eta 5m)
  [s3-no_nn-ET-dp2] 25/384 games (4100/h, eta 5m)
  [s3-no_nn-ET-dp2] 26/384 games (4001/h, eta 5m)
  [s3-no_nn-ET-dp2] 27/384 games (3984/h, eta 5m)
  [s3-no_nn-ET-dp2] 28/384 games (4024/h, eta 5m)
  [s3-no_nn-ET-dp2] 29/384 games (4126/h, eta 5m)
  [s3-no_nn-ET-dp2] 30/384 games (4029/h, eta 5m)
  [s3-no_nn-ET-dp2] 31/384 games (3744/h, eta 6m)
  [s3-no_nn-ET-dp2] 32/384 games (3802/h, eta 6m)
  [s3-no_nn-ET-dp2] 33/384 games (3866/h, eta 5m)
  [s3-no_nn-ET-dp2] 34/384 games (3909/h, eta 5m)
  [s3-no_nn-ET-dp2] 35/384 games (3848/h, eta 5m)
  [s3-no_nn-ET-dp2] 36/384 games (3674/h, eta 6m)
  [s3-no_nn-ET-dp2] 37/384 games (3765/h, eta 6m)
  [s3-no_nn-ET-dp2] 38/384 games (3812/h, eta 5m)
  [s3-no_nn-ET-dp2] 39/384 games (3847/h, eta 5m)
  [s3-no_nn-ET-dp2] 40/384 games (3871/h, eta 5m)
  [s3-no_nn-ET-dp2] 41/384 games (3915/h, eta 5m)
  [s3-no_nn-ET-dp2] 42/384 games (3955/h, eta 5m)
  [s3-no_nn-ET-dp2] 43/384 games (3908/h, eta 5m)
  [s3-no_nn-ET-dp2] 44/384 games (3786/h, eta 5m)
  [s3-no_nn-ET-dp2] 45/384 games (3811/h, eta 5m)
  [s3-no_nn-ET-dp2] 46/384 games (3791/h, eta 5m)
  [s3-no_nn-ET-dp2] 47/384 games (3777/h, eta 5m)
  [s3-no_nn-ET-dp2] 48/384 games (3712/h, eta 5m)
  [s3-no_nn-ET-dp2] 49/384 games (3777/h, eta 5m)
  [s3-no_nn-ET-dp2] 50/384 games (3850/h, eta 5m)
  [s3-no_nn-ET-dp2] 51/384 games (3761/h, eta 5m)
  [s3-no_nn-ET-dp2] 52/384 games (3796/h, eta 5m)
  [s3-no_nn-ET-dp2] 53/384 games (3843/h, eta 5m)
  [s3-no_nn-ET-dp2] 54/384 games (3882/h, eta 5m)
  [s3-no_nn-ET-dp2] 55/384 games (3931/h, eta 5m)
  [s3-no_nn-ET-dp2] 56/384 games (3844/h, eta 5m)
  [s3-no_nn-ET-dp2] 57/384 games (3872/h, eta 5m)
  [s3-no_nn-ET-dp2] 58/384 games (3932/h, eta 5m)
  [s3-no_nn-ET-dp2] 59/384 games (3884/h, eta 5m)
  [s3-no_nn-ET-dp2] 60/384 games (3908/h, eta 5m)
  [s3-no_nn-ET-dp2] 61/384 games (3904/h, eta 5m)
  [s3-no_nn-ET-dp2] 62/384 games (3821/h, eta 5m)
  [s3-no_nn-ET-dp2] 63/384 games (3838/h, eta 5m)
  [s3-no_nn-ET-dp2] 64/384 games (3679/h, eta 5m)
  [s3-no_nn-ET-dp2] 65/384 games (3710/h, eta 5m)
  [s3-no_nn-ET-dp2] 66/384 games (3759/h, eta 5m)
  [s3-no_nn-ET-dp2] 67/384 games (3777/h, eta 5m)
  [s3-no_nn-ET-dp2] 68/384 games (3825/h, eta 5m)
  [s3-no_nn-ET-dp2] 69/384 games (3830/h, eta 5m)
  [s3-no_nn-ET-dp2] 70/384 games (3868/h, eta 5m)
  [s3-no_nn-ET-dp2] 71/384 games (3867/h, eta 5m)
  [s3-no_nn-ET-dp2] 72/384 games (3905/h, eta 5m)
  [s3-no_nn-ET-dp2] 73/384 games (3862/h, eta 5m)
  [s3-no_nn-ET-dp2] 74/384 games (3781/h, eta 5m)
  [s3-no_nn-ET-dp2] 75/384 games (3635/h, eta 5m)
  [s3-no_nn-ET-dp2] 76/384 games (3623/h, eta 5m)
  [s3-no_nn-ET-dp2] 77/384 games (3627/h, eta 5m)
  [s3-no_nn-ET-dp2] 78/384 games (3640/h, eta 5m)
  [s3-no_nn-ET-dp2] 79/384 games (3678/h, eta 5m)
  [s3-no_nn-ET-dp2] 80/384 games (3720/h, eta 5m)
  [s3-no_nn-ET-dp2] 81/384 games (3758/h, eta 5m)
  [s3-no_nn-ET-dp2] 82/384 games (3788/h, eta 5m)
  [s3-no_nn-ET-dp2] 83/384 games (3776/h, eta 5m)
  [s3-no_nn-ET-dp2] 84/384 games (3801/h, eta 5m)
  [s3-no_nn-ET-dp2] 85/384 games (3814/h, eta 5m)
  [s3-no_nn-ET-dp2] 86/384 games (3845/h, eta 5m)
  [s3-no_nn-ET-dp2] 87/384 games (3887/h, eta 5m)
  [s3-no_nn-ET-dp2] 88/384 games (3892/h, eta 5m)
  [s3-no_nn-ET-dp2] 89/384 games (3768/h, eta 5m)
  [s3-no_nn-ET-dp2] 90/384 games (3760/h, eta 5m)
  [s3-no_nn-ET-dp2] 91/384 games (3694/h, eta 5m)
  [s3-no_nn-ET-dp2] 92/384 games (3693/h, eta 5m)
  [s3-no_nn-ET-dp2] 93/384 games (3695/h, eta 5m)
  [s3-no_nn-ET-dp2] 94/384 games (3645/h, eta 5m)
  [s3-no_nn-ET-dp2] 95/384 games (3683/h, eta 5m)
  [s3-no_nn-ET-dp2] 96/384 games (3711/h, eta 5m)
  [s3-no_nn-ET-dp2] 97/384 games (3727/h, eta 5m)
  [s3-no_nn-ET-dp2] 98/384 games (3699/h, eta 5m)
  [s3-no_nn-ET-dp2] 99/384 games (3729/h, eta 5m)
  [s3-no_nn-ET-dp2] 100/384 games (3741/h, eta 5m)
  [s3-no_nn-ET-dp2] 101/384 games (3755/h, eta 5m)
  [s3-no_nn-ET-dp2] 102/384 games (3788/h, eta 4m)
  [s3-no_nn-ET-dp2] 103/384 games (3793/h, eta 4m)
  [s3-no_nn-ET-dp2] 104/384 games (3806/h, eta 4m)
  [s3-no_nn-ET-dp2] 105/384 games (3813/h, eta 4m)
  [s3-no_nn-ET-dp2] 106/384 games (3781/h, eta 4m)
  [s3-no_nn-ET-dp2] 107/384 games (3796/h, eta 4m)
  [s3-no_nn-ET-dp2] 108/384 games (3796/h, eta 4m)
  [s3-no_nn-ET-dp2] 109/384 games (3830/h, eta 4m)
  [s3-no_nn-ET-dp2] 110/384 games (3848/h, eta 4m)
  [s3-no_nn-ET-dp2] 111/384 games (3854/h, eta 4m)
  [s3-no_nn-ET-dp2] 112/384 games (3888/h, eta 4m)
  [s3-no_nn-ET-dp2] 113/384 games (3872/h, eta 4m)
  [s3-no_nn-ET-dp2] 114/384 games (3839/h, eta 4m)
  [s3-no_nn-ET-dp2] 115/384 games (3857/h, eta 4m)
  [s3-no_nn-ET-dp2] 116/384 games (3874/h, eta 4m)
  [s3-no_nn-ET-dp2] 117/384 games (3904/h, eta 4m)
  [s3-no_nn-ET-dp2] 118/384 games (3918/h, eta 4m)
  [s3-no_nn-ET-dp2] 119/384 games (3933/h, eta 4m)
  [s3-no_nn-ET-dp2] 120/384 games (3951/h, eta 4m)
  [s3-no_nn-ET-dp2] 121/384 games (3970/h, eta 4m)
  [s3-no_nn-ET-dp2] 122/384 games (3979/h, eta 4m)
  [s3-no_nn-ET-dp2] 123/384 games (4003/h, eta 4m)
  [s3-no_nn-ET-dp2] 124/384 games (4003/h, eta 4m)
  [s3-no_nn-ET-dp2] 125/384 games (3997/h, eta 4m)
  [s3-no_nn-ET-dp2] 126/384 games (3984/h, eta 4m)
  [s3-no_nn-ET-dp2] 127/384 games (3998/h, eta 4m)
  [s3-no_nn-ET-dp2] 128/384 games (4016/h, eta 4m)
  [s3-no_nn-ET-dp2] 129/384 games (4043/h, eta 4m)
  [s3-no_nn-ET-dp2] 130/384 games (4066/h, eta 4m)
  [s3-no_nn-ET-dp2] 131/384 games (4054/h, eta 4m)
  [s3-no_nn-ET-dp2] 132/384 games (4030/h, eta 4m)
  [s3-no_nn-ET-dp2] 133/384 games (4058/h, eta 4m)
  [s3-no_nn-ET-dp2] 134/384 games (4033/h, eta 4m)
  [s3-no_nn-ET-dp2] 135/384 games (4031/h, eta 4m)
  [s3-no_nn-ET-dp2] 136/384 games (4028/h, eta 4m)
  [s3-no_nn-ET-dp2] 137/384 games (4002/h, eta 4m)
  [s3-no_nn-ET-dp2] 138/384 games (3975/h, eta 4m)
  [s3-no_nn-ET-dp2] 139/384 games (3943/h, eta 4m)
  [s3-no_nn-ET-dp2] 140/384 games (3963/h, eta 4m)
  [s3-no_nn-ET-dp2] 141/384 games (3972/h, eta 4m)
  [s3-no_nn-ET-dp2] 142/384 games (3940/h, eta 4m)
  [s3-no_nn-ET-dp2] 143/384 games (3940/h, eta 4m)
  [s3-no_nn-ET-dp2] 144/384 games (3957/h, eta 4m)
  [s3-no_nn-ET-dp2] 145/384 games (3933/h, eta 4m)
  [s3-no_nn-ET-dp2] 146/384 games (3904/h, eta 4m)
  [s3-no_nn-ET-dp2] 147/384 games (3883/h, eta 4m)
  [s3-no_nn-ET-dp2] 148/384 games (3895/h, eta 4m)
  [s3-no_nn-ET-dp2] 149/384 games (3910/h, eta 4m)
  [s3-no_nn-ET-dp2] 150/384 games (3907/h, eta 4m)
  [s3-no_nn-ET-dp2] 151/384 games (3910/h, eta 4m)
  [s3-no_nn-ET-dp2] 152/384 games (3910/h, eta 4m)
  [s3-no_nn-ET-dp2] 153/384 games (3900/h, eta 4m)
  [s3-no_nn-ET-dp2] 154/384 games (3920/h, eta 4m)
  [s3-no_nn-ET-dp2] 155/384 games (3905/h, eta 4m)
  [s3-no_nn-ET-dp2] 156/384 games (3893/h, eta 4m)
  [s3-no_nn-ET-dp2] 157/384 games (3898/h, eta 3m)
  [s3-no_nn-ET-dp2] 158/384 games (3911/h, eta 3m)
  [s3-no_nn-ET-dp2] 159/384 games (3881/h, eta 3m)
  [s3-no_nn-ET-dp2] 160/384 games (3875/h, eta 3m)
  [s3-no_nn-ET-dp2] 161/384 games (3887/h, eta 3m)
  [s3-no_nn-ET-dp2] 162/384 games (3907/h, eta 3m)
  [s3-no_nn-ET-dp2] 163/384 games (3930/h, eta 3m)
  [s3-no_nn-ET-dp2] 164/384 games (3935/h, eta 3m)
  [s3-no_nn-ET-dp2] 165/384 games (3944/h, eta 3m)
  [s3-no_nn-ET-dp2] 166/384 games (3965/h, eta 3m)
  [s3-no_nn-ET-dp2] 167/384 games (3950/h, eta 3m)
  [s3-no_nn-ET-dp2] 168/384 games (3969/h, eta 3m)
  [s3-no_nn-ET-dp2] 169/384 games (3991/h, eta 3m)
  [s3-no_nn-ET-dp2] 170/384 games (4009/h, eta 3m)
  [s3-no_nn-ET-dp2] 171/384 games (3960/h, eta 3m)
  [s3-no_nn-ET-dp2] 172/384 games (3977/h, eta 3m)
  [s3-no_nn-ET-dp2] 173/384 games (3972/h, eta 3m)
  [s3-no_nn-ET-dp2] 174/384 games (3986/h, eta 3m)
  [s3-no_nn-ET-dp2] 175/384 games (3978/h, eta 3m)
  [s3-no_nn-ET-dp2] 176/384 games (3877/h, eta 3m)
  [s3-no_nn-ET-dp2] 177/384 games (3897/h, eta 3m)
  [s3-no_nn-ET-dp2] 178/384 games (3914/h, eta 3m)
  [s3-no_nn-ET-dp2] 179/384 games (3893/h, eta 3m)
  [s3-no_nn-ET-dp2] 180/384 games (3910/h, eta 3m)
  [s3-no_nn-ET-dp2] 181/384 games (3874/h, eta 3m)
  [s3-no_nn-ET-dp2] 182/384 games (3884/h, eta 3m)
  [s3-no_nn-ET-dp2] 183/384 games (3886/h, eta 3m)
  [s3-no_nn-ET-dp2] 184/384 games (3904/h, eta 3m)
  [s3-no_nn-ET-dp2] 185/384 games (3900/h, eta 3m)
  [s3-no_nn-ET-dp2] 186/384 games (3918/h, eta 3m)
  [s3-no_nn-ET-dp2] 187/384 games (3912/h, eta 3m)
  [s3-no_nn-ET-dp2] 188/384 games (3921/h, eta 3m)
  [s3-no_nn-ET-dp2] 189/384 games (3878/h, eta 3m)
  [s3-no_nn-ET-dp2] 190/384 games (3886/h, eta 3m)
  [s3-no_nn-ET-dp2] 191/384 games (3903/h, eta 3m)
  [s3-no_nn-ET-dp2] 192/384 games (3905/h, eta 3m)
  [s3-no_nn-ET-dp2] 193/384 games (3891/h, eta 3m)
  [s3-no_nn-ET-dp2] 194/384 games (3862/h, eta 3m)
  [s3-no_nn-ET-dp2] 195/384 games (3867/h, eta 3m)
  [s3-no_nn-ET-dp2] 196/384 games (3879/h, eta 3m)
  [s3-no_nn-ET-dp2] 197/384 games (3876/h, eta 3m)
  [s3-no_nn-ET-dp2] 198/384 games (3891/h, eta 3m)
  [s3-no_nn-ET-dp2] 199/384 games (3903/h, eta 3m)
  [s3-no_nn-ET-dp2] 200/384 games (3922/h, eta 3m)
  [s3-no_nn-ET-dp2] 201/384 games (3934/h, eta 3m)
  [s3-no_nn-ET-dp2] 202/384 games (3946/h, eta 3m)
  [s3-no_nn-ET-dp2] 203/384 games (3957/h, eta 3m)
  [s3-no_nn-ET-dp2] 204/384 games (3977/h, eta 3m)
  [s3-no_nn-ET-dp2] 205/384 games (3987/h, eta 3m)
  [s3-no_nn-ET-dp2] 206/384 games (3983/h, eta 3m)
  [s3-no_nn-ET-dp2] 207/384 games (3992/h, eta 3m)
  [s3-no_nn-ET-dp2] 208/384 games (3998/h, eta 3m)
  [s3-no_nn-ET-dp2] 209/384 games (3999/h, eta 3m)
  [s3-no_nn-ET-dp2] 210/384 games (3999/h, eta 3m)
  [s3-no_nn-ET-dp2] 211/384 games (3957/h, eta 3m)
  [s3-no_nn-ET-dp2] 212/384 games (3969/h, eta 3m)
  [s3-no_nn-ET-dp2] 213/384 games (3975/h, eta 3m)
  [s3-no_nn-ET-dp2] 214/384 games (3993/h, eta 3m)
  [s3-no_nn-ET-dp2] 215/384 games (3986/h, eta 3m)
  [s3-no_nn-ET-dp2] 216/384 games (3994/h, eta 3m)
  [s3-no_nn-ET-dp2] 217/384 games (4010/h, eta 2m)
  [s3-no_nn-ET-dp2] 218/384 games (4006/h, eta 2m)
  [s3-no_nn-ET-dp2] 219/384 games (4012/h, eta 2m)
  [s3-no_nn-ET-dp2] 220/384 games (4005/h, eta 2m)
  [s3-no_nn-ET-dp2] 221/384 games (4023/h, eta 2m)
  [s3-no_nn-ET-dp2] 222/384 games (4004/h, eta 2m)
  [s3-no_nn-ET-dp2] 223/384 games (3990/h, eta 2m)
  [s3-no_nn-ET-dp2] 224/384 games (3997/h, eta 2m)
  [s3-no_nn-ET-dp2] 225/384 games (3931/h, eta 2m)
  [s3-no_nn-ET-dp2] 226/384 games (3917/h, eta 2m)
  [s3-no_nn-ET-dp2] 227/384 games (3923/h, eta 2m)
  [s3-no_nn-ET-dp2] 228/384 games (3935/h, eta 2m)
  [s3-no_nn-ET-dp2] 229/384 games (3952/h, eta 2m)
  [s3-no_nn-ET-dp2] 230/384 games (3967/h, eta 2m)
  [s3-no_nn-ET-dp2] 231/384 games (3980/h, eta 2m)
  [s3-no_nn-ET-dp2] 232/384 games (3993/h, eta 2m)
  [s3-no_nn-ET-dp2] 233/384 games (3998/h, eta 2m)
  [s3-no_nn-ET-dp2] 234/384 games (3982/h, eta 2m)
  [s3-no_nn-ET-dp2] 235/384 games (3995/h, eta 2m)
  [s3-no_nn-ET-dp2] 236/384 games (3992/h, eta 2m)
  [s3-no_nn-ET-dp2] 237/384 games (4002/h, eta 2m)
  [s3-no_nn-ET-dp2] 238/384 games (4010/h, eta 2m)
  [s3-no_nn-ET-dp2] 239/384 games (4026/h, eta 2m)
  [s3-no_nn-ET-dp2] 240/384 games (4009/h, eta 2m)
  [s3-no_nn-ET-dp2] 241/384 games (4024/h, eta 2m)
  [s3-no_nn-ET-dp2] 242/384 games (4032/h, eta 2m)
  [s3-no_nn-ET-dp2] 243/384 games (4041/h, eta 2m)
  [s3-no_nn-ET-dp2] 244/384 games (4051/h, eta 2m)
  [s3-no_nn-ET-dp2] 245/384 games (3999/h, eta 2m)
  [s3-no_nn-ET-dp2] 246/384 games (4002/h, eta 2m)
  [s3-no_nn-ET-dp2] 247/384 games (4001/h, eta 2m)
  [s3-no_nn-ET-dp2] 248/384 games (4016/h, eta 2m)
  [s3-no_nn-ET-dp2] 249/384 games (4002/h, eta 2m)
  [s3-no_nn-ET-dp2] 250/384 games (4008/h, eta 2m)
  [s3-no_nn-ET-dp2] 251/384 games (4017/h, eta 2m)
  [s3-no_nn-ET-dp2] 252/384 games (4018/h, eta 2m)
  [s3-no_nn-ET-dp2] 253/384 games (3988/h, eta 2m)
  [s3-no_nn-ET-dp2] 254/384 games (4001/h, eta 2m)
  [s3-no_nn-ET-dp2] 255/384 games (3974/h, eta 2m)
  [s3-no_nn-ET-dp2] 256/384 games (3974/h, eta 2m)
  [s3-no_nn-ET-dp2] 257/384 games (3990/h, eta 2m)
  [s3-no_nn-ET-dp2] 258/384 games (3992/h, eta 2m)
  [s3-no_nn-ET-dp2] 259/384 games (4004/h, eta 2m)
  [s3-no_nn-ET-dp2] 260/384 games (4009/h, eta 2m)
  [s3-no_nn-ET-dp2] 261/384 games (4012/h, eta 2m)
  [s3-no_nn-ET-dp2] 262/384 games (4027/h, eta 2m)
  [s3-no_nn-ET-dp2] 263/384 games (4015/h, eta 2m)
  [s3-no_nn-ET-dp2] 264/384 games (4020/h, eta 2m)
  [s3-no_nn-ET-dp2] 265/384 games (4022/h, eta 2m)
  [s3-no_nn-ET-dp2] 266/384 games (4024/h, eta 2m)
  [s3-no_nn-ET-dp2] 267/384 games (4038/h, eta 2m)
  [s3-no_nn-ET-dp2] 268/384 games (4046/h, eta 2m)
  [s3-no_nn-ET-dp2] 269/384 games (4048/h, eta 2m)
  [s3-no_nn-ET-dp2] 270/384 games (4053/h, eta 2m)
  [s3-no_nn-ET-dp2] 271/384 games (4057/h, eta 2m)
  [s3-no_nn-ET-dp2] 272/384 games (4042/h, eta 2m)
  [s3-no_nn-ET-dp2] 273/384 games (4054/h, eta 2m)
  [s3-no_nn-ET-dp2] 274/384 games (4055/h, eta 2m)
  [s3-no_nn-ET-dp2] 275/384 games (4069/h, eta 2m)
  [s3-no_nn-ET-dp2] 276/384 games (4076/h, eta 2m)
  [s3-no_nn-ET-dp2] 277/384 games (4090/h, eta 2m)
  [s3-no_nn-ET-dp2] 278/384 games (4100/h, eta 2m)
  [s3-no_nn-ET-dp2] 279/384 games (4086/h, eta 2m)
  [s3-no_nn-ET-dp2] 280/384 games (4093/h, eta 2m)
  [s3-no_nn-ET-dp2] 281/384 games (4107/h, eta 2m)
  [s3-no_nn-ET-dp2] 282/384 games (4053/h, eta 2m)
  [s3-no_nn-ET-dp2] 283/384 games (4052/h, eta 1m)
  [s3-no_nn-ET-dp2] 284/384 games (4042/h, eta 1m)
  [s3-no_nn-ET-dp2] 285/384 games (4026/h, eta 1m)
  [s3-no_nn-ET-dp2] 286/384 games (4000/h, eta 1m)
  [s3-no_nn-ET-dp2] 287/384 games (4011/h, eta 1m)
  [s3-no_nn-ET-dp2] 288/384 games (3990/h, eta 1m)
  [s3-no_nn-ET-dp2] 289/384 games (4003/h, eta 1m)
  [s3-no_nn-ET-dp2] 290/384 games (3996/h, eta 1m)
  [s3-no_nn-ET-dp2] 291/384 games (4008/h, eta 1m)
  [s3-no_nn-ET-dp2] 292/384 games (4002/h, eta 1m)
  [s3-no_nn-ET-dp2] 293/384 games (4014/h, eta 1m)
  [s3-no_nn-ET-dp2] 294/384 games (4026/h, eta 1m)
  [s3-no_nn-ET-dp2] 295/384 games (4030/h, eta 1m)
  [s3-no_nn-ET-dp2] 296/384 games (4035/h, eta 1m)
  [s3-no_nn-ET-dp2] 297/384 games (4041/h, eta 1m)
  [s3-no_nn-ET-dp2] 298/384 games (4050/h, eta 1m)
  [s3-no_nn-ET-dp2] 299/384 games (4041/h, eta 1m)
  [s3-no_nn-ET-dp2] 300/384 games (4053/h, eta 1m)
  [s3-no_nn-ET-dp2] 301/384 games (4054/h, eta 1m)
  [s3-no_nn-ET-dp2] 302/384 games (4064/h, eta 1m)
  [s3-no_nn-ET-dp2] 303/384 games (4065/h, eta 1m)
  [s3-no_nn-ET-dp2] 304/384 games (4073/h, eta 1m)
  [s3-no_nn-ET-dp2] 305/384 games (4070/h, eta 1m)
  [s3-no_nn-ET-dp2] 306/384 games (4066/h, eta 1m)
  [s3-no_nn-ET-dp2] 307/384 games (4050/h, eta 1m)
  [s3-no_nn-ET-dp2] 308/384 games (4063/h, eta 1m)
  [s3-no_nn-ET-dp2] 309/384 games (4058/h, eta 1m)
  [s3-no_nn-ET-dp2] 310/384 games (4062/h, eta 1m)
  [s3-no_nn-ET-dp2] 311/384 games (4048/h, eta 1m)
  [s3-no_nn-ET-dp2] 312/384 games (4055/h, eta 1m)
  [s3-no_nn-ET-dp2] 313/384 games (4039/h, eta 1m)
  [s3-no_nn-ET-dp2] 314/384 games (4042/h, eta 1m)
  [s3-no_nn-ET-dp2] 315/384 games (4045/h, eta 1m)
  [s3-no_nn-ET-dp2] 316/384 games (4048/h, eta 1m)
  [s3-no_nn-ET-dp2] 317/384 games (4035/h, eta 1m)
  [s3-no_nn-ET-dp2] 318/384 games (4045/h, eta 1m)
  [s3-no_nn-ET-dp2] 319/384 games (4049/h, eta 1m)
  [s3-no_nn-ET-dp2] 320/384 games (4058/h, eta 1m)
  [s3-no_nn-ET-dp2] 321/384 games (4071/h, eta 1m)
  [s3-no_nn-ET-dp2] 322/384 games (4047/h, eta 1m)
  [s3-no_nn-ET-dp2] 323/384 games (4051/h, eta 1m)
  [s3-no_nn-ET-dp2] 324/384 games (4045/h, eta 1m)
  [s3-no_nn-ET-dp2] 325/384 games (4053/h, eta 1m)
  [s3-no_nn-ET-dp2] 326/384 games (4027/h, eta 1m)
  [s3-no_nn-ET-dp2] 327/384 games (4037/h, eta 1m)
  [s3-no_nn-ET-dp2] 328/384 games (4043/h, eta 1m)
  [s3-no_nn-ET-dp2] 329/384 games (4053/h, eta 1m)
  [s3-no_nn-ET-dp2] 330/384 games (4060/h, eta 1m)
  [s3-no_nn-ET-dp2] 331/384 games (4073/h, eta 1m)
  [s3-no_nn-ET-dp2] 332/384 games (4081/h, eta 1m)
  [s3-no_nn-ET-dp2] 333/384 games (4085/h, eta 1m)
  [s3-no_nn-ET-dp2] 334/384 games (4090/h, eta 1m)
  [s3-no_nn-ET-dp2] 335/384 games (4096/h, eta 1m)
  [s3-no_nn-ET-dp2] 336/384 games (4101/h, eta 1m)
  [s3-no_nn-ET-dp2] 337/384 games (4073/h, eta 1m)
  [s3-no_nn-ET-dp2] 338/384 games (4073/h, eta 1m)
  [s3-no_nn-ET-dp2] 339/384 games (4076/h, eta 1m)
  [s3-no_nn-ET-dp2] 340/384 games (4086/h, eta 1m)
  [s3-no_nn-ET-dp2] 341/384 games (4094/h, eta 1m)
  [s3-no_nn-ET-dp2] 342/384 games (4095/h, eta 1m)
  [s3-no_nn-ET-dp2] 343/384 games (4095/h, eta 1m)
  [s3-no_nn-ET-dp2] 344/384 games (4103/h, eta 1m)
  [s3-no_nn-ET-dp2] 345/384 games (4112/h, eta 1m)
  [s3-no_nn-ET-dp2] 346/384 games (4111/h, eta 1m)
  [s3-no_nn-ET-dp2] 347/384 games (4105/h, eta 1m)
  [s3-no_nn-ET-dp2] 348/384 games (4098/h, eta 1m)
  [s3-no_nn-ET-dp2] 349/384 games (4102/h, eta 1m)
  [s3-no_nn-ET-dp2] 350/384 games (4108/h, eta 0m)
  [s3-no_nn-ET-dp2] 351/384 games (4111/h, eta 0m)
  [s3-no_nn-ET-dp2] 352/384 games (4122/h, eta 0m)
  [s3-no_nn-ET-dp2] 353/384 games (4111/h, eta 0m)
  [s3-no_nn-ET-dp2] 354/384 games (4116/h, eta 0m)
  [s3-no_nn-ET-dp2] 355/384 games (4128/h, eta 0m)
  [s3-no_nn-ET-dp2] 356/384 games (4081/h, eta 0m)
  [s3-no_nn-ET-dp2] 357/384 games (4087/h, eta 0m)
  [s3-no_nn-ET-dp2] 358/384 games (4093/h, eta 0m)
  [s3-no_nn-ET-dp2] 359/384 games (4097/h, eta 0m)
  [s3-no_nn-ET-dp2] 360/384 games (4077/h, eta 0m)
  [s3-no_nn-ET-dp2] 361/384 games (4070/h, eta 0m)
  [s3-no_nn-ET-dp2] 362/384 games (4080/h, eta 0m)
  [s3-no_nn-ET-dp2] 363/384 games (4084/h, eta 0m)
  [s3-no_nn-ET-dp2] 364/384 games (4091/h, eta 0m)
  [s3-no_nn-ET-dp2] 365/384 games (4093/h, eta 0m)
  [s3-no_nn-ET-dp2] 366/384 games (4099/h, eta 0m)
  [s3-no_nn-ET-dp2] 367/384 games (4109/h, eta 0m)
  [s3-no_nn-ET-dp2] 368/384 games (4119/h, eta 0m)
  [s3-no_nn-ET-dp2] 369/384 games (4121/h, eta 0m)
  [s3-no_nn-ET-dp2] 370/384 games (4122/h, eta 0m)
  [s3-no_nn-ET-dp2] 371/384 games (4119/h, eta 0m)
  [s3-no_nn-ET-dp2] 372/384 games (4117/h, eta 0m)
  [s3-no_nn-ET-dp2] 373/384 games (4118/h, eta 0m)
  [s3-no_nn-ET-dp2] 374/384 games (4102/h, eta 0m)
  [s3-no_nn-ET-dp2] 375/384 games (4098/h, eta 0m)
  [s3-no_nn-ET-dp2] 376/384 games (4097/h, eta 0m)
  [s3-no_nn-ET-dp2] 377/384 games (4107/h, eta 0m)
  [s3-no_nn-ET-dp2] 378/384 games (4100/h, eta 0m)
  [s3-no_nn-ET-dp2] 379/384 games (4077/h, eta 0m)
  [s3-no_nn-ET-dp2] 380/384 games (4086/h, eta 0m)
  [s3-no_nn-ET-dp2] 381/384 games (4078/h, eta 0m)
  [s3-no_nn-ET-dp2] 382/384 games (4049/h, eta 0m)
  [s3-no_nn-ET-dp2] 383/384 games (4048/h, eta 0m)
  [s3-no_nn-ET-dp2] 384/384 games (4048/h, eta 0m)
== s3-no_nn-ET-nc2-dp2 -> experiments/results/perturbation/s3-no_nn-ET-nc2-dp2.jsonl
  [s3-no_nn-ET-nc2-dp2] 1/384 games (1188/h, eta 19m)
  [s3-no_nn-ET-nc2-dp2] 2/384 games (1579/h, eta 15m)
  [s3-no_nn-ET-nc2-dp2] 3/384 games (1839/h, eta 12m)
  [s3-no_nn-ET-nc2-dp2] 4/384 games (2032/h, eta 11m)
  [s3-no_nn-ET-nc2-dp2] 5/384 games (2202/h, eta 10m)
  [s3-no_nn-ET-nc2-dp2] 6/384 games (2253/h, eta 10m)
  [s3-no_nn-ET-nc2-dp2] 7/384 games (2607/h, eta 9m)
  [s3-no_nn-ET-nc2-dp2] 8/384 games (1990/h, eta 11m)
  [s3-no_nn-ET-nc2-dp2] 9/384 games (2216/h, eta 10m)
  [s3-no_nn-ET-nc2-dp2] 10/384 games (2311/h, eta 10m)
  [s3-no_nn-ET-nc2-dp2] 11/384 games (2397/h, eta 9m)
  [s3-no_nn-ET-nc2-dp2] 12/384 games (2285/h, eta 10m)
  [s3-no_nn-ET-nc2-dp2] 13/384 games (2459/h, eta 9m)
  [s3-no_nn-ET-nc2-dp2] 14/384 games (2617/h, eta 8m)
  [s3-no_nn-ET-nc2-dp2] 15/384 games (2779/h, eta 8m)
  [s3-no_nn-ET-nc2-dp2] 16/384 games (2636/h, eta 8m)
  [s3-no_nn-ET-nc2-dp2] 17/384 games (2773/h, eta 8m)
  [s3-no_nn-ET-nc2-dp2] 18/384 games (2718/h, eta 8m)
  [s3-no_nn-ET-nc2-dp2] 19/384 games (2668/h, eta 8m)
  [s3-no_nn-ET-nc2-dp2] 20/384 games (2494/h, eta 9m)
  [s3-no_nn-ET-nc2-dp2] 21/384 games (2513/h, eta 9m)
  [s3-no_nn-ET-nc2-dp2] 22/384 games (2613/h, eta 8m)
  [s3-no_nn-ET-nc2-dp2] 23/384 games (2682/h, eta 8m)
  [s3-no_nn-ET-nc2-dp2] 24/384 games (2702/h, eta 8m)
  [s3-no_nn-ET-nc2-dp2] 25/384 games (2812/h, eta 8m)
  [s3-no_nn-ET-nc2-dp2] 26/384 games (2879/h, eta 7m)
  [s3-no_nn-ET-nc2-dp2] 27/384 games (2967/h, eta 7m)
  [s3-no_nn-ET-nc2-dp2] 28/384 games (2937/h, eta 7m)
  [s3-no_nn-ET-nc2-dp2] 29/384 games (2975/h, eta 7m)
  [s3-no_nn-ET-nc2-dp2] 30/384 games (2918/h, eta 7m)
  [s3-no_nn-ET-nc2-dp2] 31/384 games (2971/h, eta 7m)
  [s3-no_nn-ET-nc2-dp2] 32/384 games (2758/h, eta 8m)
  [s3-no_nn-ET-nc2-dp2] 33/384 games (2787/h, eta 8m)
  [s3-no_nn-ET-nc2-dp2] 34/384 games (2780/h, eta 8m)
  [s3-no_nn-ET-nc2-dp2] 35/384 games (2800/h, eta 7m)
  [s3-no_nn-ET-nc2-dp2] 36/384 games (2815/h, eta 7m)
  [s3-no_nn-ET-nc2-dp2] 37/384 games (2880/h, eta 7m)
  [s3-no_nn-ET-nc2-dp2] 38/384 games (2871/h, eta 7m)
  [s3-no_nn-ET-nc2-dp2] 39/384 games (2826/h, eta 7m)
  [s3-no_nn-ET-nc2-dp2] 40/384 games (2881/h, eta 7m)
  [s3-no_nn-ET-nc2-dp2] 41/384 games (2899/h, eta 7m)
  [s3-no_nn-ET-nc2-dp2] 42/384 games (2764/h, eta 7m)
  [s3-no_nn-ET-nc2-dp2] 43/384 games (2797/h, eta 7m)
  [s3-no_nn-ET-nc2-dp2] 44/384 games (2854/h, eta 7m)
  [s3-no_nn-ET-nc2-dp2] 45/384 games (2872/h, eta 7m)
  [s3-no_nn-ET-nc2-dp2] 46/384 games (2868/h, eta 7m)
  [s3-no_nn-ET-nc2-dp2] 47/384 games (2854/h, eta 7m)
  [s3-no_nn-ET-nc2-dp2] 48/384 games (2903/h, eta 7m)
  [s3-no_nn-ET-nc2-dp2] 49/384 games (2926/h, eta 7m)
  [s3-no_nn-ET-nc2-dp2] 50/384 games (2974/h, eta 7m)
  [s3-no_nn-ET-nc2-dp2] 51/384 games (3022/h, eta 7m)
  [s3-no_nn-ET-nc2-dp2] 52/384 games (2995/h, eta 7m)
  [s3-no_nn-ET-nc2-dp2] 53/384 games (3016/h, eta 7m)
  [s3-no_nn-ET-nc2-dp2] 54/384 games (3070/h, eta 6m)
  [s3-no_nn-ET-nc2-dp2] 55/384 games (3007/h, eta 7m)
  [s3-no_nn-ET-nc2-dp2] 56/384 games (3053/h, eta 6m)
  [s3-no_nn-ET-nc2-dp2] 57/384 games (3062/h, eta 6m)
  [s3-no_nn-ET-nc2-dp2] 58/384 games (3108/h, eta 6m)
  [s3-no_nn-ET-nc2-dp2] 59/384 games (3104/h, eta 6m)
  [s3-no_nn-ET-nc2-dp2] 60/384 games (3126/h, eta 6m)
  [s3-no_nn-ET-nc2-dp2] 61/384 games (3141/h, eta 6m)
  [s3-no_nn-ET-nc2-dp2] 62/384 games (3082/h, eta 6m)
  [s3-no_nn-ET-nc2-dp2] 63/384 games (3046/h, eta 6m)
  [s3-no_nn-ET-nc2-dp2] 64/384 games (3060/h, eta 6m)
  [s3-no_nn-ET-nc2-dp2] 65/384 games (3105/h, eta 6m)
  [s3-no_nn-ET-nc2-dp2] 66/384 games (3112/h, eta 6m)
  [s3-no_nn-ET-nc2-dp2] 67/384 games (3106/h, eta 6m)
  [s3-no_nn-ET-nc2-dp2] 68/384 games (3104/h, eta 6m)
  [s3-no_nn-ET-nc2-dp2] 69/384 games (3121/h, eta 6m)
  [s3-no_nn-ET-nc2-dp2] 70/384 games (3107/h, eta 6m)
  [s3-no_nn-ET-nc2-dp2] 71/384 games (2957/h, eta 6m)
  [s3-no_nn-ET-nc2-dp2] 72/384 games (2874/h, eta 7m)
  [s3-no_nn-ET-nc2-dp2] 73/384 games (2839/h, eta 7m)
  [s3-no_nn-ET-nc2-dp2] 74/384 games (2867/h, eta 6m)
  [s3-no_nn-ET-nc2-dp2] 75/384 games (2760/h, eta 7m)
  [s3-no_nn-ET-nc2-dp2] 76/384 games (2750/h, eta 7m)
  [s3-no_nn-ET-nc2-dp2] 77/384 games (2743/h, eta 7m)
  [s3-no_nn-ET-nc2-dp2] 78/384 games (2683/h, eta 7m)
  [s3-no_nn-ET-nc2-dp2] 79/384 games (2716/h, eta 7m)
  [s3-no_nn-ET-nc2-dp2] 80/384 games (2746/h, eta 7m)
  [s3-no_nn-ET-nc2-dp2] 81/384 games (2778/h, eta 7m)
  [s3-no_nn-ET-nc2-dp2] 82/384 games (2800/h, eta 6m)
  [s3-no_nn-ET-nc2-dp2] 83/384 games (2818/h, eta 6m)
  [s3-no_nn-ET-nc2-dp2] 84/384 games (2849/h, eta 6m)
  [s3-no_nn-ET-nc2-dp2] 85/384 games (2849/h, eta 6m)
  [s3-no_nn-ET-nc2-dp2] 86/384 games (2876/h, eta 6m)
  [s3-no_nn-ET-nc2-dp2] 87/384 games (2904/h, eta 6m)
  [s3-no_nn-ET-nc2-dp2] 88/384 games (2898/h, eta 6m)
  [s3-no_nn-ET-nc2-dp2] 89/384 games (2833/h, eta 6m)
  [s3-no_nn-ET-nc2-dp2] 90/384 games (2860/h, eta 6m)
  [s3-no_nn-ET-nc2-dp2] 91/384 games (2771/h, eta 6m)
  [s3-no_nn-ET-nc2-dp2] 92/384 games (2750/h, eta 6m)
  [s3-no_nn-ET-nc2-dp2] 93/384 games (2778/h, eta 6m)
  [s3-no_nn-ET-nc2-dp2] 94/384 games (2807/h, eta 6m)
  [s3-no_nn-ET-nc2-dp2] 95/384 games (2816/h, eta 6m)
  [s3-no_nn-ET-nc2-dp2] 96/384 games (2845/h, eta 6m)
  [s3-no_nn-ET-nc2-dp2] 97/384 games (2846/h, eta 6m)
  [s3-no_nn-ET-nc2-dp2] 98/384 games (2871/h, eta 6m)
  [s3-no_nn-ET-nc2-dp2] 99/384 games (2875/h, eta 6m)
  [s3-no_nn-ET-nc2-dp2] 100/384 games (2894/h, eta 6m)
  [s3-no_nn-ET-nc2-dp2] 101/384 games (2875/h, eta 6m)
  [s3-no_nn-ET-nc2-dp2] 102/384 games (2852/h, eta 6m)
  [s3-no_nn-ET-nc2-dp2] 103/384 games (2852/h, eta 6m)
  [s3-no_nn-ET-nc2-dp2] 104/384 games (2866/h, eta 6m)
  [s3-no_nn-ET-nc2-dp2] 105/384 games (2882/h, eta 6m)
  [s3-no_nn-ET-nc2-dp2] 106/384 games (2897/h, eta 6m)
  [s3-no_nn-ET-nc2-dp2] 107/384 games (2903/h, eta 6m)
  [s3-no_nn-ET-nc2-dp2] 108/384 games (2899/h, eta 6m)
  [s3-no_nn-ET-nc2-dp2] 109/384 games (2922/h, eta 6m)
  [s3-no_nn-ET-nc2-dp2] 110/384 games (2867/h, eta 6m)
  [s3-no_nn-ET-nc2-dp2] 111/384 games (2882/h, eta 6m)
  [s3-no_nn-ET-nc2-dp2] 112/384 games (2860/h, eta 6m)
  [s3-no_nn-ET-nc2-dp2] 113/384 games (2832/h, eta 6m)
  [s3-no_nn-ET-nc2-dp2] 114/384 games (2800/h, eta 6m)
  [s3-no_nn-ET-nc2-dp2] 115/384 games (2784/h, eta 6m)
  [s3-no_nn-ET-nc2-dp2] 116/384 games (2807/h, eta 6m)
  [s3-no_nn-ET-nc2-dp2] 117/384 games (2773/h, eta 6m)
  [s3-no_nn-ET-nc2-dp2] 118/384 games (2773/h, eta 6m)
  [s3-no_nn-ET-nc2-dp2] 119/384 games (2786/h, eta 6m)
  [s3-no_nn-ET-nc2-dp2] 120/384 games (2804/h, eta 6m)
  [s3-no_nn-ET-nc2-dp2] 121/384 games (2827/h, eta 6m)
  [s3-no_nn-ET-nc2-dp2] 122/384 games (2812/h, eta 6m)
  [s3-no_nn-ET-nc2-dp2] 123/384 games (2819/h, eta 6m)
  [s3-no_nn-ET-nc2-dp2] 124/384 games (2827/h, eta 6m)
  [s3-no_nn-ET-nc2-dp2] 125/384 games (2820/h, eta 6m)
  [s3-no_nn-ET-nc2-dp2] 126/384 games (2834/h, eta 5m)
  [s3-no_nn-ET-nc2-dp2] 127/384 games (2780/h, eta 6m)
  [s3-no_nn-ET-nc2-dp2] 128/384 games (2790/h, eta 6m)
  [s3-no_nn-ET-nc2-dp2] 129/384 games (2807/h, eta 5m)
  [s3-no_nn-ET-nc2-dp2] 130/384 games (2817/h, eta 5m)
  [s3-no_nn-ET-nc2-dp2] 131/384 games (2833/h, eta 5m)
  [s3-no_nn-ET-nc2-dp2] 132/384 games (2851/h, eta 5m)
  [s3-no_nn-ET-nc2-dp2] 133/384 games (2869/h, eta 5m)
  [s3-no_nn-ET-nc2-dp2] 134/384 games (2870/h, eta 5m)
  [s3-no_nn-ET-nc2-dp2] 135/384 games (2846/h, eta 5m)
  [s3-no_nn-ET-nc2-dp2] 136/384 games (2833/h, eta 5m)
  [s3-no_nn-ET-nc2-dp2] 137/384 games (2825/h, eta 5m)
  [s3-no_nn-ET-nc2-dp2] 138/384 games (2824/h, eta 5m)
  [s3-no_nn-ET-nc2-dp2] 139/384 games (2805/h, eta 5m)
  [s3-no_nn-ET-nc2-dp2] 140/384 games (2790/h, eta 5m)
  [s3-no_nn-ET-nc2-dp2] 141/384 games (2805/h, eta 5m)
  [s3-no_nn-ET-nc2-dp2] 142/384 games (2808/h, eta 5m)
  [s3-no_nn-ET-nc2-dp2] 143/384 games (2805/h, eta 5m)
  [s3-no_nn-ET-nc2-dp2] 144/384 games (2823/h, eta 5m)
  [s3-no_nn-ET-nc2-dp2] 145/384 games (2836/h, eta 5m)
  [s3-no_nn-ET-nc2-dp2] 146/384 games (2852/h, eta 5m)
  [s3-no_nn-ET-nc2-dp2] 147/384 games (2867/h, eta 5m)
  [s3-no_nn-ET-nc2-dp2] 148/384 games (2823/h, eta 5m)
  [s3-no_nn-ET-nc2-dp2] 149/384 games (2836/h, eta 5m)
  [s3-no_nn-ET-nc2-dp2] 150/384 games (2815/h, eta 5m)
  [s3-no_nn-ET-nc2-dp2] 151/384 games (2825/h, eta 5m)
  [s3-no_nn-ET-nc2-dp2] 152/384 games (2829/h, eta 5m)
  [s3-no_nn-ET-nc2-dp2] 153/384 games (2815/h, eta 5m)
  [s3-no_nn-ET-nc2-dp2] 154/384 games (2797/h, eta 5m)
  [s3-no_nn-ET-nc2-dp2] 155/384 games (2801/h, eta 5m)
  [s3-no_nn-ET-nc2-dp2] 156/384 games (2798/h, eta 5m)
  [s3-no_nn-ET-nc2-dp2] 157/384 games (2798/h, eta 5m)
  [s3-no_nn-ET-nc2-dp2] 158/384 games (2806/h, eta 5m)
  [s3-no_nn-ET-nc2-dp2] 159/384 games (2804/h, eta 5m)
  [s3-no_nn-ET-nc2-dp2] 160/384 games (2788/h, eta 5m)
  [s3-no_nn-ET-nc2-dp2] 161/384 games (2793/h, eta 5m)
  [s3-no_nn-ET-nc2-dp2] 162/384 games (2799/h, eta 5m)
  [s3-no_nn-ET-nc2-dp2] 163/384 games (2804/h, eta 5m)
  [s3-no_nn-ET-nc2-dp2] 164/384 games (2782/h, eta 5m)
  [s3-no_nn-ET-nc2-dp2] 165/384 games (2793/h, eta 5m)
  [s3-no_nn-ET-nc2-dp2] 166/384 games (2780/h, eta 5m)
  [s3-no_nn-ET-nc2-dp2] 167/384 games (2792/h, eta 5m)
  [s3-no_nn-ET-nc2-dp2] 168/384 games (2795/h, eta 5m)
  [s3-no_nn-ET-nc2-dp2] 169/384 games (2808/h, eta 5m)
  [s3-no_nn-ET-nc2-dp2] 170/384 games (2808/h, eta 5m)
  [s3-no_nn-ET-nc2-dp2] 171/384 games (2821/h, eta 5m)
  [s3-no_nn-ET-nc2-dp2] 172/384 games (2831/h, eta 4m)
  [s3-no_nn-ET-nc2-dp2] 173/384 games (2845/h, eta 4m)
  [s3-no_nn-ET-nc2-dp2] 174/384 games (2841/h, eta 4m)
  [s3-no_nn-ET-nc2-dp2] 175/384 games (2839/h, eta 4m)
  [s3-no_nn-ET-nc2-dp2] 176/384 games (2850/h, eta 4m)
  [s3-no_nn-ET-nc2-dp2] 177/384 games (2859/h, eta 4m)
  [s3-no_nn-ET-nc2-dp2] 178/384 games (2871/h, eta 4m)
  [s3-no_nn-ET-nc2-dp2] 179/384 games (2884/h, eta 4m)
  [s3-no_nn-ET-nc2-dp2] 180/384 games (2875/h, eta 4m)
  [s3-no_nn-ET-nc2-dp2] 181/384 games (2886/h, eta 4m)
  [s3-no_nn-ET-nc2-dp2] 182/384 games (2814/h, eta 4m)
  [s3-no_nn-ET-nc2-dp2] 183/384 games (2816/h, eta 4m)
  [s3-no_nn-ET-nc2-dp2] 184/384 games (2824/h, eta 4m)
  [s3-no_nn-ET-nc2-dp2] 185/384 games (2825/h, eta 4m)
  [s3-no_nn-ET-nc2-dp2] 186/384 games (2831/h, eta 4m)
  [s3-no_nn-ET-nc2-dp2] 187/384 games (2845/h, eta 4m)
  [s3-no_nn-ET-nc2-dp2] 188/384 games (2848/h, eta 4m)
  [s3-no_nn-ET-nc2-dp2] 189/384 games (2847/h, eta 4m)
  [s3-no_nn-ET-nc2-dp2] 190/384 games (2856/h, eta 4m)
  [s3-no_nn-ET-nc2-dp2] 191/384 games (2854/h, eta 4m)
  [s3-no_nn-ET-nc2-dp2] 192/384 games (2866/h, eta 4m)
  [s3-no_nn-ET-nc2-dp2] 193/384 games (2863/h, eta 4m)
  [s3-no_nn-ET-nc2-dp2] 194/384 games (2867/h, eta 4m)
  [s3-no_nn-ET-nc2-dp2] 195/384 games (2861/h, eta 4m)
  [s3-no_nn-ET-nc2-dp2] 196/384 games (2863/h, eta 4m)
  [s3-no_nn-ET-nc2-dp2] 197/384 games (2870/h, eta 4m)
  [s3-no_nn-ET-nc2-dp2] 198/384 games (2850/h, eta 4m)
  [s3-no_nn-ET-nc2-dp2] 199/384 games (2847/h, eta 4m)
  [s3-no_nn-ET-nc2-dp2] 200/384 games (2859/h, eta 4m)
  [s3-no_nn-ET-nc2-dp2] 201/384 games (2848/h, eta 4m)
  [s3-no_nn-ET-nc2-dp2] 202/384 games (2854/h, eta 4m)
  [s3-no_nn-ET-nc2-dp2] 203/384 games (2868/h, eta 4m)
  [s3-no_nn-ET-nc2-dp2] 204/384 games (2859/h, eta 4m)
  [s3-no_nn-ET-nc2-dp2] 205/384 games (2852/h, eta 4m)
  [s3-no_nn-ET-nc2-dp2] 206/384 games (2847/h, eta 4m)
  [s3-no_nn-ET-nc2-dp2] 207/384 games (2853/h, eta 4m)
  [s3-no_nn-ET-nc2-dp2] 208/384 games (2866/h, eta 4m)
  [s3-no_nn-ET-nc2-dp2] 209/384 games (2860/h, eta 4m)
  [s3-no_nn-ET-nc2-dp2] 210/384 games (2863/h, eta 4m)
  [s3-no_nn-ET-nc2-dp2] 211/384 games (2864/h, eta 4m)
  [s3-no_nn-ET-nc2-dp2] 212/384 games (2874/h, eta 4m)
  [s3-no_nn-ET-nc2-dp2] 213/384 games (2878/h, eta 4m)
  [s3-no_nn-ET-nc2-dp2] 214/384 games (2887/h, eta 4m)
  [s3-no_nn-ET-nc2-dp2] 215/384 games (2895/h, eta 4m)
  [s3-no_nn-ET-nc2-dp2] 216/384 games (2902/h, eta 3m)
  [s3-no_nn-ET-nc2-dp2] 217/384 games (2905/h, eta 3m)
  [s3-no_nn-ET-nc2-dp2] 218/384 games (2888/h, eta 3m)
  [s3-no_nn-ET-nc2-dp2] 219/384 games (2868/h, eta 3m)
  [s3-no_nn-ET-nc2-dp2] 220/384 games (2880/h, eta 3m)
  [s3-no_nn-ET-nc2-dp2] 221/384 games (2852/h, eta 3m)
  [s3-no_nn-ET-nc2-dp2] 222/384 games (2864/h, eta 3m)
  [s3-no_nn-ET-nc2-dp2] 223/384 games (2859/h, eta 3m)
  [s3-no_nn-ET-nc2-dp2] 224/384 games (2865/h, eta 3m)
  [s3-no_nn-ET-nc2-dp2] 225/384 games (2866/h, eta 3m)
  [s3-no_nn-ET-nc2-dp2] 226/384 games (2872/h, eta 3m)
  [s3-no_nn-ET-nc2-dp2] 227/384 games (2877/h, eta 3m)
  [s3-no_nn-ET-nc2-dp2] 228/384 games (2887/h, eta 3m)
  [s3-no_nn-ET-nc2-dp2] 229/384 games (2875/h, eta 3m)
  [s3-no_nn-ET-nc2-dp2] 230/384 games (2887/h, eta 3m)
  [s3-no_nn-ET-nc2-dp2] 231/384 games (2881/h, eta 3m)
  [s3-no_nn-ET-nc2-dp2] 232/384 games (2886/h, eta 3m)
  [s3-no_nn-ET-nc2-dp2] 233/384 games (2895/h, eta 3m)
  [s3-no_nn-ET-nc2-dp2] 234/384 games (2887/h, eta 3m)
  [s3-no_nn-ET-nc2-dp2] 235/384 games (2890/h, eta 3m)
  [s3-no_nn-ET-nc2-dp2] 236/384 games (2886/h, eta 3m)
  [s3-no_nn-ET-nc2-dp2] 237/384 games (2890/h, eta 3m)
  [s3-no_nn-ET-nc2-dp2] 238/384 games (2889/h, eta 3m)
  [s3-no_nn-ET-nc2-dp2] 239/384 games (2882/h, eta 3m)
  [s3-no_nn-ET-nc2-dp2] 240/384 games (2868/h, eta 3m)
  [s3-no_nn-ET-nc2-dp2] 241/384 games (2876/h, eta 3m)
  [s3-no_nn-ET-nc2-dp2] 242/384 games (2885/h, eta 3m)
  [s3-no_nn-ET-nc2-dp2] 243/384 games (2892/h, eta 3m)
  [s3-no_nn-ET-nc2-dp2] 244/384 games (2898/h, eta 3m)
  [s3-no_nn-ET-nc2-dp2] 245/384 games (2903/h, eta 3m)
  [s3-no_nn-ET-nc2-dp2] 246/384 games (2909/h, eta 3m)
  [s3-no_nn-ET-nc2-dp2] 247/384 games (2919/h, eta 3m)
  [s3-no_nn-ET-nc2-dp2] 248/384 games (2926/h, eta 3m)
  [s3-no_nn-ET-nc2-dp2] 249/384 games (2933/h, eta 3m)
  [s3-no_nn-ET-nc2-dp2] 250/384 games (2921/h, eta 3m)
  [s3-no_nn-ET-nc2-dp2] 251/384 games (2926/h, eta 3m)
  [s3-no_nn-ET-nc2-dp2] 252/384 games (2921/h, eta 3m)
  [s3-no_nn-ET-nc2-dp2] 253/384 games (2923/h, eta 3m)
  [s3-no_nn-ET-nc2-dp2] 254/384 games (2889/h, eta 3m)
  [s3-no_nn-ET-nc2-dp2] 255/384 games (2881/h, eta 3m)
  [s3-no_nn-ET-nc2-dp2] 256/384 games (2878/h, eta 3m)
  [s3-no_nn-ET-nc2-dp2] 257/384 games (2875/h, eta 3m)
  [s3-no_nn-ET-nc2-dp2] 258/384 games (2878/h, eta 3m)
  [s3-no_nn-ET-nc2-dp2] 259/384 games (2889/h, eta 3m)
  [s3-no_nn-ET-nc2-dp2] 260/384 games (2901/h, eta 3m)
  [s3-no_nn-ET-nc2-dp2] 261/384 games (2906/h, eta 3m)
  [s3-no_nn-ET-nc2-dp2] 262/384 games (2911/h, eta 3m)
  [s3-no_nn-ET-nc2-dp2] 263/384 games (2921/h, eta 2m)
  [s3-no_nn-ET-nc2-dp2] 264/384 games (2931/h, eta 2m)
  [s3-no_nn-ET-nc2-dp2] 265/384 games (2937/h, eta 2m)
  [s3-no_nn-ET-nc2-dp2] 266/384 games (2936/h, eta 2m)
  [s3-no_nn-ET-nc2-dp2] 267/384 games (2942/h, eta 2m)
  [s3-no_nn-ET-nc2-dp2] 268/384 games (2952/h, eta 2m)
  [s3-no_nn-ET-nc2-dp2] 269/384 games (2946/h, eta 2m)
  [s3-no_nn-ET-nc2-dp2] 270/384 games (2946/h, eta 2m)
  [s3-no_nn-ET-nc2-dp2] 271/384 games (2956/h, eta 2m)
  [s3-no_nn-ET-nc2-dp2] 272/384 games (2943/h, eta 2m)
  [s3-no_nn-ET-nc2-dp2] 273/384 games (2908/h, eta 2m)
  [s3-no_nn-ET-nc2-dp2] 274/384 games (2908/h, eta 2m)
  [s3-no_nn-ET-nc2-dp2] 275/384 games (2913/h, eta 2m)
  [s3-no_nn-ET-nc2-dp2] 276/384 games (2906/h, eta 2m)
  [s3-no_nn-ET-nc2-dp2] 277/384 games (2915/h, eta 2m)
  [s3-no_nn-ET-nc2-dp2] 278/384 games (2917/h, eta 2m)
  [s3-no_nn-ET-nc2-dp2] 279/384 games (2902/h, eta 2m)
  [s3-no_nn-ET-nc2-dp2] 280/384 games (2905/h, eta 2m)
  [s3-no_nn-ET-nc2-dp2] 281/384 games (2906/h, eta 2m)
  [s3-no_nn-ET-nc2-dp2] 282/384 games (2913/h, eta 2m)
  [s3-no_nn-ET-nc2-dp2] 283/384 games (2922/h, eta 2m)
  [s3-no_nn-ET-nc2-dp2] 284/384 games (2911/h, eta 2m)
  [s3-no_nn-ET-nc2-dp2] 285/384 games (2920/h, eta 2m)
  [s3-no_nn-ET-nc2-dp2] 286/384 games (2929/h, eta 2m)
  [s3-no_nn-ET-nc2-dp2] 287/384 games (2922/h, eta 2m)
  [s3-no_nn-ET-nc2-dp2] 288/384 games (2932/h, eta 2m)
  [s3-no_nn-ET-nc2-dp2] 289/384 games (2941/h, eta 2m)
  [s3-no_nn-ET-nc2-dp2] 290/384 games (2920/h, eta 2m)
  [s3-no_nn-ET-nc2-dp2] 291/384 games (2923/h, eta 2m)
  [s3-no_nn-ET-nc2-dp2] 292/384 games (2929/h, eta 2m)
  [s3-no_nn-ET-nc2-dp2] 293/384 games (2939/h, eta 2m)
  [s3-no_nn-ET-nc2-dp2] 294/384 games (2937/h, eta 2m)
  [s3-no_nn-ET-nc2-dp2] 295/384 games (2935/h, eta 2m)
  [s3-no_nn-ET-nc2-dp2] 296/384 games (2938/h, eta 2m)
  [s3-no_nn-ET-nc2-dp2] 297/384 games (2943/h, eta 2m)
  [s3-no_nn-ET-nc2-dp2] 298/384 games (2950/h, eta 2m)
  [s3-no_nn-ET-nc2-dp2] 299/384 games (2938/h, eta 2m)
  [s3-no_nn-ET-nc2-dp2] 300/384 games (2937/h, eta 2m)
  [s3-no_nn-ET-nc2-dp2] 301/384 games (2945/h, eta 2m)
  [s3-no_nn-ET-nc2-dp2] 302/384 games (2954/h, eta 2m)
  [s3-no_nn-ET-nc2-dp2] 303/384 games (2955/h, eta 2m)
  [s3-no_nn-ET-nc2-dp2] 304/384 games (2960/h, eta 2m)
  [s3-no_nn-ET-nc2-dp2] 305/384 games (2956/h, eta 2m)
  [s3-no_nn-ET-nc2-dp2] 306/384 games (2961/h, eta 2m)
  [s3-no_nn-ET-nc2-dp2] 307/384 games (2964/h, eta 2m)
  [s3-no_nn-ET-nc2-dp2] 308/384 games (2966/h, eta 2m)
  [s3-no_nn-ET-nc2-dp2] 309/384 games (2970/h, eta 2m)
  [s3-no_nn-ET-nc2-dp2] 310/384 games (2942/h, eta 2m)
  [s3-no_nn-ET-nc2-dp2] 311/384 games (2941/h, eta 1m)
  [s3-no_nn-ET-nc2-dp2] 312/384 games (2946/h, eta 1m)
  [s3-no_nn-ET-nc2-dp2] 313/384 games (2948/h, eta 1m)
  [s3-no_nn-ET-nc2-dp2] 314/384 games (2935/h, eta 1m)
  [s3-no_nn-ET-nc2-dp2] 315/384 games (2942/h, eta 1m)
  [s3-no_nn-ET-nc2-dp2] 316/384 games (2922/h, eta 1m)
  [s3-no_nn-ET-nc2-dp2] 317/384 games (2920/h, eta 1m)
  [s3-no_nn-ET-nc2-dp2] 318/384 games (2926/h, eta 1m)
  [s3-no_nn-ET-nc2-dp2] 319/384 games (2932/h, eta 1m)
  [s3-no_nn-ET-nc2-dp2] 320/384 games (2938/h, eta 1m)
  [s3-no_nn-ET-nc2-dp2] 321/384 games (2941/h, eta 1m)
  [s3-no_nn-ET-nc2-dp2] 322/384 games (2947/h, eta 1m)
  [s3-no_nn-ET-nc2-dp2] 323/384 games (2943/h, eta 1m)
  [s3-no_nn-ET-nc2-dp2] 324/384 games (2938/h, eta 1m)
  [s3-no_nn-ET-nc2-dp2] 325/384 games (2937/h, eta 1m)
  [s3-no_nn-ET-nc2-dp2] 326/384 games (2942/h, eta 1m)
  [s3-no_nn-ET-nc2-dp2] 327/384 games (2945/h, eta 1m)
  [s3-no_nn-ET-nc2-dp2] 328/384 games (2942/h, eta 1m)
  [s3-no_nn-ET-nc2-dp2] 329/384 games (2950/h, eta 1m)
  [s3-no_nn-ET-nc2-dp2] 330/384 games (2929/h, eta 1m)
  [s3-no_nn-ET-nc2-dp2] 331/384 games (2926/h, eta 1m)
  [s3-no_nn-ET-nc2-dp2] 332/384 games (2933/h, eta 1m)
  [s3-no_nn-ET-nc2-dp2] 333/384 games (2938/h, eta 1m)
  [s3-no_nn-ET-nc2-dp2] 334/384 games (2932/h, eta 1m)
  [s3-no_nn-ET-nc2-dp2] 335/384 games (2925/h, eta 1m)
  [s3-no_nn-ET-nc2-dp2] 336/384 games (2922/h, eta 1m)
  [s3-no_nn-ET-nc2-dp2] 337/384 games (2924/h, eta 1m)
  [s3-no_nn-ET-nc2-dp2] 338/384 games (2931/h, eta 1m)
  [s3-no_nn-ET-nc2-dp2] 339/384 games (2937/h, eta 1m)
  [s3-no_nn-ET-nc2-dp2] 340/384 games (2926/h, eta 1m)
  [s3-no_nn-ET-nc2-dp2] 341/384 games (2935/h, eta 1m)
  [s3-no_nn-ET-nc2-dp2] 342/384 games (2938/h, eta 1m)
  [s3-no_nn-ET-nc2-dp2] 343/384 games (2931/h, eta 1m)
  [s3-no_nn-ET-nc2-dp2] 344/384 games (2926/h, eta 1m)
  [s3-no_nn-ET-nc2-dp2] 345/384 games (2932/h, eta 1m)
  [s3-no_nn-ET-nc2-dp2] 346/384 games (2936/h, eta 1m)
  [s3-no_nn-ET-nc2-dp2] 347/384 games (2943/h, eta 1m)
  [s3-no_nn-ET-nc2-dp2] 348/384 games (2947/h, eta 1m)
  [s3-no_nn-ET-nc2-dp2] 349/384 games (2945/h, eta 1m)
  [s3-no_nn-ET-nc2-dp2] 350/384 games (2951/h, eta 1m)
  [s3-no_nn-ET-nc2-dp2] 351/384 games (2939/h, eta 1m)
  [s3-no_nn-ET-nc2-dp2] 352/384 games (2938/h, eta 1m)
  [s3-no_nn-ET-nc2-dp2] 353/384 games (2946/h, eta 1m)
  [s3-no_nn-ET-nc2-dp2] 354/384 games (2936/h, eta 1m)
  [s3-no_nn-ET-nc2-dp2] 355/384 games (2940/h, eta 1m)
  [s3-no_nn-ET-nc2-dp2] 356/384 games (2926/h, eta 1m)
  [s3-no_nn-ET-nc2-dp2] 357/384 games (2934/h, eta 1m)
  [s3-no_nn-ET-nc2-dp2] 358/384 games (2926/h, eta 1m)
  [s3-no_nn-ET-nc2-dp2] 359/384 games (2926/h, eta 1m)
  [s3-no_nn-ET-nc2-dp2] 360/384 games (2929/h, eta 0m)
  [s3-no_nn-ET-nc2-dp2] 361/384 games (2929/h, eta 0m)
  [s3-no_nn-ET-nc2-dp2] 362/384 games (2931/h, eta 0m)
  [s3-no_nn-ET-nc2-dp2] 363/384 games (2937/h, eta 0m)
  [s3-no_nn-ET-nc2-dp2] 364/384 games (2943/h, eta 0m)
  [s3-no_nn-ET-nc2-dp2] 365/384 games (2948/h, eta 0m)
  [s3-no_nn-ET-nc2-dp2] 366/384 games (2944/h, eta 0m)
  [s3-no_nn-ET-nc2-dp2] 367/384 games (2951/h, eta 0m)
  [s3-no_nn-ET-nc2-dp2] 368/384 games (2950/h, eta 0m)
  [s3-no_nn-ET-nc2-dp2] 369/384 games (2954/h, eta 0m)
  [s3-no_nn-ET-nc2-dp2] 370/384 games (2949/h, eta 0m)
  [s3-no_nn-ET-nc2-dp2] 371/384 games (2955/h, eta 0m)
  [s3-no_nn-ET-nc2-dp2] 372/384 games (2951/h, eta 0m)
  [s3-no_nn-ET-nc2-dp2] 373/384 games (2957/h, eta 0m)
  [s3-no_nn-ET-nc2-dp2] 374/384 games (2962/h, eta 0m)
  [s3-no_nn-ET-nc2-dp2] 375/384 games (2967/h, eta 0m)
  [s3-no_nn-ET-nc2-dp2] 376/384 games (2958/h, eta 0m)
  [s3-no_nn-ET-nc2-dp2] 377/384 games (2964/h, eta 0m)
  [s3-no_nn-ET-nc2-dp2] 378/384 games (2967/h, eta 0m)
  [s3-no_nn-ET-nc2-dp2] 379/384 games (2970/h, eta 0m)
  [s3-no_nn-ET-nc2-dp2] 380/384 games (2972/h, eta 0m)
  [s3-no_nn-ET-nc2-dp2] 381/384 games (2955/h, eta 0m)
  [s3-no_nn-ET-nc2-dp2] 382/384 games (2956/h, eta 0m)
  [s3-no_nn-ET-nc2-dp2] 383/384 games (2951/h, eta 0m)
  [s3-no_nn-ET-nc2-dp2] 384/384 games (2846/h, eta 0m)
== s3-no_bb-ET-nc2 -> experiments/results/perturbation/s3-no_bb-ET-nc2.jsonl
  [s3-no_bb-ET-nc2] 1/384 games (1221/h, eta 19m)
  [s3-no_bb-ET-nc2] 2/384 games (1611/h, eta 14m)
  [s3-no_bb-ET-nc2] 3/384 games (2155/h, eta 11m)
  [s3-no_bb-ET-nc2] 4/384 games (2636/h, eta 9m)
  [s3-no_bb-ET-nc2] 5/384 games (2839/h, eta 8m)
  [s3-no_bb-ET-nc2] 6/384 games (3033/h, eta 7m)
  [s3-no_bb-ET-nc2] 7/384 games (2850/h, eta 8m)
  [s3-no_bb-ET-nc2] 8/384 games (3168/h, eta 7m)
  [s3-no_bb-ET-nc2] 9/384 games (3385/h, eta 7m)
  [s3-no_bb-ET-nc2] 10/384 games (3334/h, eta 7m)
  [s3-no_bb-ET-nc2] 11/384 games (3603/h, eta 6m)
  [s3-no_bb-ET-nc2] 12/384 games (3347/h, eta 7m)
  [s3-no_bb-ET-nc2] 13/384 games (3508/h, eta 6m)
  [s3-no_bb-ET-nc2] 14/384 games (3548/h, eta 6m)
  [s3-no_bb-ET-nc2] 15/384 games (3764/h, eta 6m)
  [s3-no_bb-ET-nc2] 16/384 games (3806/h, eta 6m)
  [s3-no_bb-ET-nc2] 17/384 games (3934/h, eta 6m)
  [s3-no_bb-ET-nc2] 18/384 games (3863/h, eta 6m)
  [s3-no_bb-ET-nc2] 19/384 games (3631/h, eta 6m)
  [s3-no_bb-ET-nc2] 20/384 games (3487/h, eta 6m)
  [s3-no_bb-ET-nc2] 21/384 games (3471/h, eta 6m)
  [s3-no_bb-ET-nc2] 22/384 games (3628/h, eta 6m)
  [s3-no_bb-ET-nc2] 23/384 games (3553/h, eta 6m)
  [s3-no_bb-ET-nc2] 24/384 games (3702/h, eta 6m)
  [s3-no_bb-ET-nc2] 25/384 games (3820/h, eta 6m)
  [s3-no_bb-ET-nc2] 26/384 games (3766/h, eta 6m)
  [s3-no_bb-ET-nc2] 27/384 games (3799/h, eta 6m)
  [s3-no_bb-ET-nc2] 28/384 games (3864/h, eta 6m)
  [s3-no_bb-ET-nc2] 29/384 games (3979/h, eta 5m)
  [s3-no_bb-ET-nc2] 30/384 games (3879/h, eta 5m)
  [s3-no_bb-ET-nc2] 31/384 games (3941/h, eta 5m)
  [s3-no_bb-ET-nc2] 32/384 games (3760/h, eta 6m)
  [s3-no_bb-ET-nc2] 33/384 games (3863/h, eta 5m)
  [s3-no_bb-ET-nc2] 34/384 games (3763/h, eta 6m)
  [s3-no_bb-ET-nc2] 35/384 games (3833/h, eta 5m)
  [s3-no_bb-ET-nc2] 36/384 games (3932/h, eta 5m)
  [s3-no_bb-ET-nc2] 37/384 games (3883/h, eta 5m)
  [s3-no_bb-ET-nc2] 38/384 games (3971/h, eta 5m)
  [s3-no_bb-ET-nc2] 39/384 games (3913/h, eta 5m)
  [s3-no_bb-ET-nc2] 40/384 games (3935/h, eta 5m)
  [s3-no_bb-ET-nc2] 41/384 games (3939/h, eta 5m)
  [s3-no_bb-ET-nc2] 42/384 games (4032/h, eta 5m)
  [s3-no_bb-ET-nc2] 43/384 games (3917/h, eta 5m)
  [s3-no_bb-ET-nc2] 44/384 games (3966/h, eta 5m)
  [s3-no_bb-ET-nc2] 45/384 games (4040/h, eta 5m)
  [s3-no_bb-ET-nc2] 46/384 games (4086/h, eta 5m)
  [s3-no_bb-ET-nc2] 47/384 games (4121/h, eta 5m)
  [s3-no_bb-ET-nc2] 48/384 games (3963/h, eta 5m)
  [s3-no_bb-ET-nc2] 49/384 games (3947/h, eta 5m)
  [s3-no_bb-ET-nc2] 50/384 games (3945/h, eta 5m)
  [s3-no_bb-ET-nc2] 51/384 games (4004/h, eta 5m)
  [s3-no_bb-ET-nc2] 52/384 games (4011/h, eta 5m)
  [s3-no_bb-ET-nc2] 53/384 games (4014/h, eta 5m)
  [s3-no_bb-ET-nc2] 54/384 games (3990/h, eta 5m)
  [s3-no_bb-ET-nc2] 55/384 games (4063/h, eta 5m)
  [s3-no_bb-ET-nc2] 56/384 games (4136/h, eta 5m)
  [s3-no_bb-ET-nc2] 57/384 games (3944/h, eta 5m)
  [s3-no_bb-ET-nc2] 58/384 games (4013/h, eta 5m)
  [s3-no_bb-ET-nc2] 59/384 games (4057/h, eta 5m)
  [s3-no_bb-ET-nc2] 60/384 games (4111/h, eta 5m)
  [s3-no_bb-ET-nc2] 61/384 games (4154/h, eta 5m)
  [s3-no_bb-ET-nc2] 62/384 games (4214/h, eta 5m)
  [s3-no_bb-ET-nc2] 63/384 games (4245/h, eta 5m)
  [s3-no_bb-ET-nc2] 64/384 games (4131/h, eta 5m)
  [s3-no_bb-ET-nc2] 65/384 games (4162/h, eta 5m)
  [s3-no_bb-ET-nc2] 66/384 games (4126/h, eta 5m)
  [s3-no_bb-ET-nc2] 67/384 games (4117/h, eta 5m)
  [s3-no_bb-ET-nc2] 68/384 games (4169/h, eta 5m)
  [s3-no_bb-ET-nc2] 69/384 games (4146/h, eta 5m)
  [s3-no_bb-ET-nc2] 70/384 games (4164/h, eta 5m)
  [s3-no_bb-ET-nc2] 71/384 games (4081/h, eta 5m)
  [s3-no_bb-ET-nc2] 72/384 games (4136/h, eta 5m)
  [s3-no_bb-ET-nc2] 73/384 games (4001/h, eta 5m)
  [s3-no_bb-ET-nc2] 74/384 games (4020/h, eta 5m)
  [s3-no_bb-ET-nc2] 75/384 games (4048/h, eta 5m)
  [s3-no_bb-ET-nc2] 76/384 games (4093/h, eta 5m)
  [s3-no_bb-ET-nc2] 77/384 games (4103/h, eta 4m)
  [s3-no_bb-ET-nc2] 78/384 games (4082/h, eta 4m)
  [s3-no_bb-ET-nc2] 79/384 games (4122/h, eta 4m)
  [s3-no_bb-ET-nc2] 80/384 games (4141/h, eta 4m)
  [s3-no_bb-ET-nc2] 81/384 games (4093/h, eta 4m)
  [s3-no_bb-ET-nc2] 82/384 games (4121/h, eta 4m)
  [s3-no_bb-ET-nc2] 83/384 games (4099/h, eta 4m)
  [s3-no_bb-ET-nc2] 84/384 games (4134/h, eta 4m)
  [s3-no_bb-ET-nc2] 85/384 games (4166/h, eta 4m)
  [s3-no_bb-ET-nc2] 86/384 games (4154/h, eta 4m)
  [s3-no_bb-ET-nc2] 87/384 games (4196/h, eta 4m)
  [s3-no_bb-ET-nc2] 88/384 games (4230/h, eta 4m)
  [s3-no_bb-ET-nc2] 89/384 games (4256/h, eta 4m)
  [s3-no_bb-ET-nc2] 90/384 games (4298/h, eta 4m)
  [s3-no_bb-ET-nc2] 91/384 games (4286/h, eta 4m)
  [s3-no_bb-ET-nc2] 92/384 games (4303/h, eta 4m)
  [s3-no_bb-ET-nc2] 93/384 games (4332/h, eta 4m)
  [s3-no_bb-ET-nc2] 94/384 games (4325/h, eta 4m)
  [s3-no_bb-ET-nc2] 95/384 games (4328/h, eta 4m)
  [s3-no_bb-ET-nc2] 96/384 games (4295/h, eta 4m)
  [s3-no_bb-ET-nc2] 97/384 games (4319/h, eta 4m)
  [s3-no_bb-ET-nc2] 98/384 games (4352/h, eta 4m)
  [s3-no_bb-ET-nc2] 99/384 games (4395/h, eta 4m)
  [s3-no_bb-ET-nc2] 100/384 games (4388/h, eta 4m)
  [s3-no_bb-ET-nc2] 101/384 games (4432/h, eta 4m)
  [s3-no_bb-ET-nc2] 102/384 games (4415/h, eta 4m)
  [s3-no_bb-ET-nc2] 103/384 games (4431/h, eta 4m)
  [s3-no_bb-ET-nc2] 104/384 games (4396/h, eta 4m)
  [s3-no_bb-ET-nc2] 105/384 games (4425/h, eta 4m)
  [s3-no_bb-ET-nc2] 106/384 games (4459/h, eta 4m)
  [s3-no_bb-ET-nc2] 107/384 games (4474/h, eta 4m)
  [s3-no_bb-ET-nc2] 108/384 games (4456/h, eta 4m)
  [s3-no_bb-ET-nc2] 109/384 games (4487/h, eta 4m)
  [s3-no_bb-ET-nc2] 110/384 games (4523/h, eta 4m)
  [s3-no_bb-ET-nc2] 111/384 games (4562/h, eta 4m)
  [s3-no_bb-ET-nc2] 112/384 games (4499/h, eta 4m)
  [s3-no_bb-ET-nc2] 113/384 games (4414/h, eta 4m)
  [s3-no_bb-ET-nc2] 114/384 games (4403/h, eta 4m)
  [s3-no_bb-ET-nc2] 115/384 games (4290/h, eta 4m)
  [s3-no_bb-ET-nc2] 116/384 games (4298/h, eta 4m)
  [s3-no_bb-ET-nc2] 117/384 games (4321/h, eta 4m)
  [s3-no_bb-ET-nc2] 118/384 games (4326/h, eta 4m)
  [s3-no_bb-ET-nc2] 119/384 games (4326/h, eta 4m)
  [s3-no_bb-ET-nc2] 120/384 games (4350/h, eta 4m)
  [s3-no_bb-ET-nc2] 121/384 games (4354/h, eta 4m)
  [s3-no_bb-ET-nc2] 122/384 games (4269/h, eta 4m)
  [s3-no_bb-ET-nc2] 123/384 games (4247/h, eta 4m)
  [s3-no_bb-ET-nc2] 124/384 games (4246/h, eta 4m)
  [s3-no_bb-ET-nc2] 125/384 games (4279/h, eta 4m)
  [s3-no_bb-ET-nc2] 126/384 games (4309/h, eta 4m)
  [s3-no_bb-ET-nc2] 127/384 games (4341/h, eta 4m)
  [s3-no_bb-ET-nc2] 128/384 games (4368/h, eta 4m)
  [s3-no_bb-ET-nc2] 129/384 games (4344/h, eta 4m)
  [s3-no_bb-ET-nc2] 130/384 games (4350/h, eta 4m)
  [s3-no_bb-ET-nc2] 131/384 games (4281/h, eta 4m)
  [s3-no_bb-ET-nc2] 132/384 games (4285/h, eta 4m)
  [s3-no_bb-ET-nc2] 133/384 games (4296/h, eta 4m)
  [s3-no_bb-ET-nc2] 134/384 games (4292/h, eta 3m)
  [s3-no_bb-ET-nc2] 135/384 games (4313/h, eta 3m)
  [s3-no_bb-ET-nc2] 136/384 games (4308/h, eta 3m)
  [s3-no_bb-ET-nc2] 137/384 games (4338/h, eta 3m)
  [s3-no_bb-ET-nc2] 138/384 games (4352/h, eta 3m)
  [s3-no_bb-ET-nc2] 139/384 games (4352/h, eta 3m)
  [s3-no_bb-ET-nc2] 140/384 games (4362/h, eta 3m)
  [s3-no_bb-ET-nc2] 141/384 games (4371/h, eta 3m)
  [s3-no_bb-ET-nc2] 142/384 games (4382/h, eta 3m)
  [s3-no_bb-ET-nc2] 143/384 games (4327/h, eta 3m)
  [s3-no_bb-ET-nc2] 144/384 games (4223/h, eta 3m)
  [s3-no_bb-ET-nc2] 145/384 games (4212/h, eta 3m)
  [s3-no_bb-ET-nc2] 146/384 games (4224/h, eta 3m)
  [s3-no_bb-ET-nc2] 147/384 games (4213/h, eta 3m)
  [s3-no_bb-ET-nc2] 148/384 games (4225/h, eta 3m)
  [s3-no_bb-ET-nc2] 149/384 games (4211/h, eta 3m)
  [s3-no_bb-ET-nc2] 150/384 games (4219/h, eta 3m)
  [s3-no_bb-ET-nc2] 151/384 games (4246/h, eta 3m)
  [s3-no_bb-ET-nc2] 152/384 games (4239/h, eta 3m)
  [s3-no_bb-ET-nc2] 153/384 games (4260/h, eta 3m)
  [s3-no_bb-ET-nc2] 154/384 games (4285/h, eta 3m)
  [s3-no_bb-ET-nc2] 155/384 games (4266/h, eta 3m)
  [s3-no_bb-ET-nc2] 156/384 games (4269/h, eta 3m)
  [s3-no_bb-ET-nc2] 157/384 games (4267/h, eta 3m)
  [s3-no_bb-ET-nc2] 158/384 games (4286/h, eta 3m)
  [s3-no_bb-ET-nc2] 159/384 games (4237/h, eta 3m)
  [s3-no_bb-ET-nc2] 160/384 games (4263/h, eta 3m)
  [s3-no_bb-ET-nc2] 161/384 games (4281/h, eta 3m)
  [s3-no_bb-ET-nc2] 162/384 games (4284/h, eta 3m)
  [s3-no_bb-ET-nc2] 163/384 games (4286/h, eta 3m)
  [s3-no_bb-ET-nc2] 164/384 games (4264/h, eta 3m)
  [s3-no_bb-ET-nc2] 165/384 games (4287/h, eta 3m)
  [s3-no_bb-ET-nc2] 166/384 games (4305/h, eta 3m)
  [s3-no_bb-ET-nc2] 167/384 games (4331/h, eta 3m)
  [s3-no_bb-ET-nc2] 168/384 games (4350/h, eta 3m)
  [s3-no_bb-ET-nc2] 169/384 games (4357/h, eta 3m)
  [s3-no_bb-ET-nc2] 170/384 games (4383/h, eta 3m)
  [s3-no_bb-ET-nc2] 171/384 games (4392/h, eta 3m)
  [s3-no_bb-ET-nc2] 172/384 games (4406/h, eta 3m)
  [s3-no_bb-ET-nc2] 173/384 games (4429/h, eta 3m)
  [s3-no_bb-ET-nc2] 174/384 games (4435/h, eta 3m)
  [s3-no_bb-ET-nc2] 175/384 games (4400/h, eta 3m)
  [s3-no_bb-ET-nc2] 176/384 games (4416/h, eta 3m)
  [s3-no_bb-ET-nc2] 177/384 games (4439/h, eta 3m)
  [s3-no_bb-ET-nc2] 178/384 games (4456/h, eta 3m)
  [s3-no_bb-ET-nc2] 179/384 games (4457/h, eta 3m)
  [s3-no_bb-ET-nc2] 180/384 games (4416/h, eta 3m)
  [s3-no_bb-ET-nc2] 181/384 games (4403/h, eta 3m)
  [s3-no_bb-ET-nc2] 182/384 games (4423/h, eta 3m)
  [s3-no_bb-ET-nc2] 183/384 games (4445/h, eta 3m)
  [s3-no_bb-ET-nc2] 184/384 games (4412/h, eta 3m)
  [s3-no_bb-ET-nc2] 185/384 games (4372/h, eta 3m)
  [s3-no_bb-ET-nc2] 186/384 games (4369/h, eta 3m)
  [s3-no_bb-ET-nc2] 187/384 games (4389/h, eta 3m)
  [s3-no_bb-ET-nc2] 188/384 games (4357/h, eta 3m)
  [s3-no_bb-ET-nc2] 189/384 games (4379/h, eta 3m)
  [s3-no_bb-ET-nc2] 190/384 games (4394/h, eta 3m)
  [s3-no_bb-ET-nc2] 191/384 games (4410/h, eta 3m)
  [s3-no_bb-ET-nc2] 192/384 games (4418/h, eta 3m)
  [s3-no_bb-ET-nc2] 193/384 games (4431/h, eta 3m)
  [s3-no_bb-ET-nc2] 194/384 games (4397/h, eta 3m)
  [s3-no_bb-ET-nc2] 195/384 games (4417/h, eta 3m)
  [s3-no_bb-ET-nc2] 196/384 games (4439/h, eta 3m)
  [s3-no_bb-ET-nc2] 197/384 games (4384/h, eta 3m)
  [s3-no_bb-ET-nc2] 198/384 games (4403/h, eta 3m)
  [s3-no_bb-ET-nc2] 199/384 games (4423/h, eta 3m)
  [s3-no_bb-ET-nc2] 200/384 games (4442/h, eta 2m)
  [s3-no_bb-ET-nc2] 201/384 games (4431/h, eta 2m)
  [s3-no_bb-ET-nc2] 202/384 games (4412/h, eta 2m)
  [s3-no_bb-ET-nc2] 203/384 games (4417/h, eta 2m)
  [s3-no_bb-ET-nc2] 204/384 games (4404/h, eta 2m)
  [s3-no_bb-ET-nc2] 205/384 games (4302/h, eta 2m)
  [s3-no_bb-ET-nc2] 206/384 games (4311/h, eta 2m)
  [s3-no_bb-ET-nc2] 207/384 games (4315/h, eta 2m)
  [s3-no_bb-ET-nc2] 208/384 games (4333/h, eta 2m)
  [s3-no_bb-ET-nc2] 209/384 games (4353/h, eta 2m)
  [s3-no_bb-ET-nc2] 210/384 games (4365/h, eta 2m)
  [s3-no_bb-ET-nc2] 211/384 games (4362/h, eta 2m)
  [s3-no_bb-ET-nc2] 212/384 games (4349/h, eta 2m)
  [s3-no_bb-ET-nc2] 213/384 games (4353/h, eta 2m)
  [s3-no_bb-ET-nc2] 214/384 games (4371/h, eta 2m)
  [s3-no_bb-ET-nc2] 215/384 games (4343/h, eta 2m)
  [s3-no_bb-ET-nc2] 216/384 games (4360/h, eta 2m)
  [s3-no_bb-ET-nc2] 217/384 games (4335/h, eta 2m)
  [s3-no_bb-ET-nc2] 218/384 games (4353/h, eta 2m)
  [s3-no_bb-ET-nc2] 219/384 games (4342/h, eta 2m)
  [s3-no_bb-ET-nc2] 220/384 games (4320/h, eta 2m)
  [s3-no_bb-ET-nc2] 221/384 games (4334/h, eta 2m)
  [s3-no_bb-ET-nc2] 222/384 games (4342/h, eta 2m)
  [s3-no_bb-ET-nc2] 223/384 games (4320/h, eta 2m)
  [s3-no_bb-ET-nc2] 224/384 games (4333/h, eta 2m)
  [s3-no_bb-ET-nc2] 225/384 games (4345/h, eta 2m)
  [s3-no_bb-ET-nc2] 226/384 games (4357/h, eta 2m)
  [s3-no_bb-ET-nc2] 227/384 games (4345/h, eta 2m)
  [s3-no_bb-ET-nc2] 228/384 games (4345/h, eta 2m)
  [s3-no_bb-ET-nc2] 229/384 games (4318/h, eta 2m)
  [s3-no_bb-ET-nc2] 230/384 games (4311/h, eta 2m)
  [s3-no_bb-ET-nc2] 231/384 games (4328/h, eta 2m)
  [s3-no_bb-ET-nc2] 232/384 games (4346/h, eta 2m)
  [s3-no_bb-ET-nc2] 233/384 games (4361/h, eta 2m)
  [s3-no_bb-ET-nc2] 234/384 games (4350/h, eta 2m)
  [s3-no_bb-ET-nc2] 235/384 games (4367/h, eta 2m)
  [s3-no_bb-ET-nc2] 236/384 games (4379/h, eta 2m)
  [s3-no_bb-ET-nc2] 237/384 games (4388/h, eta 2m)
  [s3-no_bb-ET-nc2] 238/384 games (4402/h, eta 2m)
  [s3-no_bb-ET-nc2] 239/384 games (4411/h, eta 2m)
  [s3-no_bb-ET-nc2] 240/384 games (4374/h, eta 2m)
  [s3-no_bb-ET-nc2] 241/384 games (4339/h, eta 2m)
  [s3-no_bb-ET-nc2] 242/384 games (4337/h, eta 2m)
  [s3-no_bb-ET-nc2] 243/384 games (4353/h, eta 2m)
  [s3-no_bb-ET-nc2] 244/384 games (4362/h, eta 2m)
  [s3-no_bb-ET-nc2] 245/384 games (4352/h, eta 2m)
  [s3-no_bb-ET-nc2] 246/384 games (4347/h, eta 2m)
  [s3-no_bb-ET-nc2] 247/384 games (4348/h, eta 2m)
  [s3-no_bb-ET-nc2] 248/384 games (4351/h, eta 2m)
  [s3-no_bb-ET-nc2] 249/384 games (4352/h, eta 2m)
  [s3-no_bb-ET-nc2] 250/384 games (4365/h, eta 2m)
  [s3-no_bb-ET-nc2] 251/384 games (4368/h, eta 2m)
  [s3-no_bb-ET-nc2] 252/384 games (4346/h, eta 2m)
  [s3-no_bb-ET-nc2] 253/384 games (4360/h, eta 2m)
  [s3-no_bb-ET-nc2] 254/384 games (4358/h, eta 2m)
  [s3-no_bb-ET-nc2] 255/384 games (4365/h, eta 2m)
  [s3-no_bb-ET-nc2] 256/384 games (4351/h, eta 2m)
  [s3-no_bb-ET-nc2] 257/384 games (4351/h, eta 2m)
  [s3-no_bb-ET-nc2] 258/384 games (4339/h, eta 2m)
  [s3-no_bb-ET-nc2] 259/384 games (4355/h, eta 2m)
  [s3-no_bb-ET-nc2] 260/384 games (4350/h, eta 2m)
  [s3-no_bb-ET-nc2] 261/384 games (4359/h, eta 2m)
  [s3-no_bb-ET-nc2] 262/384 games (4366/h, eta 2m)
  [s3-no_bb-ET-nc2] 263/384 games (4382/h, eta 2m)
  [s3-no_bb-ET-nc2] 264/384 games (4371/h, eta 2m)
  [s3-no_bb-ET-nc2] 265/384 games (4380/h, eta 2m)
  [s3-no_bb-ET-nc2] 266/384 games (4385/h, eta 2m)
  [s3-no_bb-ET-nc2] 267/384 games (4382/h, eta 2m)
  [s3-no_bb-ET-nc2] 268/384 games (4353/h, eta 2m)
  [s3-no_bb-ET-nc2] 269/384 games (4367/h, eta 2m)
  [s3-no_bb-ET-nc2] 270/384 games (4360/h, eta 2m)
  [s3-no_bb-ET-nc2] 271/384 games (4364/h, eta 2m)
  [s3-no_bb-ET-nc2] 272/384 games (4380/h, eta 2m)
  [s3-no_bb-ET-nc2] 273/384 games (4383/h, eta 2m)
  [s3-no_bb-ET-nc2] 274/384 games (4385/h, eta 2m)
  [s3-no_bb-ET-nc2] 275/384 games (4395/h, eta 1m)
  [s3-no_bb-ET-nc2] 276/384 games (4406/h, eta 1m)
  [s3-no_bb-ET-nc2] 277/384 games (4417/h, eta 1m)
  [s3-no_bb-ET-nc2] 278/384 games (4433/h, eta 1m)
  [s3-no_bb-ET-nc2] 279/384 games (4448/h, eta 1m)
  [s3-no_bb-ET-nc2] 280/384 games (4452/h, eta 1m)
  [s3-no_bb-ET-nc2] 281/384 games (4424/h, eta 1m)
  [s3-no_bb-ET-nc2] 282/384 games (4412/h, eta 1m)
  [s3-no_bb-ET-nc2] 283/384 games (4400/h, eta 1m)
  [s3-no_bb-ET-nc2] 284/384 games (4413/h, eta 1m)
  [s3-no_bb-ET-nc2] 285/384 games (4421/h, eta 1m)
  [s3-no_bb-ET-nc2] 286/384 games (4432/h, eta 1m)
  [s3-no_bb-ET-nc2] 287/384 games (4442/h, eta 1m)
  [s3-no_bb-ET-nc2] 288/384 games (4457/h, eta 1m)
  [s3-no_bb-ET-nc2] 289/384 games (4462/h, eta 1m)
  [s3-no_bb-ET-nc2] 290/384 games (4433/h, eta 1m)
  [s3-no_bb-ET-nc2] 291/384 games (4436/h, eta 1m)
  [s3-no_bb-ET-nc2] 292/384 games (4441/h, eta 1m)
  [s3-no_bb-ET-nc2] 293/384 games (4455/h, eta 1m)
  [s3-no_bb-ET-nc2] 294/384 games (4446/h, eta 1m)
  [s3-no_bb-ET-nc2] 295/384 games (4453/h, eta 1m)
  [s3-no_bb-ET-nc2] 296/384 games (4464/h, eta 1m)
  [s3-no_bb-ET-nc2] 297/384 games (4476/h, eta 1m)
  [s3-no_bb-ET-nc2] 298/384 games (4491/h, eta 1m)
  [s3-no_bb-ET-nc2] 299/384 games (4476/h, eta 1m)
  [s3-no_bb-ET-nc2] 300/384 games (4479/h, eta 1m)
  [s3-no_bb-ET-nc2] 301/384 games (4487/h, eta 1m)
  [s3-no_bb-ET-nc2] 302/384 games (4485/h, eta 1m)
  [s3-no_bb-ET-nc2] 303/384 games (4437/h, eta 1m)
  [s3-no_bb-ET-nc2] 304/384 games (4441/h, eta 1m)
  [s3-no_bb-ET-nc2] 305/384 games (4455/h, eta 1m)
  [s3-no_bb-ET-nc2] 306/384 games (4466/h, eta 1m)
  [s3-no_bb-ET-nc2] 307/384 games (4481/h, eta 1m)
  [s3-no_bb-ET-nc2] 308/384 games (4458/h, eta 1m)
  [s3-no_bb-ET-nc2] 309/384 games (4470/h, eta 1m)
  [s3-no_bb-ET-nc2] 310/384 games (4479/h, eta 1m)
  [s3-no_bb-ET-nc2] 311/384 games (4487/h, eta 1m)
  [s3-no_bb-ET-nc2] 312/384 games (4496/h, eta 1m)
  [s3-no_bb-ET-nc2] 313/384 games (4499/h, eta 1m)
  [s3-no_bb-ET-nc2] 314/384 games (4489/h, eta 1m)
  [s3-no_bb-ET-nc2] 315/384 games (4495/h, eta 1m)
  [s3-no_bb-ET-nc2] 316/384 games (4498/h, eta 1m)
  [s3-no_bb-ET-nc2] 317/384 games (4473/h, eta 1m)
  [s3-no_bb-ET-nc2] 318/384 games (4479/h, eta 1m)
  [s3-no_bb-ET-nc2] 319/384 games (4475/h, eta 1m)
  [s3-no_bb-ET-nc2] 320/384 games (4482/h, eta 1m)
  [s3-no_bb-ET-nc2] 321/384 games (4495/h, eta 1m)
  [s3-no_bb-ET-nc2] 322/384 games (4467/h, eta 1m)
  [s3-no_bb-ET-nc2] 323/384 games (4480/h, eta 1m)
  [s3-no_bb-ET-nc2] 324/384 games (4466/h, eta 1m)
  [s3-no_bb-ET-nc2] 325/384 games (4435/h, eta 1m)
  [s3-no_bb-ET-nc2] 326/384 games (4442/h, eta 1m)
  [s3-no_bb-ET-nc2] 327/384 games (4416/h, eta 1m)
  [s3-no_bb-ET-nc2] 328/384 games (4424/h, eta 1m)
  [s3-no_bb-ET-nc2] 329/384 games (4426/h, eta 1m)
  [s3-no_bb-ET-nc2] 330/384 games (4419/h, eta 1m)
  [s3-no_bb-ET-nc2] 331/384 games (4432/h, eta 1m)
  [s3-no_bb-ET-nc2] 332/384 games (4434/h, eta 1m)
  [s3-no_bb-ET-nc2] 333/384 games (4447/h, eta 1m)
  [s3-no_bb-ET-nc2] 334/384 games (4453/h, eta 1m)
  [s3-no_bb-ET-nc2] 335/384 games (4458/h, eta 1m)
  [s3-no_bb-ET-nc2] 336/384 games (4436/h, eta 1m)
  [s3-no_bb-ET-nc2] 337/384 games (4444/h, eta 1m)
  [s3-no_bb-ET-nc2] 338/384 games (4446/h, eta 1m)
  [s3-no_bb-ET-nc2] 339/384 games (4455/h, eta 1m)
  [s3-no_bb-ET-nc2] 340/384 games (4445/h, eta 1m)
  [s3-no_bb-ET-nc2] 341/384 games (4440/h, eta 1m)
  [s3-no_bb-ET-nc2] 342/384 games (4434/h, eta 1m)
  [s3-no_bb-ET-nc2] 343/384 games (4442/h, eta 1m)
  [s3-no_bb-ET-nc2] 344/384 games (4451/h, eta 1m)
  [s3-no_bb-ET-nc2] 345/384 games (4461/h, eta 1m)
  [s3-no_bb-ET-nc2] 346/384 games (4455/h, eta 1m)
  [s3-no_bb-ET-nc2] 347/384 games (4462/h, eta 0m)
  [s3-no_bb-ET-nc2] 348/384 games (4472/h, eta 0m)
  [s3-no_bb-ET-nc2] 349/384 games (4471/h, eta 0m)
  [s3-no_bb-ET-nc2] 350/384 games (4475/h, eta 0m)
  [s3-no_bb-ET-nc2] 351/384 games (4480/h, eta 0m)
  [s3-no_bb-ET-nc2] 352/384 games (4488/h, eta 0m)
  [s3-no_bb-ET-nc2] 353/384 games (4469/h, eta 0m)
  [s3-no_bb-ET-nc2] 354/384 games (4480/h, eta 0m)
  [s3-no_bb-ET-nc2] 355/384 games (4459/h, eta 0m)
  [s3-no_bb-ET-nc2] 356/384 games (4456/h, eta 0m)
  [s3-no_bb-ET-nc2] 357/384 games (4433/h, eta 0m)
  [s3-no_bb-ET-nc2] 358/384 games (4444/h, eta 0m)
  [s3-no_bb-ET-nc2] 359/384 games (4452/h, eta 0m)
  [s3-no_bb-ET-nc2] 360/384 games (4464/h, eta 0m)
  [s3-no_bb-ET-nc2] 361/384 games (4476/h, eta 0m)
  [s3-no_bb-ET-nc2] 362/384 games (4481/h, eta 0m)
  [s3-no_bb-ET-nc2] 363/384 games (4481/h, eta 0m)
  [s3-no_bb-ET-nc2] 364/384 games (4490/h, eta 0m)
  [s3-no_bb-ET-nc2] 365/384 games (4494/h, eta 0m)
  [s3-no_bb-ET-nc2] 366/384 games (4497/h, eta 0m)
  [s3-no_bb-ET-nc2] 367/384 games (4485/h, eta 0m)
  [s3-no_bb-ET-nc2] 368/384 games (4492/h, eta 0m)
  [s3-no_bb-ET-nc2] 369/384 games (4493/h, eta 0m)
  [s3-no_bb-ET-nc2] 370/384 games (4497/h, eta 0m)
  [s3-no_bb-ET-nc2] 371/384 games (4504/h, eta 0m)
  [s3-no_bb-ET-nc2] 372/384 games (4515/h, eta 0m)
  [s3-no_bb-ET-nc2] 373/384 games (4527/h, eta 0m)
  [s3-no_bb-ET-nc2] 374/384 games (4536/h, eta 0m)
  [s3-no_bb-ET-nc2] 375/384 games (4512/h, eta 0m)
  [s3-no_bb-ET-nc2] 376/384 games (4523/h, eta 0m)
  [s3-no_bb-ET-nc2] 377/384 games (4532/h, eta 0m)
  [s3-no_bb-ET-nc2] 378/384 games (4519/h, eta 0m)
  [s3-no_bb-ET-nc2] 379/384 games (4522/h, eta 0m)
  [s3-no_bb-ET-nc2] 380/384 games (4533/h, eta 0m)
  [s3-no_bb-ET-nc2] 381/384 games (4538/h, eta 0m)
  [s3-no_bb-ET-nc2] 382/384 games (4517/h, eta 0m)
  [s3-no_bb-ET-nc2] 383/384 games (4493/h, eta 0m)
  [s3-no_bb-ET-nc2] 384/384 games (4505/h, eta 0m)
== s3-no_bb-ET-dp2 -> experiments/results/perturbation/s3-no_bb-ET-dp2.jsonl
  [s3-no_bb-ET-dp2] 1/384 games (1950/h, eta 12m)
  [s3-no_bb-ET-dp2] 2/384 games (1878/h, eta 12m)
  [s3-no_bb-ET-dp2] 3/384 games (1900/h, eta 12m)
  [s3-no_bb-ET-dp2] 4/384 games (2227/h, eta 10m)
  [s3-no_bb-ET-dp2] 5/384 games (2620/h, eta 9m)
  [s3-no_bb-ET-dp2] 6/384 games (3002/h, eta 8m)
  [s3-no_bb-ET-dp2] 7/384 games (3177/h, eta 7m)
  [s3-no_bb-ET-dp2] 8/384 games (3460/h, eta 7m)
  [s3-no_bb-ET-dp2] 9/384 games (3201/h, eta 7m)
  [s3-no_bb-ET-dp2] 10/384 games (3286/h, eta 7m)
  [s3-no_bb-ET-dp2] 11/384 games (3400/h, eta 7m)
  [s3-no_bb-ET-dp2] 12/384 games (3552/h, eta 6m)
  [s3-no_bb-ET-dp2] 13/384 games (3331/h, eta 7m)
  [s3-no_bb-ET-dp2] 14/384 games (3541/h, eta 6m)
  [s3-no_bb-ET-dp2] 15/384 games (3730/h, eta 6m)
  [s3-no_bb-ET-dp2] 16/384 games (3958/h, eta 6m)
  [s3-no_bb-ET-dp2] 17/384 games (3770/h, eta 6m)
  [s3-no_bb-ET-dp2] 18/384 games (2956/h, eta 7m)
  [s3-no_bb-ET-dp2] 19/384 games (2927/h, eta 7m)
  [s3-no_bb-ET-dp2] 20/384 games (3078/h, eta 7m)
  [s3-no_bb-ET-dp2] 21/384 games (3217/h, eta 7m)
  [s3-no_bb-ET-dp2] 22/384 games (3352/h, eta 6m)
  [s3-no_bb-ET-dp2] 23/384 games (3474/h, eta 6m)
  [s3-no_bb-ET-dp2] 24/384 games (3412/h, eta 6m)
  [s3-no_bb-ET-dp2] 25/384 games (3372/h, eta 6m)
  [s3-no_bb-ET-dp2] 26/384 games (3385/h, eta 6m)
  [s3-no_bb-ET-dp2] 27/384 games (3455/h, eta 6m)
  [s3-no_bb-ET-dp2] 28/384 games (3468/h, eta 6m)
  [s3-no_bb-ET-dp2] 29/384 games (3370/h, eta 6m)
  [s3-no_bb-ET-dp2] 30/384 games (3467/h, eta 6m)
  [s3-no_bb-ET-dp2] 31/384 games (3372/h, eta 6m)
  [s3-no_bb-ET-dp2] 32/384 games (3430/h, eta 6m)
  [s3-no_bb-ET-dp2] 33/384 games (3526/h, eta 6m)
  [s3-no_bb-ET-dp2] 34/384 games (3505/h, eta 6m)
  [s3-no_bb-ET-dp2] 35/384 games (3520/h, eta 6m)
  [s3-no_bb-ET-dp2] 36/384 games (3609/h, eta 6m)
  [s3-no_bb-ET-dp2] 37/384 games (3699/h, eta 6m)
  [s3-no_bb-ET-dp2] 38/384 games (3786/h, eta 5m)
  [s3-no_bb-ET-dp2] 39/384 games (3717/h, eta 6m)
  [s3-no_bb-ET-dp2] 40/384 games (3787/h, eta 5m)
  [s3-no_bb-ET-dp2] 41/384 games (3683/h, eta 6m)
  [s3-no_bb-ET-dp2] 42/384 games (3621/h, eta 6m)
  [s3-no_bb-ET-dp2] 43/384 games (3695/h, eta 6m)
  [s3-no_bb-ET-dp2] 44/384 games (3666/h, eta 6m)
  [s3-no_bb-ET-dp2] 45/384 games (3663/h, eta 6m)
  [s3-no_bb-ET-dp2] 46/384 games (3736/h, eta 5m)
  [s3-no_bb-ET-dp2] 47/384 games (3724/h, eta 5m)
  [s3-no_bb-ET-dp2] 48/384 games (3689/h, eta 5m)
  [s3-no_bb-ET-dp2] 49/384 games (3741/h, eta 5m)
  [s3-no_bb-ET-dp2] 50/384 games (3714/h, eta 5m)
  [s3-no_bb-ET-dp2] 51/384 games (3663/h, eta 5m)
  [s3-no_bb-ET-dp2] 52/384 games (3682/h, eta 5m)
  [s3-no_bb-ET-dp2] 53/384 games (3724/h, eta 5m)
  [s3-no_bb-ET-dp2] 54/384 games (3752/h, eta 5m)
  [s3-no_bb-ET-dp2] 55/384 games (3669/h, eta 5m)
  [s3-no_bb-ET-dp2] 56/384 games (3611/h, eta 5m)
  [s3-no_bb-ET-dp2] 57/384 games (3669/h, eta 5m)
  [s3-no_bb-ET-dp2] 58/384 games (3648/h, eta 5m)
  [s3-no_bb-ET-dp2] 59/384 games (3693/h, eta 5m)
  [s3-no_bb-ET-dp2] 60/384 games (3718/h, eta 5m)
  [s3-no_bb-ET-dp2] 61/384 games (3757/h, eta 5m)
  [s3-no_bb-ET-dp2] 62/384 games (3796/h, eta 5m)
  [s3-no_bb-ET-dp2] 63/384 games (3830/h, eta 5m)
  [s3-no_bb-ET-dp2] 64/384 games (3887/h, eta 5m)
  [s3-no_bb-ET-dp2] 65/384 games (3947/h, eta 5m)
  [s3-no_bb-ET-dp2] 66/384 games (3878/h, eta 5m)
  [s3-no_bb-ET-dp2] 67/384 games (3825/h, eta 5m)
  [s3-no_bb-ET-dp2] 68/384 games (3877/h, eta 5m)
  [s3-no_bb-ET-dp2] 69/384 games (3913/h, eta 5m)
  [s3-no_bb-ET-dp2] 70/384 games (3807/h, eta 5m)
  [s3-no_bb-ET-dp2] 71/384 games (3844/h, eta 5m)
  [s3-no_bb-ET-dp2] 72/384 games (3818/h, eta 5m)
  [s3-no_bb-ET-dp2] 73/384 games (3824/h, eta 5m)
  [s3-no_bb-ET-dp2] 74/384 games (3845/h, eta 5m)
  [s3-no_bb-ET-dp2] 75/384 games (3882/h, eta 5m)
  [s3-no_bb-ET-dp2] 76/384 games (3887/h, eta 5m)
  [s3-no_bb-ET-dp2] 77/384 games (3798/h, eta 5m)
  [s3-no_bb-ET-dp2] 78/384 games (3734/h, eta 5m)
  [s3-no_bb-ET-dp2] 79/384 games (3761/h, eta 5m)
  [s3-no_bb-ET-dp2] 80/384 games (3734/h, eta 5m)
  [s3-no_bb-ET-dp2] 81/384 games (3680/h, eta 5m)
  [s3-no_bb-ET-dp2] 82/384 games (3710/h, eta 5m)
  [s3-no_bb-ET-dp2] 83/384 games (3751/h, eta 5m)
  [s3-no_bb-ET-dp2] 84/384 games (3794/h, eta 5m)
  [s3-no_bb-ET-dp2] 85/384 games (3833/h, eta 5m)
  [s3-no_bb-ET-dp2] 86/384 games (3799/h, eta 5m)
  [s3-no_bb-ET-dp2] 87/384 games (3840/h, eta 5m)
  [s3-no_bb-ET-dp2] 88/384 games (3880/h, eta 5m)
  [s3-no_bb-ET-dp2] 89/384 games (3778/h, eta 5m)
  [s3-no_bb-ET-dp2] 90/384 games (3813/h, eta 5m)
  [s3-no_bb-ET-dp2] 91/384 games (3804/h, eta 5m)
  [s3-no_bb-ET-dp2] 92/384 games (3826/h, eta 5m)
  [s3-no_bb-ET-dp2] 93/384 games (3849/h, eta 5m)
  [s3-no_bb-ET-dp2] 94/384 games (3828/h, eta 5m)
  [s3-no_bb-ET-dp2] 95/384 games (3811/h, eta 5m)
  [s3-no_bb-ET-dp2] 96/384 games (3813/h, eta 5m)
  [s3-no_bb-ET-dp2] 97/384 games (3788/h, eta 5m)
  [s3-no_bb-ET-dp2] 98/384 games (3827/h, eta 4m)
  [s3-no_bb-ET-dp2] 99/384 games (3851/h, eta 4m)
  [s3-no_bb-ET-dp2] 100/384 games (3878/h, eta 4m)
  [s3-no_bb-ET-dp2] 101/384 games (3875/h, eta 4m)
  [s3-no_bb-ET-dp2] 102/384 games (3843/h, eta 4m)
  [s3-no_bb-ET-dp2] 103/384 games (3837/h, eta 4m)
  [s3-no_bb-ET-dp2] 104/384 games (3838/h, eta 4m)
  [s3-no_bb-ET-dp2] 105/384 games (3868/h, eta 4m)
  [s3-no_bb-ET-dp2] 106/384 games (3859/h, eta 4m)
  [s3-no_bb-ET-dp2] 107/384 games (3869/h, eta 4m)
  [s3-no_bb-ET-dp2] 108/384 games (3904/h, eta 4m)
  [s3-no_bb-ET-dp2] 109/384 games (3890/h, eta 4m)
  [s3-no_bb-ET-dp2] 110/384 games (3914/h, eta 4m)
  [s3-no_bb-ET-dp2] 111/384 games (3934/h, eta 4m)
  [s3-no_bb-ET-dp2] 112/384 games (3935/h, eta 4m)
  [s3-no_bb-ET-dp2] 113/384 games (3969/h, eta 4m)
  [s3-no_bb-ET-dp2] 114/384 games (3953/h, eta 4m)
  [s3-no_bb-ET-dp2] 115/384 games (3841/h, eta 4m)
  [s3-no_bb-ET-dp2] 116/384 games (3853/h, eta 4m)
  [s3-no_bb-ET-dp2] 117/384 games (3776/h, eta 4m)
  [s3-no_bb-ET-dp2] 118/384 games (3777/h, eta 4m)
  [s3-no_bb-ET-dp2] 119/384 games (3761/h, eta 4m)
  [s3-no_bb-ET-dp2] 120/384 games (3759/h, eta 4m)
  [s3-no_bb-ET-dp2] 121/384 games (3764/h, eta 4m)
  [s3-no_bb-ET-dp2] 122/384 games (3758/h, eta 4m)
  [s3-no_bb-ET-dp2] 123/384 games (3779/h, eta 4m)
  [s3-no_bb-ET-dp2] 124/384 games (3768/h, eta 4m)
  [s3-no_bb-ET-dp2] 125/384 games (3776/h, eta 4m)
  [s3-no_bb-ET-dp2] 126/384 games (3800/h, eta 4m)
  [s3-no_bb-ET-dp2] 127/384 games (3798/h, eta 4m)
  [s3-no_bb-ET-dp2] 128/384 games (3824/h, eta 4m)
  [s3-no_bb-ET-dp2] 129/384 games (3853/h, eta 4m)
  [s3-no_bb-ET-dp2] 130/384 games (3857/h, eta 4m)
  [s3-no_bb-ET-dp2] 131/384 games (3884/h, eta 4m)
  [s3-no_bb-ET-dp2] 132/384 games (3889/h, eta 4m)
  [s3-no_bb-ET-dp2] 133/384 games (3840/h, eta 4m)
  [s3-no_bb-ET-dp2] 134/384 games (3776/h, eta 4m)
  [s3-no_bb-ET-dp2] 135/384 games (3773/h, eta 4m)
  [s3-no_bb-ET-dp2] 136/384 games (3784/h, eta 4m)
  [s3-no_bb-ET-dp2] 137/384 games (3745/h, eta 4m)
  [s3-no_bb-ET-dp2] 138/384 games (3766/h, eta 4m)
  [s3-no_bb-ET-dp2] 139/384 games (3788/h, eta 4m)
  [s3-no_bb-ET-dp2] 140/384 games (3794/h, eta 4m)
  [s3-no_bb-ET-dp2] 141/384 games (3792/h, eta 4m)
  [s3-no_bb-ET-dp2] 142/384 games (3819/h, eta 4m)
  [s3-no_bb-ET-dp2] 143/384 games (3783/h, eta 4m)
  [s3-no_bb-ET-dp2] 144/384 games (3800/h, eta 4m)
  [s3-no_bb-ET-dp2] 145/384 games (3811/h, eta 4m)
  [s3-no_bb-ET-dp2] 146/384 games (3808/h, eta 4m)
  [s3-no_bb-ET-dp2] 147/384 games (3834/h, eta 4m)
  [s3-no_bb-ET-dp2] 148/384 games (3853/h, eta 4m)
  [s3-no_bb-ET-dp2] 149/384 games (3839/h, eta 4m)
  [s3-no_bb-ET-dp2] 150/384 games (3851/h, eta 4m)
  [s3-no_bb-ET-dp2] 151/384 games (3853/h, eta 4m)
  [s3-no_bb-ET-dp2] 152/384 games (3852/h, eta 4m)
  [s3-no_bb-ET-dp2] 153/384 games (3784/h, eta 4m)
  [s3-no_bb-ET-dp2] 154/384 games (3742/h, eta 4m)
  [s3-no_bb-ET-dp2] 155/384 games (3740/h, eta 4m)
  [s3-no_bb-ET-dp2] 156/384 games (3741/h, eta 4m)
  [s3-no_bb-ET-dp2] 157/384 games (3746/h, eta 4m)
  [s3-no_bb-ET-dp2] 158/384 games (3762/h, eta 4m)
  [s3-no_bb-ET-dp2] 159/384 games (3774/h, eta 4m)
  [s3-no_bb-ET-dp2] 160/384 games (3794/h, eta 4m)
  [s3-no_bb-ET-dp2] 161/384 games (3812/h, eta 4m)
  [s3-no_bb-ET-dp2] 162/384 games (3758/h, eta 4m)
  [s3-no_bb-ET-dp2] 163/384 games (3780/h, eta 4m)
  [s3-no_bb-ET-dp2] 164/384 games (3784/h, eta 3m)
  [s3-no_bb-ET-dp2] 165/384 games (3778/h, eta 3m)
  [s3-no_bb-ET-dp2] 166/384 games (3758/h, eta 3m)
  [s3-no_bb-ET-dp2] 167/384 games (3768/h, eta 3m)
  [s3-no_bb-ET-dp2] 168/384 games (3789/h, eta 3m)
  [s3-no_bb-ET-dp2] 169/384 games (3751/h, eta 3m)
  [s3-no_bb-ET-dp2] 170/384 games (3772/h, eta 3m)
  [s3-no_bb-ET-dp2] 171/384 games (3792/h, eta 3m)
  [s3-no_bb-ET-dp2] 172/384 games (3798/h, eta 3m)
  [s3-no_bb-ET-dp2] 173/384 games (3814/h, eta 3m)
  [s3-no_bb-ET-dp2] 174/384 games (3776/h, eta 3m)
  [s3-no_bb-ET-dp2] 175/384 games (3794/h, eta 3m)
  [s3-no_bb-ET-dp2] 176/384 games (3782/h, eta 3m)
  [s3-no_bb-ET-dp2] 177/384 games (3802/h, eta 3m)
  [s3-no_bb-ET-dp2] 178/384 games (3758/h, eta 3m)
  [s3-no_bb-ET-dp2] 179/384 games (3770/h, eta 3m)
  [s3-no_bb-ET-dp2] 180/384 games (3788/h, eta 3m)
  [s3-no_bb-ET-dp2] 181/384 games (3806/h, eta 3m)
  [s3-no_bb-ET-dp2] 182/384 games (3826/h, eta 3m)
  [s3-no_bb-ET-dp2] 183/384 games (3830/h, eta 3m)
  [s3-no_bb-ET-dp2] 184/384 games (3820/h, eta 3m)
  [s3-no_bb-ET-dp2] 185/384 games (3841/h, eta 3m)
  [s3-no_bb-ET-dp2] 186/384 games (3849/h, eta 3m)
  [s3-no_bb-ET-dp2] 187/384 games (3836/h, eta 3m)
  [s3-no_bb-ET-dp2] 188/384 games (3845/h, eta 3m)
  [s3-no_bb-ET-dp2] 189/384 games (3855/h, eta 3m)
  [s3-no_bb-ET-dp2] 190/384 games (3869/h, eta 3m)
  [s3-no_bb-ET-dp2] 191/384 games (3875/h, eta 3m)
  [s3-no_bb-ET-dp2] 192/384 games (3869/h, eta 3m)
  [s3-no_bb-ET-dp2] 193/384 games (3833/h, eta 3m)
  [s3-no_bb-ET-dp2] 194/384 games (3849/h, eta 3m)
  [s3-no_bb-ET-dp2] 195/384 games (3853/h, eta 3m)
  [s3-no_bb-ET-dp2] 196/384 games (3853/h, eta 3m)
  [s3-no_bb-ET-dp2] 197/384 games (3867/h, eta 3m)
  [s3-no_bb-ET-dp2] 198/384 games (3855/h, eta 3m)
  [s3-no_bb-ET-dp2] 199/384 games (3851/h, eta 3m)
  [s3-no_bb-ET-dp2] 200/384 games (3856/h, eta 3m)
  [s3-no_bb-ET-dp2] 201/384 games (3842/h, eta 3m)
  [s3-no_bb-ET-dp2] 202/384 games (3817/h, eta 3m)
  [s3-no_bb-ET-dp2] 203/384 games (3819/h, eta 3m)
  [s3-no_bb-ET-dp2] 204/384 games (3831/h, eta 3m)
  [s3-no_bb-ET-dp2] 205/384 games (3827/h, eta 3m)
  [s3-no_bb-ET-dp2] 206/384 games (3832/h, eta 3m)
  [s3-no_bb-ET-dp2] 207/384 games (3845/h, eta 3m)
  [s3-no_bb-ET-dp2] 208/384 games (3829/h, eta 3m)
  [s3-no_bb-ET-dp2] 209/384 games (3800/h, eta 3m)
  [s3-no_bb-ET-dp2] 210/384 games (3802/h, eta 3m)
  [s3-no_bb-ET-dp2] 211/384 games (3810/h, eta 3m)
  [s3-no_bb-ET-dp2] 212/384 games (3815/h, eta 3m)
  [s3-no_bb-ET-dp2] 213/384 games (3829/h, eta 3m)
  [s3-no_bb-ET-dp2] 214/384 games (3846/h, eta 3m)
  [s3-no_bb-ET-dp2] 215/384 games (3845/h, eta 3m)
  [s3-no_bb-ET-dp2] 216/384 games (3819/h, eta 3m)
  [s3-no_bb-ET-dp2] 217/384 games (3822/h, eta 3m)
  [s3-no_bb-ET-dp2] 218/384 games (3832/h, eta 3m)
  [s3-no_bb-ET-dp2] 219/384 games (3845/h, eta 3m)
  [s3-no_bb-ET-dp2] 220/384 games (3818/h, eta 3m)
  [s3-no_bb-ET-dp2] 221/384 games (3832/h, eta 3m)
  [s3-no_bb-ET-dp2] 222/384 games (3849/h, eta 3m)
  [s3-no_bb-ET-dp2] 223/384 games (3848/h, eta 3m)
  [s3-no_bb-ET-dp2] 224/384 games (3862/h, eta 2m)
  [s3-no_bb-ET-dp2] 225/384 games (3850/h, eta 2m)
  [s3-no_bb-ET-dp2] 226/384 games (3828/h, eta 2m)
  [s3-no_bb-ET-dp2] 227/384 games (3819/h, eta 2m)
  [s3-no_bb-ET-dp2] 228/384 games (3788/h, eta 2m)
  [s3-no_bb-ET-dp2] 229/384 games (3800/h, eta 2m)
  [s3-no_bb-ET-dp2] 230/384 games (3811/h, eta 2m)
  [s3-no_bb-ET-dp2] 231/384 games (3822/h, eta 2m)
  [s3-no_bb-ET-dp2] 232/384 games (3837/h, eta 2m)
  [s3-no_bb-ET-dp2] 233/384 games (3848/h, eta 2m)
  [s3-no_bb-ET-dp2] 234/384 games (3842/h, eta 2m)
  [s3-no_bb-ET-dp2] 235/384 games (3826/h, eta 2m)
  [s3-no_bb-ET-dp2] 236/384 games (3815/h, eta 2m)
  [s3-no_bb-ET-dp2] 237/384 games (3831/h, eta 2m)
  [s3-no_bb-ET-dp2] 238/384 games (3843/h, eta 2m)
  [s3-no_bb-ET-dp2] 239/384 games (3852/h, eta 2m)
  [s3-no_bb-ET-dp2] 240/384 games (3866/h, eta 2m)
  [s3-no_bb-ET-dp2] 241/384 games (3858/h, eta 2m)
  [s3-no_bb-ET-dp2] 242/384 games (3871/h, eta 2m)
  [s3-no_bb-ET-dp2] 243/384 games (3867/h, eta 2m)
  [s3-no_bb-ET-dp2] 244/384 games (3848/h, eta 2m)
  [s3-no_bb-ET-dp2] 245/384 games (3858/h, eta 2m)
  [s3-no_bb-ET-dp2] 246/384 games (3870/h, eta 2m)
  [s3-no_bb-ET-dp2] 247/384 games (3809/h, eta 2m)
  [s3-no_bb-ET-dp2] 248/384 games (3807/h, eta 2m)
  [s3-no_bb-ET-dp2] 249/384 games (3765/h, eta 2m)
  [s3-no_bb-ET-dp2] 250/384 games (3775/h, eta 2m)
  [s3-no_bb-ET-dp2] 251/384 games (3776/h, eta 2m)
  [s3-no_bb-ET-dp2] 252/384 games (3783/h, eta 2m)
  [s3-no_bb-ET-dp2] 253/384 games (3791/h, eta 2m)
  [s3-no_bb-ET-dp2] 254/384 games (3772/h, eta 2m)
  [s3-no_bb-ET-dp2] 255/384 games (3784/h, eta 2m)
  [s3-no_bb-ET-dp2] 256/384 games (3785/h, eta 2m)
  [s3-no_bb-ET-dp2] 257/384 games (3798/h, eta 2m)
  [s3-no_bb-ET-dp2] 258/384 games (3804/h, eta 2m)
  [s3-no_bb-ET-dp2] 259/384 games (3815/h, eta 2m)
  [s3-no_bb-ET-dp2] 260/384 games (3822/h, eta 2m)
  [s3-no_bb-ET-dp2] 261/384 games (3806/h, eta 2m)
  [s3-no_bb-ET-dp2] 262/384 games (3805/h, eta 2m)
  [s3-no_bb-ET-dp2] 263/384 games (3819/h, eta 2m)
  [s3-no_bb-ET-dp2] 264/384 games (3832/h, eta 2m)
  [s3-no_bb-ET-dp2] 265/384 games (3838/h, eta 2m)
  [s3-no_bb-ET-dp2] 266/384 games (3847/h, eta 2m)
  [s3-no_bb-ET-dp2] 267/384 games (3848/h, eta 2m)
  [s3-no_bb-ET-dp2] 268/384 games (3847/h, eta 2m)
  [s3-no_bb-ET-dp2] 269/384 games (3858/h, eta 2m)
  [s3-no_bb-ET-dp2] 270/384 games (3871/h, eta 2m)
  [s3-no_bb-ET-dp2] 271/384 games (3875/h, eta 2m)
  [s3-no_bb-ET-dp2] 272/384 games (3863/h, eta 2m)
  [s3-no_bb-ET-dp2] 273/384 games (3877/h, eta 2m)
  [s3-no_bb-ET-dp2] 274/384 games (3835/h, eta 2m)
  [s3-no_bb-ET-dp2] 275/384 games (3813/h, eta 2m)
  [s3-no_bb-ET-dp2] 276/384 games (3821/h, eta 2m)
  [s3-no_bb-ET-dp2] 277/384 games (3805/h, eta 2m)
  [s3-no_bb-ET-dp2] 278/384 games (3811/h, eta 2m)
  [s3-no_bb-ET-dp2] 279/384 games (3794/h, eta 2m)
  [s3-no_bb-ET-dp2] 280/384 games (3801/h, eta 2m)
  [s3-no_bb-ET-dp2] 281/384 games (3781/h, eta 2m)
  [s3-no_bb-ET-dp2] 282/384 games (3787/h, eta 2m)
  [s3-no_bb-ET-dp2] 283/384 games (3786/h, eta 2m)
  [s3-no_bb-ET-dp2] 284/384 games (3791/h, eta 2m)
  [s3-no_bb-ET-dp2] 285/384 games (3799/h, eta 2m)
  [s3-no_bb-ET-dp2] 286/384 games (3804/h, eta 2m)
  [s3-no_bb-ET-dp2] 287/384 games (3806/h, eta 2m)
  [s3-no_bb-ET-dp2] 288/384 games (3808/h, eta 2m)
  [s3-no_bb-ET-dp2] 289/384 games (3818/h, eta 1m)
  [s3-no_bb-ET-dp2] 290/384 games (3827/h, eta 1m)
  [s3-no_bb-ET-dp2] 291/384 games (3818/h, eta 1m)
  [s3-no_bb-ET-dp2] 292/384 games (3814/h, eta 1m)
  [s3-no_bb-ET-dp2] 293/384 games (3826/h, eta 1m)
  [s3-no_bb-ET-dp2] 294/384 games (3834/h, eta 1m)
  [s3-no_bb-ET-dp2] 295/384 games (3837/h, eta 1m)
  [s3-no_bb-ET-dp2] 296/384 games (3845/h, eta 1m)
  [s3-no_bb-ET-dp2] 297/384 games (3853/h, eta 1m)
  [s3-no_bb-ET-dp2] 298/384 games (3863/h, eta 1m)
  [s3-no_bb-ET-dp2] 299/384 games (3870/h, eta 1m)
  [s3-no_bb-ET-dp2] 300/384 games (3876/h, eta 1m)
  [s3-no_bb-ET-dp2] 301/384 games (3888/h, eta 1m)
  [s3-no_bb-ET-dp2] 302/384 games (3880/h, eta 1m)
  [s3-no_bb-ET-dp2] 303/384 games (3887/h, eta 1m)
  [s3-no_bb-ET-dp2] 304/384 games (3894/h, eta 1m)
  [s3-no_bb-ET-dp2] 305/384 games (3894/h, eta 1m)
  [s3-no_bb-ET-dp2] 306/384 games (3884/h, eta 1m)
  [s3-no_bb-ET-dp2] 307/384 games (3892/h, eta 1m)
  [s3-no_bb-ET-dp2] 308/384 games (3893/h, eta 1m)
  [s3-no_bb-ET-dp2] 309/384 games (3897/h, eta 1m)
  [s3-no_bb-ET-dp2] 310/384 games (3883/h, eta 1m)
  [s3-no_bb-ET-dp2] 311/384 games (3888/h, eta 1m)
  [s3-no_bb-ET-dp2] 312/384 games (3892/h, eta 1m)
  [s3-no_bb-ET-dp2] 313/384 games (3896/h, eta 1m)
  [s3-no_bb-ET-dp2] 314/384 games (3906/h, eta 1m)
  [s3-no_bb-ET-dp2] 315/384 games (3889/h, eta 1m)
  [s3-no_bb-ET-dp2] 316/384 games (3899/h, eta 1m)
  [s3-no_bb-ET-dp2] 317/384 games (3899/h, eta 1m)
  [s3-no_bb-ET-dp2] 318/384 games (3908/h, eta 1m)
  [s3-no_bb-ET-dp2] 319/384 games (3890/h, eta 1m)
  [s3-no_bb-ET-dp2] 320/384 games (3877/h, eta 1m)
  [s3-no_bb-ET-dp2] 321/384 games (3888/h, eta 1m)
  [s3-no_bb-ET-dp2] 322/384 games (3892/h, eta 1m)
  [s3-no_bb-ET-dp2] 323/384 games (3889/h, eta 1m)
  [s3-no_bb-ET-dp2] 324/384 games (3878/h, eta 1m)
  [s3-no_bb-ET-dp2] 325/384 games (3889/h, eta 1m)
  [s3-no_bb-ET-dp2] 326/384 games (3889/h, eta 1m)
  [s3-no_bb-ET-dp2] 327/384 games (3897/h, eta 1m)
  [s3-no_bb-ET-dp2] 328/384 games (3907/h, eta 1m)
  [s3-no_bb-ET-dp2] 329/384 games (3886/h, eta 1m)
  [s3-no_bb-ET-dp2] 330/384 games (3886/h, eta 1m)
  [s3-no_bb-ET-dp2] 331/384 games (3890/h, eta 1m)
  [s3-no_bb-ET-dp2] 332/384 games (3894/h, eta 1m)
  [s3-no_bb-ET-dp2] 333/384 games (3886/h, eta 1m)
  [s3-no_bb-ET-dp2] 334/384 games (3889/h, eta 1m)
  [s3-no_bb-ET-dp2] 335/384 games (3889/h, eta 1m)
  [s3-no_bb-ET-dp2] 336/384 games (3894/h, eta 1m)
  [s3-no_bb-ET-dp2] 337/384 games (3892/h, eta 1m)
  [s3-no_bb-ET-dp2] 338/384 games (3888/h, eta 1m)
  [s3-no_bb-ET-dp2] 339/384 games (3899/h, eta 1m)
  [s3-no_bb-ET-dp2] 340/384 games (3905/h, eta 1m)
  [s3-no_bb-ET-dp2] 341/384 games (3913/h, eta 1m)
  [s3-no_bb-ET-dp2] 342/384 games (3915/h, eta 1m)
  [s3-no_bb-ET-dp2] 343/384 games (3919/h, eta 1m)
  [s3-no_bb-ET-dp2] 344/384 games (3904/h, eta 1m)
  [s3-no_bb-ET-dp2] 345/384 games (3905/h, eta 1m)
  [s3-no_bb-ET-dp2] 346/384 games (3914/h, eta 1m)
  [s3-no_bb-ET-dp2] 347/384 games (3916/h, eta 1m)
  [s3-no_bb-ET-dp2] 348/384 games (3904/h, eta 1m)
  [s3-no_bb-ET-dp2] 349/384 games (3909/h, eta 1m)
  [s3-no_bb-ET-dp2] 350/384 games (3919/h, eta 1m)
  [s3-no_bb-ET-dp2] 351/384 games (3895/h, eta 1m)
  [s3-no_bb-ET-dp2] 352/384 games (3902/h, eta 0m)
  [s3-no_bb-ET-dp2] 353/384 games (3899/h, eta 0m)
  [s3-no_bb-ET-dp2] 354/384 games (3888/h, eta 0m)
  [s3-no_bb-ET-dp2] 355/384 games (3886/h, eta 0m)
  [s3-no_bb-ET-dp2] 356/384 games (3884/h, eta 0m)
  [s3-no_bb-ET-dp2] 357/384 games (3891/h, eta 0m)
  [s3-no_bb-ET-dp2] 358/384 games (3898/h, eta 0m)
  [s3-no_bb-ET-dp2] 359/384 games (3909/h, eta 0m)
  [s3-no_bb-ET-dp2] 360/384 games (3917/h, eta 0m)
  [s3-no_bb-ET-dp2] 361/384 games (3919/h, eta 0m)
  [s3-no_bb-ET-dp2] 362/384 games (3913/h, eta 0m)
  [s3-no_bb-ET-dp2] 363/384 games (3913/h, eta 0m)
  [s3-no_bb-ET-dp2] 364/384 games (3891/h, eta 0m)
  [s3-no_bb-ET-dp2] 365/384 games (3897/h, eta 0m)
  [s3-no_bb-ET-dp2] 366/384 games (3906/h, eta 0m)
  [s3-no_bb-ET-dp2] 367/384 games (3895/h, eta 0m)
  [s3-no_bb-ET-dp2] 368/384 games (3903/h, eta 0m)
  [s3-no_bb-ET-dp2] 369/384 games (3896/h, eta 0m)
  [s3-no_bb-ET-dp2] 370/384 games (3884/h, eta 0m)
  [s3-no_bb-ET-dp2] 371/384 games (3871/h, eta 0m)
  [s3-no_bb-ET-dp2] 372/384 games (3880/h, eta 0m)
  [s3-no_bb-ET-dp2] 373/384 games (3853/h, eta 0m)
  [s3-no_bb-ET-dp2] 374/384 games (3852/h, eta 0m)
  [s3-no_bb-ET-dp2] 375/384 games (3854/h, eta 0m)
  [s3-no_bb-ET-dp2] 376/384 games (3856/h, eta 0m)
  [s3-no_bb-ET-dp2] 377/384 games (3850/h, eta 0m)
  [s3-no_bb-ET-dp2] 378/384 games (3851/h, eta 0m)
  [s3-no_bb-ET-dp2] 379/384 games (3842/h, eta 0m)
  [s3-no_bb-ET-dp2] 380/384 games (3829/h, eta 0m)
  [s3-no_bb-ET-dp2] 381/384 games (3823/h, eta 0m)
  [s3-no_bb-ET-dp2] 382/384 games (3821/h, eta 0m)
  [s3-no_bb-ET-dp2] 383/384 games (3830/h, eta 0m)
  [s3-no_bb-ET-dp2] 384/384 games (3760/h, eta 0m)
== s3-no_bb-ET-nc2-dp2 -> experiments/results/perturbation/s3-no_bb-ET-nc2-dp2.jsonl
  [s3-no_bb-ET-nc2-dp2] 1/384 games (391/h, eta 59m)
  [s3-no_bb-ET-nc2-dp2] 2/384 games (766/h, eta 30m)
  [s3-no_bb-ET-nc2-dp2] 3/384 games (1144/h, eta 20m)
  [s3-no_bb-ET-nc2-dp2] 4/384 games (1311/h, eta 17m)
  [s3-no_bb-ET-nc2-dp2] 5/384 games (1460/h, eta 16m)
  [s3-no_bb-ET-nc2-dp2] 6/384 games (1434/h, eta 16m)
  [s3-no_bb-ET-nc2-dp2] 7/384 games (1421/h, eta 16m)
  [s3-no_bb-ET-nc2-dp2] 8/384 games (1582/h, eta 14m)
  [s3-no_bb-ET-nc2-dp2] 9/384 games (1714/h, eta 13m)
  [s3-no_bb-ET-nc2-dp2] 10/384 games (1880/h, eta 12m)
  [s3-no_bb-ET-nc2-dp2] 11/384 games (1861/h, eta 12m)
  [s3-no_bb-ET-nc2-dp2] 12/384 games (2012/h, eta 11m)
  [s3-no_bb-ET-nc2-dp2] 13/384 games (2179/h, eta 10m)
  [s3-no_bb-ET-nc2-dp2] 14/384 games (2315/h, eta 10m)
  [s3-no_bb-ET-nc2-dp2] 15/384 games (2412/h, eta 9m)
  [s3-no_bb-ET-nc2-dp2] 16/384 games (2504/h, eta 9m)
  [s3-no_bb-ET-nc2-dp2] 17/384 games (2547/h, eta 9m)
  [s3-no_bb-ET-nc2-dp2] 18/384 games (2684/h, eta 8m)
  [s3-no_bb-ET-nc2-dp2] 19/384 games (2638/h, eta 8m)
  [s3-no_bb-ET-nc2-dp2] 20/384 games (2715/h, eta 8m)
  [s3-no_bb-ET-nc2-dp2] 21/384 games (2736/h, eta 8m)
  [s3-no_bb-ET-nc2-dp2] 22/384 games (2844/h, eta 8m)
  [s3-no_bb-ET-nc2-dp2] 23/384 games (2745/h, eta 8m)
  [s3-no_bb-ET-nc2-dp2] 24/384 games (2828/h, eta 8m)
  [s3-no_bb-ET-nc2-dp2] 25/384 games (2867/h, eta 8m)
  [s3-no_bb-ET-nc2-dp2] 26/384 games (2696/h, eta 8m)
  [s3-no_bb-ET-nc2-dp2] 27/384 games (2649/h, eta 8m)
  [s3-no_bb-ET-nc2-dp2] 28/384 games (2741/h, eta 8m)
  [s3-no_bb-ET-nc2-dp2] 29/384 games (2720/h, eta 8m)
  [s3-no_bb-ET-nc2-dp2] 30/384 games (2788/h, eta 8m)
  [s3-no_bb-ET-nc2-dp2] 31/384 games (2848/h, eta 7m)
  [s3-no_bb-ET-nc2-dp2] 32/384 games (2663/h, eta 8m)
  [s3-no_bb-ET-nc2-dp2] 33/384 games (2615/h, eta 8m)
  [s3-no_bb-ET-nc2-dp2] 34/384 games (2614/h, eta 8m)
  [s3-no_bb-ET-nc2-dp2] 35/384 games (2623/h, eta 8m)
  [s3-no_bb-ET-nc2-dp2] 36/384 games (2655/h, eta 8m)
  [s3-no_bb-ET-nc2-dp2] 37/384 games (2713/h, eta 8m)
  [s3-no_bb-ET-nc2-dp2] 38/384 games (2771/h, eta 7m)
  [s3-no_bb-ET-nc2-dp2] 39/384 games (2827/h, eta 7m)
  [s3-no_bb-ET-nc2-dp2] 40/384 games (2858/h, eta 7m)
  [s3-no_bb-ET-nc2-dp2] 41/384 games (2924/h, eta 7m)
  [s3-no_bb-ET-nc2-dp2] 42/384 games (2966/h, eta 7m)
  [s3-no_bb-ET-nc2-dp2] 43/384 games (2961/h, eta 7m)
  [s3-no_bb-ET-nc2-dp2] 44/384 games (2975/h, eta 7m)
  [s3-no_bb-ET-nc2-dp2] 45/384 games (2979/h, eta 7m)
  [s3-no_bb-ET-nc2-dp2] 46/384 games (3010/h, eta 7m)
  [s3-no_bb-ET-nc2-dp2] 47/384 games (3027/h, eta 7m)
  [s3-no_bb-ET-nc2-dp2] 48/384 games (3068/h, eta 7m)
  [s3-no_bb-ET-nc2-dp2] 49/384 games (3013/h, eta 7m)
  [s3-no_bb-ET-nc2-dp2] 50/384 games (3024/h, eta 7m)
  [s3-no_bb-ET-nc2-dp2] 51/384 games (3034/h, eta 7m)
  [s3-no_bb-ET-nc2-dp2] 52/384 games (2971/h, eta 7m)
  [s3-no_bb-ET-nc2-dp2] 53/384 games (2978/h, eta 7m)
  [s3-no_bb-ET-nc2-dp2] 54/384 games (2991/h, eta 7m)
  [s3-no_bb-ET-nc2-dp2] 55/384 games (3000/h, eta 7m)
  [s3-no_bb-ET-nc2-dp2] 56/384 games (2969/h, eta 7m)
  [s3-no_bb-ET-nc2-dp2] 57/384 games (3015/h, eta 7m)
  [s3-no_bb-ET-nc2-dp2] 58/384 games (3050/h, eta 6m)
  [s3-no_bb-ET-nc2-dp2] 59/384 games (3059/h, eta 6m)
  [s3-no_bb-ET-nc2-dp2] 60/384 games (2901/h, eta 7m)
  [s3-no_bb-ET-nc2-dp2] 61/384 games (2916/h, eta 7m)
  [s3-no_bb-ET-nc2-dp2] 62/384 games (2873/h, eta 7m)
  [s3-no_bb-ET-nc2-dp2] 63/384 games (2881/h, eta 7m)
  [s3-no_bb-ET-nc2-dp2] 64/384 games (2917/h, eta 7m)
  [s3-no_bb-ET-nc2-dp2] 65/384 games (2948/h, eta 6m)
  [s3-no_bb-ET-nc2-dp2] 66/384 games (2977/h, eta 6m)
  [s3-no_bb-ET-nc2-dp2] 67/384 games (3000/h, eta 6m)
  [s3-no_bb-ET-nc2-dp2] 68/384 games (2953/h, eta 6m)
  [s3-no_bb-ET-nc2-dp2] 69/384 games (2969/h, eta 6m)
  [s3-no_bb-ET-nc2-dp2] 70/384 games (3011/h, eta 6m)
  [s3-no_bb-ET-nc2-dp2] 71/384 games (3004/h, eta 6m)
  [s3-no_bb-ET-nc2-dp2] 72/384 games (3033/h, eta 6m)
  [s3-no_bb-ET-nc2-dp2] 73/384 games (3071/h, eta 6m)
  [s3-no_bb-ET-nc2-dp2] 74/384 games (3090/h, eta 6m)
  [s3-no_bb-ET-nc2-dp2] 75/384 games (3109/h, eta 6m)
  [s3-no_bb-ET-nc2-dp2] 76/384 games (3004/h, eta 6m)
  [s3-no_bb-ET-nc2-dp2] 77/384 games (3014/h, eta 6m)
  [s3-no_bb-ET-nc2-dp2] 78/384 games (2986/h, eta 6m)
  [s3-no_bb-ET-nc2-dp2] 79/384 games (2995/h, eta 6m)
  [s3-no_bb-ET-nc2-dp2] 80/384 games (2990/h, eta 6m)
  [s3-no_bb-ET-nc2-dp2] 81/384 games (3011/h, eta 6m)
  [s3-no_bb-ET-nc2-dp2] 82/384 games (3047/h, eta 6m)
  [s3-no_bb-ET-nc2-dp2] 83/384 games (3067/h, eta 6m)
  [s3-no_bb-ET-nc2-dp2] 84/384 games (3084/h, eta 6m)
  [s3-no_bb-ET-nc2-dp2] 85/384 games (3101/h, eta 6m)
  [s3-no_bb-ET-nc2-dp2] 86/384 games (2990/h, eta 6m)
  [s3-no_bb-ET-nc2-dp2] 87/384 games (2923/h, eta 6m)
  [s3-no_bb-ET-nc2-dp2] 88/384 games (2948/h, eta 6m)
  [s3-no_bb-ET-nc2-dp2] 89/384 games (2918/h, eta 6m)
  [s3-no_bb-ET-nc2-dp2] 90/384 games (2921/h, eta 6m)
  [s3-no_bb-ET-nc2-dp2] 91/384 games (2944/h, eta 6m)
  [s3-no_bb-ET-nc2-dp2] 92/384 games (2957/h, eta 6m)
  [s3-no_bb-ET-nc2-dp2] 93/384 games (2954/h, eta 6m)
  [s3-no_bb-ET-nc2-dp2] 94/384 games (2940/h, eta 6m)
  [s3-no_bb-ET-nc2-dp2] 95/384 games (2970/h, eta 6m)
  [s3-no_bb-ET-nc2-dp2] 96/384 games (2969/h, eta 6m)
  [s3-no_bb-ET-nc2-dp2] 97/384 games (2943/h, eta 6m)
  [s3-no_bb-ET-nc2-dp2] 98/384 games (2908/h, eta 6m)
  [s3-no_bb-ET-nc2-dp2] 99/384 games (2923/h, eta 6m)
  [s3-no_bb-ET-nc2-dp2] 100/384 games (2952/h, eta 6m)
  [s3-no_bb-ET-nc2-dp2] 101/384 games (2978/h, eta 6m)
  [s3-no_bb-ET-nc2-dp2] 102/384 games (2990/h, eta 6m)
  [s3-no_bb-ET-nc2-dp2] 103/384 games (3008/h, eta 6m)
  [s3-no_bb-ET-nc2-dp2] 104/384 games (2976/h, eta 6m)
  [s3-no_bb-ET-nc2-dp2] 105/384 games (2993/h, eta 6m)
  [s3-no_bb-ET-nc2-dp2] 106/384 games (2971/h, eta 6m)
  [s3-no_bb-ET-nc2-dp2] 107/384 games (2988/h, eta 6m)
  [s3-no_bb-ET-nc2-dp2] 108/384 games (3003/h, eta 6m)
  [s3-no_bb-ET-nc2-dp2] 109/384 games (3014/h, eta 5m)
  [s3-no_bb-ET-nc2-dp2] 110/384 games (3003/h, eta 5m)
  [s3-no_bb-ET-nc2-dp2] 111/384 games (3025/h, eta 5m)
  [s3-no_bb-ET-nc2-dp2] 112/384 games (3043/h, eta 5m)
  [s3-no_bb-ET-nc2-dp2] 113/384 games (3048/h, eta 5m)
  [s3-no_bb-ET-nc2-dp2] 114/384 games (3032/h, eta 5m)
  [s3-no_bb-ET-nc2-dp2] 115/384 games (3054/h, eta 5m)
  [s3-no_bb-ET-nc2-dp2] 116/384 games (3041/h, eta 5m)
  [s3-no_bb-ET-nc2-dp2] 117/384 games (3053/h, eta 5m)
  [s3-no_bb-ET-nc2-dp2] 118/384 games (3008/h, eta 5m)
  [s3-no_bb-ET-nc2-dp2] 119/384 games (2995/h, eta 5m)
  [s3-no_bb-ET-nc2-dp2] 120/384 games (3005/h, eta 5m)
  [s3-no_bb-ET-nc2-dp2] 121/384 games (3027/h, eta 5m)
  [s3-no_bb-ET-nc2-dp2] 122/384 games (3036/h, eta 5m)
  [s3-no_bb-ET-nc2-dp2] 123/384 games (3041/h, eta 5m)
  [s3-no_bb-ET-nc2-dp2] 124/384 games (3054/h, eta 5m)
  [s3-no_bb-ET-nc2-dp2] 125/384 games (3039/h, eta 5m)
  [s3-no_bb-ET-nc2-dp2] 126/384 games (3052/h, eta 5m)
  [s3-no_bb-ET-nc2-dp2] 127/384 games (3070/h, eta 5m)
  [s3-no_bb-ET-nc2-dp2] 128/384 games (3091/h, eta 5m)
  [s3-no_bb-ET-nc2-dp2] 129/384 games (3108/h, eta 5m)
  [s3-no_bb-ET-nc2-dp2] 130/384 games (3064/h, eta 5m)
  [s3-no_bb-ET-nc2-dp2] 131/384 games (3050/h, eta 5m)
  [s3-no_bb-ET-nc2-dp2] 132/384 games (3068/h, eta 5m)
  [s3-no_bb-ET-nc2-dp2] 133/384 games (3090/h, eta 5m)
  [s3-no_bb-ET-nc2-dp2] 134/384 games (3079/h, eta 5m)
  [s3-no_bb-ET-nc2-dp2] 135/384 games (3082/h, eta 5m)
  [s3-no_bb-ET-nc2-dp2] 136/384 games (3102/h, eta 5m)
  [s3-no_bb-ET-nc2-dp2] 137/384 games (3102/h, eta 5m)
  [s3-no_bb-ET-nc2-dp2] 138/384 games (3083/h, eta 5m)
  [s3-no_bb-ET-nc2-dp2] 139/384 games (3071/h, eta 5m)
  [s3-no_bb-ET-nc2-dp2] 140/384 games (3068/h, eta 5m)
  [s3-no_bb-ET-nc2-dp2] 141/384 games (3061/h, eta 5m)
  [s3-no_bb-ET-nc2-dp2] 142/384 games (3069/h, eta 5m)
  [s3-no_bb-ET-nc2-dp2] 143/384 games (3076/h, eta 5m)
  [s3-no_bb-ET-nc2-dp2] 144/384 games (3086/h, eta 5m)
  [s3-no_bb-ET-nc2-dp2] 145/384 games (3096/h, eta 5m)
  [s3-no_bb-ET-nc2-dp2] 146/384 games (3114/h, eta 5m)
  [s3-no_bb-ET-nc2-dp2] 147/384 games (3122/h, eta 5m)
  [s3-no_bb-ET-nc2-dp2] 148/384 games (3139/h, eta 5m)
  [s3-no_bb-ET-nc2-dp2] 149/384 games (3111/h, eta 5m)
  [s3-no_bb-ET-nc2-dp2] 150/384 games (3101/h, eta 5m)
  [s3-no_bb-ET-nc2-dp2] 151/384 games (3095/h, eta 5m)
  [s3-no_bb-ET-nc2-dp2] 152/384 games (3115/h, eta 4m)
  [s3-no_bb-ET-nc2-dp2] 153/384 games (3090/h, eta 4m)
  [s3-no_bb-ET-nc2-dp2] 154/384 games (3105/h, eta 4m)
  [s3-no_bb-ET-nc2-dp2] 155/384 games (3125/h, eta 4m)
  [s3-no_bb-ET-nc2-dp2] 156/384 games (3104/h, eta 4m)
  [s3-no_bb-ET-nc2-dp2] 157/384 games (3112/h, eta 4m)
  [s3-no_bb-ET-nc2-dp2] 158/384 games (3126/h, eta 4m)
  [s3-no_bb-ET-nc2-dp2] 159/384 games (3135/h, eta 4m)
  [s3-no_bb-ET-nc2-dp2] 160/384 games (3150/h, eta 4m)
  [s3-no_bb-ET-nc2-dp2] 161/384 games (3136/h, eta 4m)
  [s3-no_bb-ET-nc2-dp2] 162/384 games (3138/h, eta 4m)
  [s3-no_bb-ET-nc2-dp2] 163/384 games (3141/h, eta 4m)
  [s3-no_bb-ET-nc2-dp2] 164/384 games (3160/h, eta 4m)
  [s3-no_bb-ET-nc2-dp2] 165/384 games (3178/h, eta 4m)
  [s3-no_bb-ET-nc2-dp2] 166/384 games (3193/h, eta 4m)
  [s3-no_bb-ET-nc2-dp2] 167/384 games (3168/h, eta 4m)
  [s3-no_bb-ET-nc2-dp2] 168/384 games (3187/h, eta 4m)
  [s3-no_bb-ET-nc2-dp2] 169/384 games (3167/h, eta 4m)
  [s3-no_bb-ET-nc2-dp2] 170/384 games (3184/h, eta 4m)
  [s3-no_bb-ET-nc2-dp2] 171/384 games (3202/h, eta 4m)
  [s3-no_bb-ET-nc2-dp2] 172/384 games (3207/h, eta 4m)
  [s3-no_bb-ET-nc2-dp2] 173/384 games (3203/h, eta 4m)
  [s3-no_bb-ET-nc2-dp2] 174/384 games (3183/h, eta 4m)
  [s3-no_bb-ET-nc2-dp2] 175/384 games (3200/h, eta 4m)
  [s3-no_bb-ET-nc2-dp2] 176/384 games (3210/h, eta 4m)
  [s3-no_bb-ET-nc2-dp2] 177/384 games (3197/h, eta 4m)
  [s3-no_bb-ET-nc2-dp2] 178/384 games (3155/h, eta 4m)
  [s3-no_bb-ET-nc2-dp2] 179/384 games (3116/h, eta 4m)
  [s3-no_bb-ET-nc2-dp2] 180/384 games (3129/h, eta 4m)
  [s3-no_bb-ET-nc2-dp2] 181/384 games (3127/h, eta 4m)
  [s3-no_bb-ET-nc2-dp2] 182/384 games (3130/h, eta 4m)
  [s3-no_bb-ET-nc2-dp2] 183/384 games (3141/h, eta 4m)
  [s3-no_bb-ET-nc2-dp2] 184/384 games (3152/h, eta 4m)
  [s3-no_bb-ET-nc2-dp2] 185/384 games (3129/h, eta 4m)
  [s3-no_bb-ET-nc2-dp2] 186/384 games (3124/h, eta 4m)
  [s3-no_bb-ET-nc2-dp2] 187/384 games (3124/h, eta 4m)
  [s3-no_bb-ET-nc2-dp2] 188/384 games (3139/h, eta 4m)
  [s3-no_bb-ET-nc2-dp2] 189/384 games (3154/h, eta 4m)
  [s3-no_bb-ET-nc2-dp2] 190/384 games (3154/h, eta 4m)
  [s3-no_bb-ET-nc2-dp2] 191/384 games (3170/h, eta 4m)
  [s3-no_bb-ET-nc2-dp2] 192/384 games (3176/h, eta 4m)
  [s3-no_bb-ET-nc2-dp2] 193/384 games (3178/h, eta 4m)
  [s3-no_bb-ET-nc2-dp2] 194/384 games (3190/h, eta 4m)
  [s3-no_bb-ET-nc2-dp2] 195/384 games (3192/h, eta 4m)
  [s3-no_bb-ET-nc2-dp2] 196/384 games (3187/h, eta 4m)
  [s3-no_bb-ET-nc2-dp2] 197/384 games (3190/h, eta 4m)
  [s3-no_bb-ET-nc2-dp2] 198/384 games (3184/h, eta 4m)
  [s3-no_bb-ET-nc2-dp2] 199/384 games (3189/h, eta 3m)
  [s3-no_bb-ET-nc2-dp2] 200/384 games (3183/h, eta 3m)
  [s3-no_bb-ET-nc2-dp2] 201/384 games (3164/h, eta 3m)
  [s3-no_bb-ET-nc2-dp2] 202/384 games (3168/h, eta 3m)
  [s3-no_bb-ET-nc2-dp2] 203/384 games (3170/h, eta 3m)
  [s3-no_bb-ET-nc2-dp2] 204/384 games (3154/h, eta 3m)
  [s3-no_bb-ET-nc2-dp2] 205/384 games (3168/h, eta 3m)
  [s3-no_bb-ET-nc2-dp2] 206/384 games (3147/h, eta 3m)
  [s3-no_bb-ET-nc2-dp2] 207/384 games (3155/h, eta 3m)
  [s3-no_bb-ET-nc2-dp2] 208/384 games (3146/h, eta 3m)
  [s3-no_bb-ET-nc2-dp2] 209/384 games (3158/h, eta 3m)
  [s3-no_bb-ET-nc2-dp2] 210/384 games (3166/h, eta 3m)
  [s3-no_bb-ET-nc2-dp2] 211/384 games (3163/h, eta 3m)
  [s3-no_bb-ET-nc2-dp2] 212/384 games (3173/h, eta 3m)
  [s3-no_bb-ET-nc2-dp2] 213/384 games (3183/h, eta 3m)
  [s3-no_bb-ET-nc2-dp2] 214/384 games (3193/h, eta 3m)
  [s3-no_bb-ET-nc2-dp2] 215/384 games (3195/h, eta 3m)
  [s3-no_bb-ET-nc2-dp2] 216/384 games (3205/h, eta 3m)
  [s3-no_bb-ET-nc2-dp2] 217/384 games (3210/h, eta 3m)
  [s3-no_bb-ET-nc2-dp2] 218/384 games (3207/h, eta 3m)
  [s3-no_bb-ET-nc2-dp2] 219/384 games (3216/h, eta 3m)
  [s3-no_bb-ET-nc2-dp2] 220/384 games (3186/h, eta 3m)
  [s3-no_bb-ET-nc2-dp2] 221/384 games (3167/h, eta 3m)
  [s3-no_bb-ET-nc2-dp2] 222/384 games (3149/h, eta 3m)
  [s3-no_bb-ET-nc2-dp2] 223/384 games (3156/h, eta 3m)
  [s3-no_bb-ET-nc2-dp2] 224/384 games (3164/h, eta 3m)
  [s3-no_bb-ET-nc2-dp2] 225/384 games (3152/h, eta 3m)
  [s3-no_bb-ET-nc2-dp2] 226/384 games (3154/h, eta 3m)
  [s3-no_bb-ET-nc2-dp2] 227/384 games (3135/h, eta 3m)
  [s3-no_bb-ET-nc2-dp2] 228/384 games (3138/h, eta 3m)
  [s3-no_bb-ET-nc2-dp2] 229/384 games (3150/h, eta 3m)
  [s3-no_bb-ET-nc2-dp2] 230/384 games (3155/h, eta 3m)
  [s3-no_bb-ET-nc2-dp2] 231/384 games (3167/h, eta 3m)
  [s3-no_bb-ET-nc2-dp2] 232/384 games (3148/h, eta 3m)
  [s3-no_bb-ET-nc2-dp2] 233/384 games (3154/h, eta 3m)
  [s3-no_bb-ET-nc2-dp2] 234/384 games (3159/h, eta 3m)
  [s3-no_bb-ET-nc2-dp2] 235/384 games (3171/h, eta 3m)
  [s3-no_bb-ET-nc2-dp2] 236/384 games (3179/h, eta 3m)
  [s3-no_bb-ET-nc2-dp2] 237/384 games (3161/h, eta 3m)
  [s3-no_bb-ET-nc2-dp2] 238/384 games (3173/h, eta 3m)
  [s3-no_bb-ET-nc2-dp2] 239/384 games (3184/h, eta 3m)
  [s3-no_bb-ET-nc2-dp2] 240/384 games (3179/h, eta 3m)
  [s3-no_bb-ET-nc2-dp2] 241/384 games (3160/h, eta 3m)
  [s3-no_bb-ET-nc2-dp2] 242/384 games (3129/h, eta 3m)
  [s3-no_bb-ET-nc2-dp2] 243/384 games (3135/h, eta 3m)
  [s3-no_bb-ET-nc2-dp2] 244/384 games (3132/h, eta 3m)
  [s3-no_bb-ET-nc2-dp2] 245/384 games (3132/h, eta 3m)
  [s3-no_bb-ET-nc2-dp2] 246/384 games (3124/h, eta 3m)
  [s3-no_bb-ET-nc2-dp2] 247/384 games (3132/h, eta 3m)
  [s3-no_bb-ET-nc2-dp2] 248/384 games (3127/h, eta 3m)
  [s3-no_bb-ET-nc2-dp2] 249/384 games (3124/h, eta 3m)
  [s3-no_bb-ET-nc2-dp2] 250/384 games (3129/h, eta 3m)
  [s3-no_bb-ET-nc2-dp2] 251/384 games (3141/h, eta 3m)
  [s3-no_bb-ET-nc2-dp2] 252/384 games (3143/h, eta 3m)
  [s3-no_bb-ET-nc2-dp2] 253/384 games (3152/h, eta 2m)
  [s3-no_bb-ET-nc2-dp2] 254/384 games (3151/h, eta 2m)
  [s3-no_bb-ET-nc2-dp2] 255/384 games (3159/h, eta 2m)
  [s3-no_bb-ET-nc2-dp2] 256/384 games (3134/h, eta 2m)
  [s3-no_bb-ET-nc2-dp2] 257/384 games (3139/h, eta 2m)
  [s3-no_bb-ET-nc2-dp2] 258/384 games (3139/h, eta 2m)
  [s3-no_bb-ET-nc2-dp2] 259/384 games (3129/h, eta 2m)
  [s3-no_bb-ET-nc2-dp2] 260/384 games (3107/h, eta 2m)
  [s3-no_bb-ET-nc2-dp2] 261/384 games (3113/h, eta 2m)
  [s3-no_bb-ET-nc2-dp2] 262/384 games (3120/h, eta 2m)
  [s3-no_bb-ET-nc2-dp2] 263/384 games (3128/h, eta 2m)
  [s3-no_bb-ET-nc2-dp2] 264/384 games (3118/h, eta 2m)
  [s3-no_bb-ET-nc2-dp2] 265/384 games (3129/h, eta 2m)
  [s3-no_bb-ET-nc2-dp2] 266/384 games (3138/h, eta 2m)
  [s3-no_bb-ET-nc2-dp2] 267/384 games (3149/h, eta 2m)
  [s3-no_bb-ET-nc2-dp2] 268/384 games (3154/h, eta 2m)
  [s3-no_bb-ET-nc2-dp2] 269/384 games (3135/h, eta 2m)
  [s3-no_bb-ET-nc2-dp2] 270/384 games (3146/h, eta 2m)
  [s3-no_bb-ET-nc2-dp2] 271/384 games (3153/h, eta 2m)
  [s3-no_bb-ET-nc2-dp2] 272/384 games (3153/h, eta 2m)
  [s3-no_bb-ET-nc2-dp2] 273/384 games (3154/h, eta 2m)
  [s3-no_bb-ET-nc2-dp2] 274/384 games (3151/h, eta 2m)
  [s3-no_bb-ET-nc2-dp2] 275/384 games (3155/h, eta 2m)
  [s3-no_bb-ET-nc2-dp2] 276/384 games (3138/h, eta 2m)
  [s3-no_bb-ET-nc2-dp2] 277/384 games (3149/h, eta 2m)
  [s3-no_bb-ET-nc2-dp2] 278/384 games (3150/h, eta 2m)
  [s3-no_bb-ET-nc2-dp2] 279/384 games (3157/h, eta 2m)
  [s3-no_bb-ET-nc2-dp2] 280/384 games (3140/h, eta 2m)
  [s3-no_bb-ET-nc2-dp2] 281/384 games (3148/h, eta 2m)
  [s3-no_bb-ET-nc2-dp2] 282/384 games (3139/h, eta 2m)
  [s3-no_bb-ET-nc2-dp2] 283/384 games (3148/h, eta 2m)
  [s3-no_bb-ET-nc2-dp2] 284/384 games (3152/h, eta 2m)
  [s3-no_bb-ET-nc2-dp2] 285/384 games (3161/h, eta 2m)
  [s3-no_bb-ET-nc2-dp2] 286/384 games (3162/h, eta 2m)
  [s3-no_bb-ET-nc2-dp2] 287/384 games (3146/h, eta 2m)
  [s3-no_bb-ET-nc2-dp2] 288/384 games (3148/h, eta 2m)
  [s3-no_bb-ET-nc2-dp2] 289/384 games (3158/h, eta 2m)
  [s3-no_bb-ET-nc2-dp2] 290/384 games (3156/h, eta 2m)
  [s3-no_bb-ET-nc2-dp2] 291/384 games (3130/h, eta 2m)
  [s3-no_bb-ET-nc2-dp2] 292/384 games (3130/h, eta 2m)
  [s3-no_bb-ET-nc2-dp2] 293/384 games (3140/h, eta 2m)
  [s3-no_bb-ET-nc2-dp2] 294/384 games (3142/h, eta 2m)
  [s3-no_bb-ET-nc2-dp2] 295/384 games (3152/h, eta 2m)
  [s3-no_bb-ET-nc2-dp2] 296/384 games (3155/h, eta 2m)
  [s3-no_bb-ET-nc2-dp2] 297/384 games (3159/h, eta 2m)
  [s3-no_bb-ET-nc2-dp2] 298/384 games (3147/h, eta 2m)
  [s3-no_bb-ET-nc2-dp2] 299/384 games (3154/h, eta 2m)
  [s3-no_bb-ET-nc2-dp2] 300/384 games (3149/h, eta 2m)
  [s3-no_bb-ET-nc2-dp2] 301/384 games (3155/h, eta 2m)
  [s3-no_bb-ET-nc2-dp2] 302/384 games (3154/h, eta 2m)
  [s3-no_bb-ET-nc2-dp2] 303/384 games (3153/h, eta 2m)
  [s3-no_bb-ET-nc2-dp2] 304/384 games (3161/h, eta 2m)
  [s3-no_bb-ET-nc2-dp2] 305/384 games (3135/h, eta 2m)
  [s3-no_bb-ET-nc2-dp2] 306/384 games (3141/h, eta 1m)
  [s3-no_bb-ET-nc2-dp2] 307/384 games (3139/h, eta 1m)
  [s3-no_bb-ET-nc2-dp2] 308/384 games (3138/h, eta 1m)
  [s3-no_bb-ET-nc2-dp2] 309/384 games (3148/h, eta 1m)
  [s3-no_bb-ET-nc2-dp2] 310/384 games (3148/h, eta 1m)
  [s3-no_bb-ET-nc2-dp2] 311/384 games (3155/h, eta 1m)
  [s3-no_bb-ET-nc2-dp2] 312/384 games (3155/h, eta 1m)
  [s3-no_bb-ET-nc2-dp2] 313/384 games (3146/h, eta 1m)
  [s3-no_bb-ET-nc2-dp2] 314/384 games (3153/h, eta 1m)
  [s3-no_bb-ET-nc2-dp2] 315/384 games (3162/h, eta 1m)
  [s3-no_bb-ET-nc2-dp2] 316/384 games (3167/h, eta 1m)
  [s3-no_bb-ET-nc2-dp2] 317/384 games (3165/h, eta 1m)
  [s3-no_bb-ET-nc2-dp2] 318/384 games (3172/h, eta 1m)
  [s3-no_bb-ET-nc2-dp2] 319/384 games (3154/h, eta 1m)
  [s3-no_bb-ET-nc2-dp2] 320/384 games (3138/h, eta 1m)
  [s3-no_bb-ET-nc2-dp2] 321/384 games (3134/h, eta 1m)
  [s3-no_bb-ET-nc2-dp2] 322/384 games (3142/h, eta 1m)
  [s3-no_bb-ET-nc2-dp2] 323/384 games (3151/h, eta 1m)
  [s3-no_bb-ET-nc2-dp2] 324/384 games (3151/h, eta 1m)
  [s3-no_bb-ET-nc2-dp2] 325/384 games (3160/h, eta 1m)
  [s3-no_bb-ET-nc2-dp2] 326/384 games (3166/h, eta 1m)
  [s3-no_bb-ET-nc2-dp2] 327/384 games (3158/h, eta 1m)
  [s3-no_bb-ET-nc2-dp2] 328/384 games (3161/h, eta 1m)
  [s3-no_bb-ET-nc2-dp2] 329/384 games (3137/h, eta 1m)
  [s3-no_bb-ET-nc2-dp2] 330/384 games (3139/h, eta 1m)
  [s3-no_bb-ET-nc2-dp2] 331/384 games (3144/h, eta 1m)
  [s3-no_bb-ET-nc2-dp2] 332/384 games (3150/h, eta 1m)
  [s3-no_bb-ET-nc2-dp2] 333/384 games (3158/h, eta 1m)
  [s3-no_bb-ET-nc2-dp2] 334/384 games (3162/h, eta 1m)
  [s3-no_bb-ET-nc2-dp2] 335/384 games (3169/h, eta 1m)
  [s3-no_bb-ET-nc2-dp2] 336/384 games (3172/h, eta 1m)
  [s3-no_bb-ET-nc2-dp2] 337/384 games (3166/h, eta 1m)
  [s3-no_bb-ET-nc2-dp2] 338/384 games (3139/h, eta 1m)
  [s3-no_bb-ET-nc2-dp2] 339/384 games (3145/h, eta 1m)
  [s3-no_bb-ET-nc2-dp2] 340/384 games (3152/h, eta 1m)
  [s3-no_bb-ET-nc2-dp2] 341/384 games (3155/h, eta 1m)
  [s3-no_bb-ET-nc2-dp2] 342/384 games (3160/h, eta 1m)
  [s3-no_bb-ET-nc2-dp2] 343/384 games (3164/h, eta 1m)
  [s3-no_bb-ET-nc2-dp2] 344/384 games (3165/h, eta 1m)
  [s3-no_bb-ET-nc2-dp2] 345/384 games (3161/h, eta 1m)
  [s3-no_bb-ET-nc2-dp2] 346/384 games (3148/h, eta 1m)
  [s3-no_bb-ET-nc2-dp2] 347/384 games (3148/h, eta 1m)
  [s3-no_bb-ET-nc2-dp2] 348/384 games (3153/h, eta 1m)
  [s3-no_bb-ET-nc2-dp2] 349/384 games (3141/h, eta 1m)
  [s3-no_bb-ET-nc2-dp2] 350/384 games (3146/h, eta 1m)
  [s3-no_bb-ET-nc2-dp2] 351/384 games (3154/h, eta 1m)
  [s3-no_bb-ET-nc2-dp2] 352/384 games (3155/h, eta 1m)
  [s3-no_bb-ET-nc2-dp2] 353/384 games (3139/h, eta 1m)
  [s3-no_bb-ET-nc2-dp2] 354/384 games (3131/h, eta 1m)
  [s3-no_bb-ET-nc2-dp2] 355/384 games (3130/h, eta 1m)
  [s3-no_bb-ET-nc2-dp2] 356/384 games (3134/h, eta 1m)
  [s3-no_bb-ET-nc2-dp2] 357/384 games (3137/h, eta 1m)
  [s3-no_bb-ET-nc2-dp2] 358/384 games (3132/h, eta 0m)
  [s3-no_bb-ET-nc2-dp2] 359/384 games (3124/h, eta 0m)
  [s3-no_bb-ET-nc2-dp2] 360/384 games (3113/h, eta 0m)
  [s3-no_bb-ET-nc2-dp2] 361/384 games (3120/h, eta 0m)
  [s3-no_bb-ET-nc2-dp2] 362/384 games (3128/h, eta 0m)
  [s3-no_bb-ET-nc2-dp2] 363/384 games (3135/h, eta 0m)
  [s3-no_bb-ET-nc2-dp2] 364/384 games (3131/h, eta 0m)
  [s3-no_bb-ET-nc2-dp2] 365/384 games (3124/h, eta 0m)
  [s3-no_bb-ET-nc2-dp2] 366/384 games (3114/h, eta 0m)
  [s3-no_bb-ET-nc2-dp2] 367/384 games (3113/h, eta 0m)
  [s3-no_bb-ET-nc2-dp2] 368/384 games (3115/h, eta 0m)
  [s3-no_bb-ET-nc2-dp2] 369/384 games (3121/h, eta 0m)
  [s3-no_bb-ET-nc2-dp2] 370/384 games (3113/h, eta 0m)
  [s3-no_bb-ET-nc2-dp2] 371/384 games (3119/h, eta 0m)
  [s3-no_bb-ET-nc2-dp2] 372/384 games (3122/h, eta 0m)
  [s3-no_bb-ET-nc2-dp2] 373/384 games (3119/h, eta 0m)
  [s3-no_bb-ET-nc2-dp2] 374/384 games (3118/h, eta 0m)
  [s3-no_bb-ET-nc2-dp2] 375/384 games (3125/h, eta 0m)
  [s3-no_bb-ET-nc2-dp2] 376/384 games (3132/h, eta 0m)
  [s3-no_bb-ET-nc2-dp2] 377/384 games (3137/h, eta 0m)
  [s3-no_bb-ET-nc2-dp2] 378/384 games (3143/h, eta 0m)
  [s3-no_bb-ET-nc2-dp2] 379/384 games (3145/h, eta 0m)
  [s3-no_bb-ET-nc2-dp2] 380/384 games (3151/h, eta 0m)
  [s3-no_bb-ET-nc2-dp2] 381/384 games (3158/h, eta 0m)
  [s3-no_bb-ET-nc2-dp2] 382/384 games (3152/h, eta 0m)
  [s3-no_bb-ET-nc2-dp2] 383/384 games (3146/h, eta 0m)
  [s3-no_bb-ET-nc2-dp2] 384/384 games (3119/h, eta 0m)
== s3-no_q_r-ET-nc2 -> experiments/results/perturbation/s3-no_q_r-ET-nc2.jsonl
  [s3-no_q_r-ET-nc2] 1/384 games (1595/h, eta 14m)
  [s3-no_q_r-ET-nc2] 2/384 games (652/h, eta 35m)
  [s3-no_q_r-ET-nc2] 3/384 games (656/h, eta 35m)
  [s3-no_q_r-ET-nc2] 4/384 games (762/h, eta 30m)
  [s3-no_q_r-ET-nc2] 5/384 games (925/h, eta 25m)
  [s3-no_q_r-ET-nc2] 6/384 games (1038/h, eta 22m)
  [s3-no_q_r-ET-nc2] 7/384 games (1152/h, eta 20m)
  [s3-no_q_r-ET-nc2] 8/384 games (1263/h, eta 18m)
  [s3-no_q_r-ET-nc2] 9/384 games (1281/h, eta 18m)
  [s3-no_q_r-ET-nc2] 10/384 games (1358/h, eta 17m)
  [s3-no_q_r-ET-nc2] 11/384 games (1483/h, eta 15m)
  [s3-no_q_r-ET-nc2] 12/384 games (1475/h, eta 15m)
  [s3-no_q_r-ET-nc2] 13/384 games (1514/h, eta 15m)
  [s3-no_q_r-ET-nc2] 14/384 games (1627/h, eta 14m)
  [s3-no_q_r-ET-nc2] 15/384 games (1705/h, eta 13m)
  [s3-no_q_r-ET-nc2] 16/384 games (1818/h, eta 12m)
  [s3-no_q_r-ET-nc2] 17/384 games (1912/h, eta 12m)
  [s3-no_q_r-ET-nc2] 18/384 games (1996/h, eta 11m)
  [s3-no_q_r-ET-nc2] 19/384 games (1821/h, eta 12m)
  [s3-no_q_r-ET-nc2] 20/384 games (1885/h, eta 12m)
  [s3-no_q_r-ET-nc2] 21/384 games (1925/h, eta 11m)
  [s3-no_q_r-ET-nc2] 22/384 games (1978/h, eta 11m)
  [s3-no_q_r-ET-nc2] 23/384 games (2059/h, eta 11m)
  [s3-no_q_r-ET-nc2] 24/384 games (2115/h, eta 10m)
  [s3-no_q_r-ET-nc2] 25/384 games (2198/h, eta 10m)
  [s3-no_q_r-ET-nc2] 26/384 games (2251/h, eta 10m)
  [s3-no_q_r-ET-nc2] 27/384 games (2143/h, eta 10m)
  [s3-no_q_r-ET-nc2] 28/384 games (2054/h, eta 10m)
  [s3-no_q_r-ET-nc2] 29/384 games (2073/h, eta 10m)
  [s3-no_q_r-ET-nc2] 30/384 games (2122/h, eta 10m)
  [s3-no_q_r-ET-nc2] 31/384 games (2139/h, eta 10m)
  [s3-no_q_r-ET-nc2] 32/384 games (2203/h, eta 10m)
  [s3-no_q_r-ET-nc2] 33/384 games (2135/h, eta 10m)
  [s3-no_q_r-ET-nc2] 34/384 games (2105/h, eta 10m)
  [s3-no_q_r-ET-nc2] 35/384 games (2162/h, eta 10m)
  [s3-no_q_r-ET-nc2] 36/384 games (2216/h, eta 9m)
  [s3-no_q_r-ET-nc2] 37/384 games (2263/h, eta 9m)
  [s3-no_q_r-ET-nc2] 38/384 games (2286/h, eta 9m)
  [s3-no_q_r-ET-nc2] 39/384 games (2342/h, eta 9m)
  [s3-no_q_r-ET-nc2] 40/384 games (2399/h, eta 9m)
  [s3-no_q_r-ET-nc2] 41/384 games (2407/h, eta 9m)
  [s3-no_q_r-ET-nc2] 42/384 games (2462/h, eta 8m)
  [s3-no_q_r-ET-nc2] 43/384 games (2500/h, eta 8m)
  [s3-no_q_r-ET-nc2] 44/384 games (2491/h, eta 8m)
  [s3-no_q_r-ET-nc2] 45/384 games (2515/h, eta 8m)
  [s3-no_q_r-ET-nc2] 46/384 games (2570/h, eta 8m)
  [s3-no_q_r-ET-nc2] 47/384 games (2552/h, eta 8m)
  [s3-no_q_r-ET-nc2] 48/384 games (2575/h, eta 8m)
  [s3-no_q_r-ET-nc2] 49/384 games (2601/h, eta 8m)
  [s3-no_q_r-ET-nc2] 50/384 games (2561/h, eta 8m)
  [s3-no_q_r-ET-nc2] 51/384 games (2578/h, eta 8m)
  [s3-no_q_r-ET-nc2] 52/384 games (2504/h, eta 8m)
  [s3-no_q_r-ET-nc2] 53/384 games (2515/h, eta 8m)
  [s3-no_q_r-ET-nc2] 54/384 games (2544/h, eta 8m)
  [s3-no_q_r-ET-nc2] 55/384 games (2533/h, eta 8m)
  [s3-no_q_r-ET-nc2] 56/384 games (2520/h, eta 8m)
  [s3-no_q_r-ET-nc2] 57/384 games (2539/h, eta 8m)
  [s3-no_q_r-ET-nc2] 58/384 games (2513/h, eta 8m)
  [s3-no_q_r-ET-nc2] 59/384 games (2516/h, eta 8m)
  [s3-no_q_r-ET-nc2] 60/384 games (2540/h, eta 8m)
  [s3-no_q_r-ET-nc2] 61/384 games (2530/h, eta 8m)
  [s3-no_q_r-ET-nc2] 62/384 games (2553/h, eta 8m)
  [s3-no_q_r-ET-nc2] 63/384 games (2591/h, eta 7m)
  [s3-no_q_r-ET-nc2] 64/384 games (2561/h, eta 7m)
  [s3-no_q_r-ET-nc2] 65/384 games (2578/h, eta 7m)
  [s3-no_q_r-ET-nc2] 66/384 games (2608/h, eta 7m)
  [s3-no_q_r-ET-nc2] 67/384 games (2578/h, eta 7m)
  [s3-no_q_r-ET-nc2] 68/384 games (2595/h, eta 7m)
  [s3-no_q_r-ET-nc2] 69/384 games (2602/h, eta 7m)
  [s3-no_q_r-ET-nc2] 70/384 games (2638/h, eta 7m)
  [s3-no_q_r-ET-nc2] 71/384 games (2647/h, eta 7m)
  [s3-no_q_r-ET-nc2] 72/384 games (2626/h, eta 7m)
  [s3-no_q_r-ET-nc2] 73/384 games (2615/h, eta 7m)
  [s3-no_q_r-ET-nc2] 74/384 games (2612/h, eta 7m)
  [s3-no_q_r-ET-nc2] 75/384 games (2635/h, eta 7m)
  [s3-no_q_r-ET-nc2] 76/384 games (2656/h, eta 7m)
  [s3-no_q_r-ET-nc2] 77/384 games (2646/h, eta 7m)
  [s3-no_q_r-ET-nc2] 78/384 games (2641/h, eta 7m)
  [s3-no_q_r-ET-nc2] 79/384 games (2647/h, eta 7m)
  [s3-no_q_r-ET-nc2] 80/384 games (2629/h, eta 7m)
  [s3-no_q_r-ET-nc2] 81/384 games (2642/h, eta 7m)
  [s3-no_q_r-ET-nc2] 82/384 games (2586/h, eta 7m)
  [s3-no_q_r-ET-nc2] 83/384 games (2616/h, eta 7m)
  [s3-no_q_r-ET-nc2] 84/384 games (2634/h, eta 7m)
  [s3-no_q_r-ET-nc2] 85/384 games (2585/h, eta 7m)
  [s3-no_q_r-ET-nc2] 86/384 games (2610/h, eta 7m)
  [s3-no_q_r-ET-nc2] 87/384 games (2626/h, eta 7m)
  [s3-no_q_r-ET-nc2] 88/384 games (2649/h, eta 7m)
  [s3-no_q_r-ET-nc2] 89/384 games (2655/h, eta 7m)
  [s3-no_q_r-ET-nc2] 90/384 games (2619/h, eta 7m)
  [s3-no_q_r-ET-nc2] 91/384 games (2639/h, eta 7m)
  [s3-no_q_r-ET-nc2] 92/384 games (2642/h, eta 7m)
  [s3-no_q_r-ET-nc2] 93/384 games (2667/h, eta 7m)
  [s3-no_q_r-ET-nc2] 94/384 games (2663/h, eta 7m)
  [s3-no_q_r-ET-nc2] 95/384 games (2671/h, eta 6m)
  [s3-no_q_r-ET-nc2] 96/384 games (2681/h, eta 6m)
  [s3-no_q_r-ET-nc2] 97/384 games (2700/h, eta 6m)
  [s3-no_q_r-ET-nc2] 98/384 games (2705/h, eta 6m)
  [s3-no_q_r-ET-nc2] 99/384 games (2696/h, eta 6m)
  [s3-no_q_r-ET-nc2] 100/384 games (2717/h, eta 6m)
  [s3-no_q_r-ET-nc2] 101/384 games (2655/h, eta 6m)
  [s3-no_q_r-ET-nc2] 102/384 games (2671/h, eta 6m)
  [s3-no_q_r-ET-nc2] 103/384 games (2656/h, eta 6m)
  [s3-no_q_r-ET-nc2] 104/384 games (2643/h, eta 6m)
  [s3-no_q_r-ET-nc2] 105/384 games (2651/h, eta 6m)
  [s3-no_q_r-ET-nc2] 106/384 games (2666/h, eta 6m)
  [s3-no_q_r-ET-nc2] 107/384 games (2677/h, eta 6m)
  [s3-no_q_r-ET-nc2] 108/384 games (2682/h, eta 6m)
  [s3-no_q_r-ET-nc2] 109/384 games (2705/h, eta 6m)
  [s3-no_q_r-ET-nc2] 110/384 games (2722/h, eta 6m)
  [s3-no_q_r-ET-nc2] 111/384 games (2735/h, eta 6m)
  [s3-no_q_r-ET-nc2] 112/384 games (2738/h, eta 6m)
  [s3-no_q_r-ET-nc2] 113/384 games (2748/h, eta 6m)
  [s3-no_q_r-ET-nc2] 114/384 games (2749/h, eta 6m)
  [s3-no_q_r-ET-nc2] 115/384 games (2732/h, eta 6m)
  [s3-no_q_r-ET-nc2] 116/384 games (2744/h, eta 6m)
  [s3-no_q_r-ET-nc2] 117/384 games (2760/h, eta 6m)
  [s3-no_q_r-ET-nc2] 118/384 games (2781/h, eta 6m)
  [s3-no_q_r-ET-nc2] 119/384 games (2797/h, eta 6m)
  [s3-no_q_r-ET-nc2] 120/384 games (2799/h, eta 6m)
  [s3-no_q_r-ET-nc2] 121/384 games (2809/h, eta 6m)
  [s3-no_q_r-ET-nc2] 122/384 games (2762/h, eta 6m)
  [s3-no_q_r-ET-nc2] 123/384 games (2754/h, eta 6m)
  [s3-no_q_r-ET-nc2] 124/384 games (2771/h, eta 6m)
  [s3-no_q_r-ET-nc2] 125/384 games (2781/h, eta 6m)
  [s3-no_q_r-ET-nc2] 126/384 games (2776/h, eta 6m)
  [s3-no_q_r-ET-nc2] 127/384 games (2791/h, eta 6m)
  [s3-no_q_r-ET-nc2] 128/384 games (2793/h, eta 5m)
  [s3-no_q_r-ET-nc2] 129/384 games (2745/h, eta 6m)
  [s3-no_q_r-ET-nc2] 130/384 games (2757/h, eta 6m)
  [s3-no_q_r-ET-nc2] 131/384 games (2717/h, eta 6m)
  [s3-no_q_r-ET-nc2] 132/384 games (2729/h, eta 6m)
  [s3-no_q_r-ET-nc2] 133/384 games (2727/h, eta 6m)
  [s3-no_q_r-ET-nc2] 134/384 games (2744/h, eta 5m)
  [s3-no_q_r-ET-nc2] 135/384 games (2763/h, eta 5m)
  [s3-no_q_r-ET-nc2] 136/384 games (2777/h, eta 5m)
  [s3-no_q_r-ET-nc2] 137/384 games (2790/h, eta 5m)
  [s3-no_q_r-ET-nc2] 138/384 games (2799/h, eta 5m)
  [s3-no_q_r-ET-nc2] 139/384 games (2801/h, eta 5m)
  [s3-no_q_r-ET-nc2] 140/384 games (2809/h, eta 5m)
  [s3-no_q_r-ET-nc2] 141/384 games (2792/h, eta 5m)
  [s3-no_q_r-ET-nc2] 142/384 games (2807/h, eta 5m)
  [s3-no_q_r-ET-nc2] 143/384 games (2826/h, eta 5m)
  [s3-no_q_r-ET-nc2] 144/384 games (2842/h, eta 5m)
  [s3-no_q_r-ET-nc2] 145/384 games (2814/h, eta 5m)
  [s3-no_q_r-ET-nc2] 146/384 games (2820/h, eta 5m)
  [s3-no_q_r-ET-nc2] 147/384 games (2838/h, eta 5m)
  [s3-no_q_r-ET-nc2] 148/384 games (2838/h, eta 5m)
  [s3-no_q_r-ET-nc2] 149/384 games (2836/h, eta 5m)
  [s3-no_q_r-ET-nc2] 150/384 games (2792/h, eta 5m)
  [s3-no_q_r-ET-nc2] 151/384 games (2797/h, eta 5m)
  [s3-no_q_r-ET-nc2] 152/384 games (2810/h, eta 5m)
  [s3-no_q_r-ET-nc2] 153/384 games (2828/h, eta 5m)
  [s3-no_q_r-ET-nc2] 154/384 games (2771/h, eta 5m)
  [s3-no_q_r-ET-nc2] 155/384 games (2779/h, eta 5m)
  [s3-no_q_r-ET-nc2] 156/384 games (2789/h, eta 5m)
  [s3-no_q_r-ET-nc2] 157/384 games (2804/h, eta 5m)
  [s3-no_q_r-ET-nc2] 158/384 games (2800/h, eta 5m)
  [s3-no_q_r-ET-nc2] 159/384 games (2811/h, eta 5m)
  [s3-no_q_r-ET-nc2] 160/384 games (2826/h, eta 5m)
  [s3-no_q_r-ET-nc2] 161/384 games (2833/h, eta 5m)
  [s3-no_q_r-ET-nc2] 162/384 games (2848/h, eta 5m)
  [s3-no_q_r-ET-nc2] 163/384 games (2855/h, eta 5m)
  [s3-no_q_r-ET-nc2] 164/384 games (2852/h, eta 5m)
  [s3-no_q_r-ET-nc2] 165/384 games (2844/h, eta 5m)
  [s3-no_q_r-ET-nc2] 166/384 games (2857/h, eta 5m)
  [s3-no_q_r-ET-nc2] 167/384 games (2851/h, eta 5m)
  [s3-no_q_r-ET-nc2] 168/384 games (2864/h, eta 5m)
  [s3-no_q_r-ET-nc2] 169/384 games (2850/h, eta 5m)
  [s3-no_q_r-ET-nc2] 170/384 games (2859/h, eta 4m)
  [s3-no_q_r-ET-nc2] 171/384 games (2866/h, eta 4m)
  [s3-no_q_r-ET-nc2] 172/384 games (2867/h, eta 4m)
  [s3-no_q_r-ET-nc2] 173/384 games (2878/h, eta 4m)
  [s3-no_q_r-ET-nc2] 174/384 games (2875/h, eta 4m)
  [s3-no_q_r-ET-nc2] 175/384 games (2886/h, eta 4m)
  [s3-no_q_r-ET-nc2] 176/384 games (2887/h, eta 4m)
  [s3-no_q_r-ET-nc2] 177/384 games (2896/h, eta 4m)
  [s3-no_q_r-ET-nc2] 178/384 games (2908/h, eta 4m)
  [s3-no_q_r-ET-nc2] 179/384 games (2922/h, eta 4m)
  [s3-no_q_r-ET-nc2] 180/384 games (2907/h, eta 4m)
  [s3-no_q_r-ET-nc2] 181/384 games (2922/h, eta 4m)
  [s3-no_q_r-ET-nc2] 182/384 games (2905/h, eta 4m)
  [s3-no_q_r-ET-nc2] 183/384 games (2888/h, eta 4m)
  [s3-no_q_r-ET-nc2] 184/384 games (2900/h, eta 4m)
  [s3-no_q_r-ET-nc2] 185/384 games (2907/h, eta 4m)
  [s3-no_q_r-ET-nc2] 186/384 games (2905/h, eta 4m)
  [s3-no_q_r-ET-nc2] 187/384 games (2920/h, eta 4m)
  [s3-no_q_r-ET-nc2] 188/384 games (2893/h, eta 4m)
  [s3-no_q_r-ET-nc2] 189/384 games (2893/h, eta 4m)
  [s3-no_q_r-ET-nc2] 190/384 games (2905/h, eta 4m)
  [s3-no_q_r-ET-nc2] 191/384 games (2916/h, eta 4m)
  [s3-no_q_r-ET-nc2] 192/384 games (2931/h, eta 4m)
  [s3-no_q_r-ET-nc2] 193/384 games (2929/h, eta 4m)
  [s3-no_q_r-ET-nc2] 194/384 games (2942/h, eta 4m)
  [s3-no_q_r-ET-nc2] 195/384 games (2924/h, eta 4m)
  [s3-no_q_r-ET-nc2] 196/384 games (2938/h, eta 4m)
  [s3-no_q_r-ET-nc2] 197/384 games (2943/h, eta 4m)
  [s3-no_q_r-ET-nc2] 198/384 games (2953/h, eta 4m)
  [s3-no_q_r-ET-nc2] 199/384 games (2958/h, eta 4m)
  [s3-no_q_r-ET-nc2] 200/384 games (2945/h, eta 4m)
  [s3-no_q_r-ET-nc2] 201/384 games (2956/h, eta 4m)
  [s3-no_q_r-ET-nc2] 202/384 games (2934/h, eta 4m)
  [s3-no_q_r-ET-nc2] 203/384 games (2938/h, eta 4m)
  [s3-no_q_r-ET-nc2] 204/384 games (2942/h, eta 4m)
  [s3-no_q_r-ET-nc2] 205/384 games (2951/h, eta 4m)
  [s3-no_q_r-ET-nc2] 206/384 games (2964/h, eta 4m)
  [s3-no_q_r-ET-nc2] 207/384 games (2971/h, eta 4m)
  [s3-no_q_r-ET-nc2] 208/384 games (2972/h, eta 4m)
  [s3-no_q_r-ET-nc2] 209/384 games (2968/h, eta 4m)
  [s3-no_q_r-ET-nc2] 210/384 games (2971/h, eta 4m)
  [s3-no_q_r-ET-nc2] 211/384 games (2983/h, eta 3m)
  [s3-no_q_r-ET-nc2] 212/384 games (2967/h, eta 3m)
  [s3-no_q_r-ET-nc2] 213/384 games (2976/h, eta 3m)
  [s3-no_q_r-ET-nc2] 214/384 games (2987/h, eta 3m)
  [s3-no_q_r-ET-nc2] 215/384 games (2993/h, eta 3m)
  [s3-no_q_r-ET-nc2] 216/384 games (2996/h, eta 3m)
  [s3-no_q_r-ET-nc2] 217/384 games (3009/h, eta 3m)
  [s3-no_q_r-ET-nc2] 218/384 games (3007/h, eta 3m)
  [s3-no_q_r-ET-nc2] 219/384 games (3004/h, eta 3m)
  [s3-no_q_r-ET-nc2] 220/384 games (3015/h, eta 3m)
  [s3-no_q_r-ET-nc2] 221/384 games (3028/h, eta 3m)
  [s3-no_q_r-ET-nc2] 222/384 games (3018/h, eta 3m)
  [s3-no_q_r-ET-nc2] 223/384 games (3027/h, eta 3m)
  [s3-no_q_r-ET-nc2] 224/384 games (3022/h, eta 3m)
  [s3-no_q_r-ET-nc2] 225/384 games (3011/h, eta 3m)
  [s3-no_q_r-ET-nc2] 226/384 games (3012/h, eta 3m)
  [s3-no_q_r-ET-nc2] 227/384 games (3025/h, eta 3m)
  [s3-no_q_r-ET-nc2] 228/384 games (3031/h, eta 3m)
  [s3-no_q_r-ET-nc2] 229/384 games (3029/h, eta 3m)
  [s3-no_q_r-ET-nc2] 230/384 games (3040/h, eta 3m)
  [s3-no_q_r-ET-nc2] 231/384 games (3036/h, eta 3m)
  [s3-no_q_r-ET-nc2] 232/384 games (3023/h, eta 3m)
  [s3-no_q_r-ET-nc2] 233/384 games (3012/h, eta 3m)
  [s3-no_q_r-ET-nc2] 234/384 games (3008/h, eta 3m)
  [s3-no_q_r-ET-nc2] 235/384 games (3016/h, eta 3m)
  [s3-no_q_r-ET-nc2] 236/384 games (3025/h, eta 3m)
  [s3-no_q_r-ET-nc2] 237/384 games (3034/h, eta 3m)
  [s3-no_q_r-ET-nc2] 238/384 games (3037/h, eta 3m)
  [s3-no_q_r-ET-nc2] 239/384 games (3045/h, eta 3m)
  [s3-no_q_r-ET-nc2] 240/384 games (3040/h, eta 3m)
  [s3-no_q_r-ET-nc2] 241/384 games (3042/h, eta 3m)
  [s3-no_q_r-ET-nc2] 242/384 games (3052/h, eta 3m)
  [s3-no_q_r-ET-nc2] 243/384 games (3063/h, eta 3m)
  [s3-no_q_r-ET-nc2] 244/384 games (3076/h, eta 3m)
  [s3-no_q_r-ET-nc2] 245/384 games (3067/h, eta 3m)
  [s3-no_q_r-ET-nc2] 246/384 games (3062/h, eta 3m)
  [s3-no_q_r-ET-nc2] 247/384 games (3068/h, eta 3m)
  [s3-no_q_r-ET-nc2] 248/384 games (3068/h, eta 3m)
  [s3-no_q_r-ET-nc2] 249/384 games (3039/h, eta 3m)
  [s3-no_q_r-ET-nc2] 250/384 games (3045/h, eta 3m)
  [s3-no_q_r-ET-nc2] 251/384 games (3043/h, eta 3m)
  [s3-no_q_r-ET-nc2] 252/384 games (3052/h, eta 3m)
  [s3-no_q_r-ET-nc2] 253/384 games (3042/h, eta 3m)
  [s3-no_q_r-ET-nc2] 254/384 games (3054/h, eta 3m)
  [s3-no_q_r-ET-nc2] 255/384 games (3051/h, eta 3m)
  [s3-no_q_r-ET-nc2] 256/384 games (3062/h, eta 3m)
  [s3-no_q_r-ET-nc2] 257/384 games (3071/h, eta 2m)
  [s3-no_q_r-ET-nc2] 258/384 games (3078/h, eta 2m)
  [s3-no_q_r-ET-nc2] 259/384 games (3087/h, eta 2m)
  [s3-no_q_r-ET-nc2] 260/384 games (3097/h, eta 2m)
  [s3-no_q_r-ET-nc2] 261/384 games (3107/h, eta 2m)
  [s3-no_q_r-ET-nc2] 262/384 games (3091/h, eta 2m)
  [s3-no_q_r-ET-nc2] 263/384 games (3068/h, eta 2m)
  [s3-no_q_r-ET-nc2] 264/384 games (3077/h, eta 2m)
  [s3-no_q_r-ET-nc2] 265/384 games (3075/h, eta 2m)
  [s3-no_q_r-ET-nc2] 266/384 games (3069/h, eta 2m)
  [s3-no_q_r-ET-nc2] 267/384 games (3058/h, eta 2m)
  [s3-no_q_r-ET-nc2] 268/384 games (3068/h, eta 2m)
  [s3-no_q_r-ET-nc2] 269/384 games (3074/h, eta 2m)
  [s3-no_q_r-ET-nc2] 270/384 games (3082/h, eta 2m)
  [s3-no_q_r-ET-nc2] 271/384 games (3091/h, eta 2m)
  [s3-no_q_r-ET-nc2] 272/384 games (3056/h, eta 2m)
  [s3-no_q_r-ET-nc2] 273/384 games (3046/h, eta 2m)
  [s3-no_q_r-ET-nc2] 274/384 games (3048/h, eta 2m)
  [s3-no_q_r-ET-nc2] 275/384 games (3058/h, eta 2m)
  [s3-no_q_r-ET-nc2] 276/384 games (3066/h, eta 2m)
  [s3-no_q_r-ET-nc2] 277/384 games (3076/h, eta 2m)
  [s3-no_q_r-ET-nc2] 278/384 games (3077/h, eta 2m)
  [s3-no_q_r-ET-nc2] 279/384 games (3062/h, eta 2m)
  [s3-no_q_r-ET-nc2] 280/384 games (3033/h, eta 2m)
  [s3-no_q_r-ET-nc2] 281/384 games (3042/h, eta 2m)
  [s3-no_q_r-ET-nc2] 282/384 games (3035/h, eta 2m)
  [s3-no_q_r-ET-nc2] 283/384 games (3038/h, eta 2m)
  [s3-no_q_r-ET-nc2] 284/384 games (3045/h, eta 2m)
  [s3-no_q_r-ET-nc2] 285/384 games (3052/h, eta 2m)
  [s3-no_q_r-ET-nc2] 286/384 games (3052/h, eta 2m)
  [s3-no_q_r-ET-nc2] 287/384 games (3058/h, eta 2m)
  [s3-no_q_r-ET-nc2] 288/384 games (3067/h, eta 2m)
  [s3-no_q_r-ET-nc2] 289/384 games (3076/h, eta 2m)
  [s3-no_q_r-ET-nc2] 290/384 games (3060/h, eta 2m)
  [s3-no_q_r-ET-nc2] 291/384 games (3059/h, eta 2m)
  [s3-no_q_r-ET-nc2] 292/384 games (3067/h, eta 2m)
  [s3-no_q_r-ET-nc2] 293/384 games (3060/h, eta 2m)
  [s3-no_q_r-ET-nc2] 294/384 games (3069/h, eta 2m)
  [s3-no_q_r-ET-nc2] 295/384 games (3075/h, eta 2m)
  [s3-no_q_r-ET-nc2] 296/384 games (3078/h, eta 2m)
  [s3-no_q_r-ET-nc2] 297/384 games (3078/h, eta 2m)
  [s3-no_q_r-ET-nc2] 298/384 games (3079/h, eta 2m)
  [s3-no_q_r-ET-nc2] 299/384 games (3043/h, eta 2m)
  [s3-no_q_r-ET-nc2] 300/384 games (3048/h, eta 2m)
  [s3-no_q_r-ET-nc2] 301/384 games (3047/h, eta 2m)
  [s3-no_q_r-ET-nc2] 302/384 games (3055/h, eta 2m)
  [s3-no_q_r-ET-nc2] 303/384 games (3062/h, eta 2m)
  [s3-no_q_r-ET-nc2] 304/384 games (3069/h, eta 2m)
  [s3-no_q_r-ET-nc2] 305/384 games (3074/h, eta 2m)
  [s3-no_q_r-ET-nc2] 306/384 games (3062/h, eta 2m)
  [s3-no_q_r-ET-nc2] 307/384 games (3053/h, eta 2m)
  [s3-no_q_r-ET-nc2] 308/384 games (3059/h, eta 1m)
  [s3-no_q_r-ET-nc2] 309/384 games (3066/h, eta 1m)
  [s3-no_q_r-ET-nc2] 310/384 games (3071/h, eta 1m)
  [s3-no_q_r-ET-nc2] 311/384 games (3064/h, eta 1m)
  [s3-no_q_r-ET-nc2] 312/384 games (3049/h, eta 1m)
  [s3-no_q_r-ET-nc2] 313/384 games (3058/h, eta 1m)
  [s3-no_q_r-ET-nc2] 314/384 games (3064/h, eta 1m)
  [s3-no_q_r-ET-nc2] 315/384 games (3073/h, eta 1m)
  [s3-no_q_r-ET-nc2] 316/384 games (3079/h, eta 1m)
  [s3-no_q_r-ET-nc2] 317/384 games (3088/h, eta 1m)
  [s3-no_q_r-ET-nc2] 318/384 games (3094/h, eta 1m)
  [s3-no_q_r-ET-nc2] 319/384 games (3097/h, eta 1m)
  [s3-no_q_r-ET-nc2] 320/384 games (3106/h, eta 1m)
  [s3-no_q_r-ET-nc2] 321/384 games (3105/h, eta 1m)
  [s3-no_q_r-ET-nc2] 322/384 games (3113/h, eta 1m)
  [s3-no_q_r-ET-nc2] 323/384 games (3076/h, eta 1m)
  [s3-no_q_r-ET-nc2] 324/384 games (3066/h, eta 1m)
  [s3-no_q_r-ET-nc2] 325/384 games (3074/h, eta 1m)
  [s3-no_q_r-ET-nc2] 326/384 games (3075/h, eta 1m)
  [s3-no_q_r-ET-nc2] 327/384 games (3078/h, eta 1m)
  [s3-no_q_r-ET-nc2] 328/384 games (3084/h, eta 1m)
  [s3-no_q_r-ET-nc2] 329/384 games (3083/h, eta 1m)
  [s3-no_q_r-ET-nc2] 330/384 games (3086/h, eta 1m)
  [s3-no_q_r-ET-nc2] 331/384 games (3091/h, eta 1m)
  [s3-no_q_r-ET-nc2] 332/384 games (3065/h, eta 1m)
  [s3-no_q_r-ET-nc2] 333/384 games (3057/h, eta 1m)
  [s3-no_q_r-ET-nc2] 334/384 games (3059/h, eta 1m)
  [s3-no_q_r-ET-nc2] 335/384 games (3067/h, eta 1m)
  [s3-no_q_r-ET-nc2] 336/384 games (3075/h, eta 1m)
  [s3-no_q_r-ET-nc2] 337/384 games (3080/h, eta 1m)
  [s3-no_q_r-ET-nc2] 338/384 games (3078/h, eta 1m)
  [s3-no_q_r-ET-nc2] 339/384 games (3079/h, eta 1m)
  [s3-no_q_r-ET-nc2] 340/384 games (3075/h, eta 1m)
  [s3-no_q_r-ET-nc2] 341/384 games (3062/h, eta 1m)
  [s3-no_q_r-ET-nc2] 342/384 games (3067/h, eta 1m)
  [s3-no_q_r-ET-nc2] 343/384 games (3073/h, eta 1m)
  [s3-no_q_r-ET-nc2] 344/384 games (3081/h, eta 1m)
  [s3-no_q_r-ET-nc2] 345/384 games (3086/h, eta 1m)
  [s3-no_q_r-ET-nc2] 346/384 games (3071/h, eta 1m)
  [s3-no_q_r-ET-nc2] 347/384 games (3074/h, eta 1m)
  [s3-no_q_r-ET-nc2] 348/384 games (3079/h, eta 1m)
  [s3-no_q_r-ET-nc2] 349/384 games (3057/h, eta 1m)
  [s3-no_q_r-ET-nc2] 350/384 games (3064/h, eta 1m)
  [s3-no_q_r-ET-nc2] 351/384 games (3071/h, eta 1m)
  [s3-no_q_r-ET-nc2] 352/384 games (3078/h, eta 1m)
  [s3-no_q_r-ET-nc2] 353/384 games (3086/h, eta 1m)
  [s3-no_q_r-ET-nc2] 354/384 games (3087/h, eta 1m)
  [s3-no_q_r-ET-nc2] 355/384 games (3074/h, eta 1m)
  [s3-no_q_r-ET-nc2] 356/384 games (3075/h, eta 1m)
  [s3-no_q_r-ET-nc2] 357/384 games (3082/h, eta 1m)
  [s3-no_q_r-ET-nc2] 358/384 games (3091/h, eta 1m)
  [s3-no_q_r-ET-nc2] 359/384 games (3095/h, eta 0m)
  [s3-no_q_r-ET-nc2] 360/384 games (3103/h, eta 0m)
  [s3-no_q_r-ET-nc2] 361/384 games (3099/h, eta 0m)
  [s3-no_q_r-ET-nc2] 362/384 games (3092/h, eta 0m)
  [s3-no_q_r-ET-nc2] 363/384 games (3094/h, eta 0m)
  [s3-no_q_r-ET-nc2] 364/384 games (3101/h, eta 0m)
  [s3-no_q_r-ET-nc2] 365/384 games (3104/h, eta 0m)
  [s3-no_q_r-ET-nc2] 366/384 games (3089/h, eta 0m)
  [s3-no_q_r-ET-nc2] 367/384 games (3087/h, eta 0m)
  [s3-no_q_r-ET-nc2] 368/384 games (3082/h, eta 0m)
  [s3-no_q_r-ET-nc2] 369/384 games (3088/h, eta 0m)
  [s3-no_q_r-ET-nc2] 370/384 games (3091/h, eta 0m)
  [s3-no_q_r-ET-nc2] 371/384 games (3098/h, eta 0m)
  [s3-no_q_r-ET-nc2] 372/384 games (3095/h, eta 0m)
  [s3-no_q_r-ET-nc2] 373/384 games (3096/h, eta 0m)
  [s3-no_q_r-ET-nc2] 374/384 games (3100/h, eta 0m)
  [s3-no_q_r-ET-nc2] 375/384 games (3108/h, eta 0m)
  [s3-no_q_r-ET-nc2] 376/384 games (3095/h, eta 0m)
  [s3-no_q_r-ET-nc2] 377/384 games (3095/h, eta 0m)
  [s3-no_q_r-ET-nc2] 378/384 games (3078/h, eta 0m)
  [s3-no_q_r-ET-nc2] 379/384 games (3085/h, eta 0m)
  [s3-no_q_r-ET-nc2] 380/384 games (3093/h, eta 0m)
  [s3-no_q_r-ET-nc2] 381/384 games (3092/h, eta 0m)
  [s3-no_q_r-ET-nc2] 382/384 games (3097/h, eta 0m)
  [s3-no_q_r-ET-nc2] 383/384 games (3103/h, eta 0m)
  [s3-no_q_r-ET-nc2] 384/384 games (3095/h, eta 0m)
== s3-no_q_r-ET-dp2 -> experiments/results/perturbation/s3-no_q_r-ET-dp2.jsonl
  [s3-no_q_r-ET-dp2] 1/384 games (369/h, eta 62m)
  [s3-no_q_r-ET-dp2] 2/384 games (494/h, eta 46m)
  [s3-no_q_r-ET-dp2] 3/384 games (688/h, eta 33m)
  [s3-no_q_r-ET-dp2] 4/384 games (871/h, eta 26m)
  [s3-no_q_r-ET-dp2] 5/384 games (1021/h, eta 22m)
  [s3-no_q_r-ET-dp2] 6/384 games (1161/h, eta 20m)
  [s3-no_q_r-ET-dp2] 7/384 games (1353/h, eta 17m)
  [s3-no_q_r-ET-dp2] 8/384 games (1316/h, eta 17m)
  [s3-no_q_r-ET-dp2] 9/384 games (1400/h, eta 16m)
  [s3-no_q_r-ET-dp2] 10/384 games (1311/h, eta 17m)
  [s3-no_q_r-ET-dp2] 11/384 games (1378/h, eta 16m)
  [s3-no_q_r-ET-dp2] 12/384 games (1465/h, eta 15m)
  [s3-no_q_r-ET-dp2] 13/384 games (1502/h, eta 15m)
  [s3-no_q_r-ET-dp2] 14/384 games (1539/h, eta 14m)
  [s3-no_q_r-ET-dp2] 15/384 games (1603/h, eta 14m)
  [s3-no_q_r-ET-dp2] 16/384 games (1698/h, eta 13m)
  [s3-no_q_r-ET-dp2] 17/384 games (1758/h, eta 13m)
  [s3-no_q_r-ET-dp2] 18/384 games (1703/h, eta 13m)
  [s3-no_q_r-ET-dp2] 19/384 games (1782/h, eta 12m)
  [s3-no_q_r-ET-dp2] 20/384 games (1868/h, eta 12m)
  [s3-no_q_r-ET-dp2] 21/384 games (1945/h, eta 11m)
  [s3-no_q_r-ET-dp2] 22/384 games (1987/h, eta 11m)
  [s3-no_q_r-ET-dp2] 23/384 games (2044/h, eta 11m)
  [s3-no_q_r-ET-dp2] 24/384 games (2076/h, eta 10m)
  [s3-no_q_r-ET-dp2] 25/384 games (2052/h, eta 10m)
  [s3-no_q_r-ET-dp2] 26/384 games (2011/h, eta 11m)
  [s3-no_q_r-ET-dp2] 27/384 games (2036/h, eta 11m)
  [s3-no_q_r-ET-dp2] 28/384 games (2073/h, eta 10m)
  [s3-no_q_r-ET-dp2] 29/384 games (2022/h, eta 11m)
  [s3-no_q_r-ET-dp2] 30/384 games (1904/h, eta 11m)
  [s3-no_q_r-ET-dp2] 31/384 games (1953/h, eta 11m)
  [s3-no_q_r-ET-dp2] 32/384 games (2001/h, eta 11m)
  [s3-no_q_r-ET-dp2] 33/384 games (1993/h, eta 11m)
  [s3-no_q_r-ET-dp2] 34/384 games (2020/h, eta 10m)
  [s3-no_q_r-ET-dp2] 35/384 games (2077/h, eta 10m)
  [s3-no_q_r-ET-dp2] 36/384 games (2083/h, eta 10m)
  [s3-no_q_r-ET-dp2] 37/384 games (2037/h, eta 10m)
  [s3-no_q_r-ET-dp2] 38/384 games (2057/h, eta 10m)
  [s3-no_q_r-ET-dp2] 39/384 games (1999/h, eta 10m)
  [s3-no_q_r-ET-dp2] 40/384 games (2040/h, eta 10m)
  [s3-no_q_r-ET-dp2] 41/384 games (2060/h, eta 10m)
  [s3-no_q_r-ET-dp2] 42/384 games (2087/h, eta 10m)
  [s3-no_q_r-ET-dp2] 43/384 games (2099/h, eta 10m)
  [s3-no_q_r-ET-dp2] 44/384 games (2121/h, eta 10m)
  [s3-no_q_r-ET-dp2] 45/384 games (2144/h, eta 9m)
  [s3-no_q_r-ET-dp2] 46/384 games (2186/h, eta 9m)
  [s3-no_q_r-ET-dp2] 47/384 games (2211/h, eta 9m)
  [s3-no_q_r-ET-dp2] 48/384 games (2255/h, eta 9m)
  [s3-no_q_r-ET-dp2] 49/384 games (2274/h, eta 9m)
  [s3-no_q_r-ET-dp2] 50/384 games (2169/h, eta 9m)
  [s3-no_q_r-ET-dp2] 51/384 games (2132/h, eta 9m)
  [s3-no_q_r-ET-dp2] 52/384 games (2145/h, eta 9m)
  [s3-no_q_r-ET-dp2] 53/384 games (2084/h, eta 10m)
  [s3-no_q_r-ET-dp2] 54/384 games (2079/h, eta 10m)
  [s3-no_q_r-ET-dp2] 55/384 games (2115/h, eta 9m)
  [s3-no_q_r-ET-dp2] 56/384 games (2134/h, eta 9m)
  [s3-no_q_r-ET-dp2] 57/384 games (2171/h, eta 9m)
  [s3-no_q_r-ET-dp2] 58/384 games (2193/h, eta 9m)
  [s3-no_q_r-ET-dp2] 59/384 games (2202/h, eta 9m)
  [s3-no_q_r-ET-dp2] 60/384 games (2239/h, eta 9m)
  [s3-no_q_r-ET-dp2] 61/384 games (2267/h, eta 9m)
  [s3-no_q_r-ET-dp2] 62/384 games (2275/h, eta 8m)
  [s3-no_q_r-ET-dp2] 63/384 games (2259/h, eta 9m)
  [s3-no_q_r-ET-dp2] 64/384 games (2292/h, eta 8m)
  [s3-no_q_r-ET-dp2] 65/384 games (2291/h, eta 8m)
  [s3-no_q_r-ET-dp2] 66/384 games (2291/h, eta 8m)
  [s3-no_q_r-ET-dp2] 67/384 games (2315/h, eta 8m)
  [s3-no_q_r-ET-dp2] 68/384 games (2337/h, eta 8m)
  [s3-no_q_r-ET-dp2] 69/384 games (2343/h, eta 8m)
  [s3-no_q_r-ET-dp2] 70/384 games (2372/h, eta 8m)
  [s3-no_q_r-ET-dp2] 71/384 games (2288/h, eta 8m)
  [s3-no_q_r-ET-dp2] 72/384 games (2280/h, eta 8m)
  [s3-no_q_r-ET-dp2] 73/384 games (2261/h, eta 8m)
  [s3-no_q_r-ET-dp2] 74/384 games (2292/h, eta 8m)
  [s3-no_q_r-ET-dp2] 75/384 games (2322/h, eta 8m)
  [s3-no_q_r-ET-dp2] 76/384 games (2350/h, eta 8m)
  [s3-no_q_r-ET-dp2] 77/384 games (2348/h, eta 8m)
  [s3-no_q_r-ET-dp2] 78/384 games (2329/h, eta 8m)
  [s3-no_q_r-ET-dp2] 79/384 games (2270/h, eta 8m)
  [s3-no_q_r-ET-dp2] 80/384 games (2269/h, eta 8m)
  [s3-no_q_r-ET-dp2] 81/384 games (2257/h, eta 8m)
  [s3-no_q_r-ET-dp2] 82/384 games (2278/h, eta 8m)
  [s3-no_q_r-ET-dp2] 83/384 games (2291/h, eta 8m)
  [s3-no_q_r-ET-dp2] 84/384 games (2304/h, eta 8m)
  [s3-no_q_r-ET-dp2] 85/384 games (2331/h, eta 8m)
  [s3-no_q_r-ET-dp2] 86/384 games (2353/h, eta 8m)
  [s3-no_q_r-ET-dp2] 87/384 games (2377/h, eta 7m)
  [s3-no_q_r-ET-dp2] 88/384 games (2392/h, eta 7m)
  [s3-no_q_r-ET-dp2] 89/384 games (2387/h, eta 7m)
  [s3-no_q_r-ET-dp2] 90/384 games (2376/h, eta 7m)
  [s3-no_q_r-ET-dp2] 91/384 games (2397/h, eta 7m)
  [s3-no_q_r-ET-dp2] 92/384 games (2396/h, eta 7m)
  [s3-no_q_r-ET-dp2] 93/384 games (2408/h, eta 7m)
  [s3-no_q_r-ET-dp2] 94/384 games (2411/h, eta 7m)
  [s3-no_q_r-ET-dp2] 95/384 games (2423/h, eta 7m)
  [s3-no_q_r-ET-dp2] 96/384 games (2423/h, eta 7m)
  [s3-no_q_r-ET-dp2] 97/384 games (2430/h, eta 7m)
  [s3-no_q_r-ET-dp2] 98/384 games (2433/h, eta 7m)
  [s3-no_q_r-ET-dp2] 99/384 games (2455/h, eta 7m)
  [s3-no_q_r-ET-dp2] 100/384 games (2427/h, eta 7m)
  [s3-no_q_r-ET-dp2] 101/384 games (2424/h, eta 7m)
  [s3-no_q_r-ET-dp2] 102/384 games (2351/h, eta 7m)
  [s3-no_q_r-ET-dp2] 103/384 games (2359/h, eta 7m)
  [s3-no_q_r-ET-dp2] 104/384 games (2379/h, eta 7m)
  [s3-no_q_r-ET-dp2] 105/384 games (2366/h, eta 7m)
  [s3-no_q_r-ET-dp2] 106/384 games (2376/h, eta 7m)
  [s3-no_q_r-ET-dp2] 107/384 games (2393/h, eta 7m)
  [s3-no_q_r-ET-dp2] 108/384 games (2395/h, eta 7m)
  [s3-no_q_r-ET-dp2] 109/384 games (2384/h, eta 7m)
  [s3-no_q_r-ET-dp2] 110/384 games (2405/h, eta 7m)
  [s3-no_q_r-ET-dp2] 111/384 games (2384/h, eta 7m)
  [s3-no_q_r-ET-dp2] 112/384 games (2396/h, eta 7m)
  [s3-no_q_r-ET-dp2] 113/384 games (2415/h, eta 7m)
  [s3-no_q_r-ET-dp2] 114/384 games (2423/h, eta 7m)
  [s3-no_q_r-ET-dp2] 115/384 games (2414/h, eta 7m)
  [s3-no_q_r-ET-dp2] 116/384 games (2428/h, eta 7m)
  [s3-no_q_r-ET-dp2] 117/384 games (2436/h, eta 7m)
  [s3-no_q_r-ET-dp2] 118/384 games (2447/h, eta 7m)
  [s3-no_q_r-ET-dp2] 119/384 games (2434/h, eta 7m)
  [s3-no_q_r-ET-dp2] 120/384 games (2433/h, eta 7m)
  [s3-no_q_r-ET-dp2] 121/384 games (2441/h, eta 6m)
  [s3-no_q_r-ET-dp2] 122/384 games (2452/h, eta 6m)
  [s3-no_q_r-ET-dp2] 123/384 games (2468/h, eta 6m)
  [s3-no_q_r-ET-dp2] 124/384 games (2468/h, eta 6m)
  [s3-no_q_r-ET-dp2] 125/384 games (2474/h, eta 6m)
  [s3-no_q_r-ET-dp2] 126/384 games (2483/h, eta 6m)
  [s3-no_q_r-ET-dp2] 127/384 games (2487/h, eta 6m)
  [s3-no_q_r-ET-dp2] 128/384 games (2430/h, eta 6m)
  [s3-no_q_r-ET-dp2] 129/384 games (2436/h, eta 6m)
  [s3-no_q_r-ET-dp2] 130/384 games (2418/h, eta 6m)
  [s3-no_q_r-ET-dp2] 131/384 games (2428/h, eta 6m)
  [s3-no_q_r-ET-dp2] 132/384 games (2441/h, eta 6m)
  [s3-no_q_r-ET-dp2] 133/384 games (2438/h, eta 6m)
  [s3-no_q_r-ET-dp2] 134/384 games (2455/h, eta 6m)
  [s3-no_q_r-ET-dp2] 135/384 games (2420/h, eta 6m)
  [s3-no_q_r-ET-dp2] 136/384 games (2432/h, eta 6m)
  [s3-no_q_r-ET-dp2] 137/384 games (2424/h, eta 6m)
  [s3-no_q_r-ET-dp2] 138/384 games (2422/h, eta 6m)
  [s3-no_q_r-ET-dp2] 139/384 games (2430/h, eta 6m)
  [s3-no_q_r-ET-dp2] 140/384 games (2430/h, eta 6m)
  [s3-no_q_r-ET-dp2] 141/384 games (2409/h, eta 6m)
  [s3-no_q_r-ET-dp2] 142/384 games (2416/h, eta 6m)
  [s3-no_q_r-ET-dp2] 143/384 games (2423/h, eta 6m)
  [s3-no_q_r-ET-dp2] 144/384 games (2431/h, eta 6m)
  [s3-no_q_r-ET-dp2] 145/384 games (2403/h, eta 6m)
  [s3-no_q_r-ET-dp2] 146/384 games (2412/h, eta 6m)
  [s3-no_q_r-ET-dp2] 147/384 games (2425/h, eta 6m)
  [s3-no_q_r-ET-dp2] 148/384 games (2434/h, eta 6m)
  [s3-no_q_r-ET-dp2] 149/384 games (2438/h, eta 6m)
  [s3-no_q_r-ET-dp2] 150/384 games (2445/h, eta 6m)
  [s3-no_q_r-ET-dp2] 151/384 games (2459/h, eta 6m)
  [s3-no_q_r-ET-dp2] 152/384 games (2452/h, eta 6m)
  [s3-no_q_r-ET-dp2] 153/384 games (2449/h, eta 6m)
  [s3-no_q_r-ET-dp2] 154/384 games (2462/h, eta 6m)
  [s3-no_q_r-ET-dp2] 155/384 games (2475/h, eta 6m)
  [s3-no_q_r-ET-dp2] 156/384 games (2490/h, eta 5m)
  [s3-no_q_r-ET-dp2] 157/384 games (2505/h, eta 5m)
  [s3-no_q_r-ET-dp2] 158/384 games (2499/h, eta 5m)
  [s3-no_q_r-ET-dp2] 159/384 games (2486/h, eta 5m)
  [s3-no_q_r-ET-dp2] 160/384 games (2471/h, eta 5m)
  [s3-no_q_r-ET-dp2] 161/384 games (2483/h, eta 5m)
  [s3-no_q_r-ET-dp2] 162/384 games (2482/h, eta 5m)
  [s3-no_q_r-ET-dp2] 163/384 games (2497/h, eta 5m)
  [s3-no_q_r-ET-dp2] 164/384 games (2511/h, eta 5m)
  [s3-no_q_r-ET-dp2] 165/384 games (2525/h, eta 5m)
  [s3-no_q_r-ET-dp2] 166/384 games (2520/h, eta 5m)
  [s3-no_q_r-ET-dp2] 167/384 games (2503/h, eta 5m)
  [s3-no_q_r-ET-dp2] 168/384 games (2469/h, eta 5m)
  [s3-no_q_r-ET-dp2] 169/384 games (2455/h, eta 5m)
  [s3-no_q_r-ET-dp2] 170/384 games (2466/h, eta 5m)
  [s3-no_q_r-ET-dp2] 171/384 games (2481/h, eta 5m)
  [s3-no_q_r-ET-dp2] 172/384 games (2464/h, eta 5m)
  [s3-no_q_r-ET-dp2] 173/384 games (2469/h, eta 5m)
  [s3-no_q_r-ET-dp2] 174/384 games (2478/h, eta 5m)
  [s3-no_q_r-ET-dp2] 175/384 games (2476/h, eta 5m)
  [s3-no_q_r-ET-dp2] 176/384 games (2488/h, eta 5m)
  [s3-no_q_r-ET-dp2] 177/384 games (2496/h, eta 5m)
  [s3-no_q_r-ET-dp2] 178/384 games (2497/h, eta 5m)
  [s3-no_q_r-ET-dp2] 179/384 games (2491/h, eta 5m)
  [s3-no_q_r-ET-dp2] 180/384 games (2500/h, eta 5m)
  [s3-no_q_r-ET-dp2] 181/384 games (2497/h, eta 5m)
  [s3-no_q_r-ET-dp2] 182/384 games (2500/h, eta 5m)
  [s3-no_q_r-ET-dp2] 183/384 games (2508/h, eta 5m)
  [s3-no_q_r-ET-dp2] 184/384 games (2492/h, eta 5m)
  [s3-no_q_r-ET-dp2] 185/384 games (2484/h, eta 5m)
  [s3-no_q_r-ET-dp2] 186/384 games (2473/h, eta 5m)
  [s3-no_q_r-ET-dp2] 187/384 games (2460/h, eta 5m)
  [s3-no_q_r-ET-dp2] 188/384 games (2447/h, eta 5m)
  [s3-no_q_r-ET-dp2] 189/384 games (2455/h, eta 5m)
  [s3-no_q_r-ET-dp2] 190/384 games (2463/h, eta 5m)
  [s3-no_q_r-ET-dp2] 191/384 games (2472/h, eta 5m)
  [s3-no_q_r-ET-dp2] 192/384 games (2484/h, eta 5m)
  [s3-no_q_r-ET-dp2] 193/384 games (2497/h, eta 5m)
  [s3-no_q_r-ET-dp2] 194/384 games (2492/h, eta 5m)
  [s3-no_q_r-ET-dp2] 195/384 games (2499/h, eta 5m)
  [s3-no_q_r-ET-dp2] 196/384 games (2491/h, eta 5m)
  [s3-no_q_r-ET-dp2] 197/384 games (2492/h, eta 5m)
  [s3-no_q_r-ET-dp2] 198/384 games (2504/h, eta 4m)
  [s3-no_q_r-ET-dp2] 199/384 games (2511/h, eta 4m)
  [s3-no_q_r-ET-dp2] 200/384 games (2515/h, eta 4m)
  [s3-no_q_r-ET-dp2] 201/384 games (2520/h, eta 4m)
  [s3-no_q_r-ET-dp2] 202/384 games (2526/h, eta 4m)
  [s3-no_q_r-ET-dp2] 203/384 games (2520/h, eta 4m)
  [s3-no_q_r-ET-dp2] 204/384 games (2523/h, eta 4m)
  [s3-no_q_r-ET-dp2] 205/384 games (2514/h, eta 4m)
  [s3-no_q_r-ET-dp2] 206/384 games (2521/h, eta 4m)
  [s3-no_q_r-ET-dp2] 207/384 games (2533/h, eta 4m)
  [s3-no_q_r-ET-dp2] 208/384 games (2503/h, eta 4m)
  [s3-no_q_r-ET-dp2] 209/384 games (2505/h, eta 4m)
  [s3-no_q_r-ET-dp2] 210/384 games (2516/h, eta 4m)
  [s3-no_q_r-ET-dp2] 211/384 games (2517/h, eta 4m)
  [s3-no_q_r-ET-dp2] 212/384 games (2506/h, eta 4m)
  [s3-no_q_r-ET-dp2] 213/384 games (2514/h, eta 4m)
  [s3-no_q_r-ET-dp2] 214/384 games (2520/h, eta 4m)
  [s3-no_q_r-ET-dp2] 215/384 games (2531/h, eta 4m)
  [s3-no_q_r-ET-dp2] 216/384 games (2525/h, eta 4m)
  [s3-no_q_r-ET-dp2] 217/384 games (2518/h, eta 4m)
  [s3-no_q_r-ET-dp2] 218/384 games (2491/h, eta 4m)
  [s3-no_q_r-ET-dp2] 219/384 games (2502/h, eta 4m)
  [s3-no_q_r-ET-dp2] 220/384 games (2506/h, eta 4m)
  [s3-no_q_r-ET-dp2] 221/384 games (2516/h, eta 4m)
  [s3-no_q_r-ET-dp2] 222/384 games (2527/h, eta 4m)
  [s3-no_q_r-ET-dp2] 223/384 games (2525/h, eta 4m)
  [s3-no_q_r-ET-dp2] 224/384 games (2528/h, eta 4m)
  [s3-no_q_r-ET-dp2] 225/384 games (2537/h, eta 4m)
  [s3-no_q_r-ET-dp2] 226/384 games (2543/h, eta 4m)
  [s3-no_q_r-ET-dp2] 227/384 games (2533/h, eta 4m)
  [s3-no_q_r-ET-dp2] 228/384 games (2524/h, eta 4m)
  [s3-no_q_r-ET-dp2] 229/384 games (2524/h, eta 4m)
  [s3-no_q_r-ET-dp2] 230/384 games (2532/h, eta 4m)
  [s3-no_q_r-ET-dp2] 231/384 games (2542/h, eta 4m)
  [s3-no_q_r-ET-dp2] 232/384 games (2550/h, eta 4m)
  [s3-no_q_r-ET-dp2] 233/384 games (2556/h, eta 4m)
  [s3-no_q_r-ET-dp2] 234/384 games (2562/h, eta 4m)
  [s3-no_q_r-ET-dp2] 235/384 games (2540/h, eta 4m)
  [s3-no_q_r-ET-dp2] 236/384 games (2550/h, eta 3m)
  [s3-no_q_r-ET-dp2] 237/384 games (2549/h, eta 3m)
  [s3-no_q_r-ET-dp2] 238/384 games (2546/h, eta 3m)
  [s3-no_q_r-ET-dp2] 239/384 games (2547/h, eta 3m)
  [s3-no_q_r-ET-dp2] 240/384 games (2548/h, eta 3m)
  [s3-no_q_r-ET-dp2] 241/384 games (2553/h, eta 3m)
  [s3-no_q_r-ET-dp2] 242/384 games (2563/h, eta 3m)
  [s3-no_q_r-ET-dp2] 243/384 games (2559/h, eta 3m)
  [s3-no_q_r-ET-dp2] 244/384 games (2551/h, eta 3m)
  [s3-no_q_r-ET-dp2] 245/384 games (2535/h, eta 3m)
  [s3-no_q_r-ET-dp2] 246/384 games (2535/h, eta 3m)
  [s3-no_q_r-ET-dp2] 247/384 games (2540/h, eta 3m)
  [s3-no_q_r-ET-dp2] 248/384 games (2539/h, eta 3m)
  [s3-no_q_r-ET-dp2] 249/384 games (2545/h, eta 3m)
  [s3-no_q_r-ET-dp2] 250/384 games (2549/h, eta 3m)
  [s3-no_q_r-ET-dp2] 251/384 games (2557/h, eta 3m)
  [s3-no_q_r-ET-dp2] 252/384 games (2529/h, eta 3m)
  [s3-no_q_r-ET-dp2] 253/384 games (2518/h, eta 3m)
  [s3-no_q_r-ET-dp2] 254/384 games (2516/h, eta 3m)
  [s3-no_q_r-ET-dp2] 255/384 games (2513/h, eta 3m)
  [s3-no_q_r-ET-dp2] 256/384 games (2513/h, eta 3m)
  [s3-no_q_r-ET-dp2] 257/384 games (2520/h, eta 3m)
  [s3-no_q_r-ET-dp2] 258/384 games (2517/h, eta 3m)
  [s3-no_q_r-ET-dp2] 259/384 games (2504/h, eta 3m)
  [s3-no_q_r-ET-dp2] 260/384 games (2510/h, eta 3m)
  [s3-no_q_r-ET-dp2] 261/384 games (2516/h, eta 3m)
  [s3-no_q_r-ET-dp2] 262/384 games (2525/h, eta 3m)
  [s3-no_q_r-ET-dp2] 263/384 games (2527/h, eta 3m)
  [s3-no_q_r-ET-dp2] 264/384 games (2530/h, eta 3m)
  [s3-no_q_r-ET-dp2] 265/384 games (2536/h, eta 3m)
  [s3-no_q_r-ET-dp2] 266/384 games (2523/h, eta 3m)
  [s3-no_q_r-ET-dp2] 267/384 games (2516/h, eta 3m)
  [s3-no_q_r-ET-dp2] 268/384 games (2512/h, eta 3m)
  [s3-no_q_r-ET-dp2] 269/384 games (2521/h, eta 3m)
  [s3-no_q_r-ET-dp2] 270/384 games (2528/h, eta 3m)
  [s3-no_q_r-ET-dp2] 271/384 games (2533/h, eta 3m)
  [s3-no_q_r-ET-dp2] 272/384 games (2532/h, eta 3m)
  [s3-no_q_r-ET-dp2] 273/384 games (2511/h, eta 3m)
  [s3-no_q_r-ET-dp2] 274/384 games (2514/h, eta 3m)
  [s3-no_q_r-ET-dp2] 275/384 games (2511/h, eta 3m)
  [s3-no_q_r-ET-dp2] 276/384 games (2511/h, eta 3m)
  [s3-no_q_r-ET-dp2] 277/384 games (2520/h, eta 3m)
  [s3-no_q_r-ET-dp2] 278/384 games (2524/h, eta 3m)
  [s3-no_q_r-ET-dp2] 279/384 games (2529/h, eta 2m)
  [s3-no_q_r-ET-dp2] 280/384 games (2525/h, eta 2m)
  [s3-no_q_r-ET-dp2] 281/384 games (2506/h, eta 2m)
  [s3-no_q_r-ET-dp2] 282/384 games (2507/h, eta 2m)
  [s3-no_q_r-ET-dp2] 283/384 games (2510/h, eta 2m)
  [s3-no_q_r-ET-dp2] 284/384 games (2497/h, eta 2m)
  [s3-no_q_r-ET-dp2] 285/384 games (2494/h, eta 2m)
  [s3-no_q_r-ET-dp2] 286/384 games (2501/h, eta 2m)
  [s3-no_q_r-ET-dp2] 287/384 games (2506/h, eta 2m)
  [s3-no_q_r-ET-dp2] 288/384 games (2505/h, eta 2m)
  [s3-no_q_r-ET-dp2] 289/384 games (2500/h, eta 2m)
  [s3-no_q_r-ET-dp2] 290/384 games (2497/h, eta 2m)
  [s3-no_q_r-ET-dp2] 291/384 games (2503/h, eta 2m)
  [s3-no_q_r-ET-dp2] 292/384 games (2506/h, eta 2m)
  [s3-no_q_r-ET-dp2] 293/384 games (2510/h, eta 2m)
  [s3-no_q_r-ET-dp2] 294/384 games (2514/h, eta 2m)
  [s3-no_q_r-ET-dp2] 295/384 games (2522/h, eta 2m)
  [s3-no_q_r-ET-dp2] 296/384 games (2504/h, eta 2m)
  [s3-no_q_r-ET-dp2] 297/384 games (2510/h, eta 2m)
  [s3-no_q_r-ET-dp2] 298/384 games (2509/h, eta 2m)
  [s3-no_q_r-ET-dp2] 299/384 games (2513/h, eta 2m)
  [s3-no_q_r-ET-dp2] 300/384 games (2518/h, eta 2m)
  [s3-no_q_r-ET-dp2] 301/384 games (2523/h, eta 2m)
  [s3-no_q_r-ET-dp2] 302/384 games (2514/h, eta 2m)
  [s3-no_q_r-ET-dp2] 303/384 games (2497/h, eta 2m)
  [s3-no_q_r-ET-dp2] 304/384 games (2492/h, eta 2m)
  [s3-no_q_r-ET-dp2] 305/384 games (2499/h, eta 2m)
  [s3-no_q_r-ET-dp2] 306/384 games (2489/h, eta 2m)
  [s3-no_q_r-ET-dp2] 307/384 games (2496/h, eta 2m)
  [s3-no_q_r-ET-dp2] 308/384 games (2503/h, eta 2m)
  [s3-no_q_r-ET-dp2] 309/384 games (2510/h, eta 2m)
  [s3-no_q_r-ET-dp2] 310/384 games (2511/h, eta 2m)
  [s3-no_q_r-ET-dp2] 311/384 games (2516/h, eta 2m)
  [s3-no_q_r-ET-dp2] 312/384 games (2524/h, eta 2m)
  [s3-no_q_r-ET-dp2] 313/384 games (2524/h, eta 2m)
  [s3-no_q_r-ET-dp2] 314/384 games (2529/h, eta 2m)
  [s3-no_q_r-ET-dp2] 315/384 games (2533/h, eta 2m)
  [s3-no_q_r-ET-dp2] 316/384 games (2538/h, eta 2m)
  [s3-no_q_r-ET-dp2] 317/384 games (2544/h, eta 2m)
  [s3-no_q_r-ET-dp2] 318/384 games (2531/h, eta 2m)
  [s3-no_q_r-ET-dp2] 319/384 games (2510/h, eta 2m)
  [s3-no_q_r-ET-dp2] 320/384 games (2516/h, eta 2m)
  [s3-no_q_r-ET-dp2] 321/384 games (2517/h, eta 2m)
  [s3-no_q_r-ET-dp2] 322/384 games (2516/h, eta 1m)
  [s3-no_q_r-ET-dp2] 323/384 games (2512/h, eta 1m)
  [s3-no_q_r-ET-dp2] 324/384 games (2512/h, eta 1m)
  [s3-no_q_r-ET-dp2] 325/384 games (2516/h, eta 1m)
  [s3-no_q_r-ET-dp2] 326/384 games (2522/h, eta 1m)
  [s3-no_q_r-ET-dp2] 327/384 games (2524/h, eta 1m)
  [s3-no_q_r-ET-dp2] 328/384 games (2528/h, eta 1m)
  [s3-no_q_r-ET-dp2] 329/384 games (2528/h, eta 1m)
  [s3-no_q_r-ET-dp2] 330/384 games (2532/h, eta 1m)
  [s3-no_q_r-ET-dp2] 331/384 games (2532/h, eta 1m)
  [s3-no_q_r-ET-dp2] 332/384 games (2535/h, eta 1m)
  [s3-no_q_r-ET-dp2] 333/384 games (2534/h, eta 1m)
  [s3-no_q_r-ET-dp2] 334/384 games (2527/h, eta 1m)
  [s3-no_q_r-ET-dp2] 335/384 games (2532/h, eta 1m)
  [s3-no_q_r-ET-dp2] 336/384 games (2538/h, eta 1m)
  [s3-no_q_r-ET-dp2] 337/384 games (2528/h, eta 1m)
  [s3-no_q_r-ET-dp2] 338/384 games (2533/h, eta 1m)
  [s3-no_q_r-ET-dp2] 339/384 games (2538/h, eta 1m)
  [s3-no_q_r-ET-dp2] 340/384 games (2531/h, eta 1m)
  [s3-no_q_r-ET-dp2] 341/384 games (2535/h, eta 1m)
  [s3-no_q_r-ET-dp2] 342/384 games (2535/h, eta 1m)
  [s3-no_q_r-ET-dp2] 343/384 games (2540/h, eta 1m)
  [s3-no_q_r-ET-dp2] 344/384 games (2531/h, eta 1m)
  [s3-no_q_r-ET-dp2] 345/384 games (2536/h, eta 1m)
  [s3-no_q_r-ET-dp2] 346/384 games (2533/h, eta 1m)
  [s3-no_q_r-ET-dp2] 347/384 games (2537/h, eta 1m)
  [s3-no_q_r-ET-dp2] 348/384 games (2530/h, eta 1m)
  [s3-no_q_r-ET-dp2] 349/384 games (2528/h, eta 1m)
  [s3-no_q_r-ET-dp2] 350/384 games (2533/h, eta 1m)
  [s3-no_q_r-ET-dp2] 351/384 games (2535/h, eta 1m)
  [s3-no_q_r-ET-dp2] 352/384 games (2528/h, eta 1m)
  [s3-no_q_r-ET-dp2] 353/384 games (2531/h, eta 1m)
  [s3-no_q_r-ET-dp2] 354/384 games (2535/h, eta 1m)
  [s3-no_q_r-ET-dp2] 355/384 games (2541/h, eta 1m)
  [s3-no_q_r-ET-dp2] 356/384 games (2545/h, eta 1m)
  [s3-no_q_r-ET-dp2] 357/384 games (2549/h, eta 1m)
  [s3-no_q_r-ET-dp2] 358/384 games (2554/h, eta 1m)
  [s3-no_q_r-ET-dp2] 359/384 games (2545/h, eta 1m)
  [s3-no_q_r-ET-dp2] 360/384 games (2552/h, eta 1m)
  [s3-no_q_r-ET-dp2] 361/384 games (2551/h, eta 1m)
  [s3-no_q_r-ET-dp2] 362/384 games (2557/h, eta 1m)
  [s3-no_q_r-ET-dp2] 363/384 games (2563/h, eta 0m)
  [s3-no_q_r-ET-dp2] 364/384 games (2558/h, eta 0m)
  [s3-no_q_r-ET-dp2] 365/384 games (2550/h, eta 0m)
  [s3-no_q_r-ET-dp2] 366/384 games (2552/h, eta 0m)
  [s3-no_q_r-ET-dp2] 367/384 games (2558/h, eta 0m)
  [s3-no_q_r-ET-dp2] 368/384 games (2559/h, eta 0m)
  [s3-no_q_r-ET-dp2] 369/384 games (2559/h, eta 0m)
  [s3-no_q_r-ET-dp2] 370/384 games (2562/h, eta 0m)
  [s3-no_q_r-ET-dp2] 371/384 games (2563/h, eta 0m)
  [s3-no_q_r-ET-dp2] 372/384 games (2568/h, eta 0m)
  [s3-no_q_r-ET-dp2] 373/384 games (2561/h, eta 0m)
  [s3-no_q_r-ET-dp2] 374/384 games (2561/h, eta 0m)
  [s3-no_q_r-ET-dp2] 375/384 games (2567/h, eta 0m)
  [s3-no_q_r-ET-dp2] 376/384 games (2557/h, eta 0m)
  [s3-no_q_r-ET-dp2] 377/384 games (2562/h, eta 0m)
  [s3-no_q_r-ET-dp2] 378/384 games (2569/h, eta 0m)
  [s3-no_q_r-ET-dp2] 379/384 games (2568/h, eta 0m)
  [s3-no_q_r-ET-dp2] 380/384 games (2574/h, eta 0m)
  [s3-no_q_r-ET-dp2] 381/384 games (2581/h, eta 0m)
  [s3-no_q_r-ET-dp2] 382/384 games (2583/h, eta 0m)
  [s3-no_q_r-ET-dp2] 383/384 games (2585/h, eta 0m)
  [s3-no_q_r-ET-dp2] 384/384 games (2587/h, eta 0m)
== s3-no_q_r-ET-nc2-dp2 -> experiments/results/perturbation/s3-no_q_r-ET-nc2-dp2.jsonl
  [s3-no_q_r-ET-nc2-dp2] 1/384 games (290/h, eta 79m)
  [s3-no_q_r-ET-nc2-dp2] 2/384 games (523/h, eta 44m)
  [s3-no_q_r-ET-nc2-dp2] 3/384 games (561/h, eta 41m)
  [s3-no_q_r-ET-nc2-dp2] 4/384 games (677/h, eta 34m)
  [s3-no_q_r-ET-nc2-dp2] 5/384 games (795/h, eta 29m)
  [s3-no_q_r-ET-nc2-dp2] 6/384 games (926/h, eta 24m)
  [s3-no_q_r-ET-nc2-dp2] 7/384 games (1028/h, eta 22m)
  [s3-no_q_r-ET-nc2-dp2] 8/384 games (1144/h, eta 20m)
  [s3-no_q_r-ET-nc2-dp2] 9/384 games (1253/h, eta 18m)
  [s3-no_q_r-ET-nc2-dp2] 10/384 games (1314/h, eta 17m)
  [s3-no_q_r-ET-nc2-dp2] 11/384 games (1292/h, eta 17m)
  [s3-no_q_r-ET-nc2-dp2] 12/384 games (1273/h, eta 18m)
  [s3-no_q_r-ET-nc2-dp2] 13/384 games (1362/h, eta 16m)
  [s3-no_q_r-ET-nc2-dp2] 14/384 games (1369/h, eta 16m)
  [s3-no_q_r-ET-nc2-dp2] 15/384 games (1389/h, eta 16m)
  [s3-no_q_r-ET-nc2-dp2] 16/384 games (1479/h, eta 15m)
  [s3-no_q_r-ET-nc2-dp2] 17/384 games (1425/h, eta 15m)
  [s3-no_q_r-ET-nc2-dp2] 18/384 games (1475/h, eta 15m)
  [s3-no_q_r-ET-nc2-dp2] 19/384 games (1487/h, eta 15m)
  [s3-no_q_r-ET-nc2-dp2] 20/384 games (1565/h, eta 14m)
  [s3-no_q_r-ET-nc2-dp2] 21/384 games (1643/h, eta 13m)
  [s3-no_q_r-ET-nc2-dp2] 22/384 games (1698/h, eta 13m)
  [s3-no_q_r-ET-nc2-dp2] 23/384 games (1752/h, eta 12m)
  [s3-no_q_r-ET-nc2-dp2] 24/384 games (1773/h, eta 12m)
  [s3-no_q_r-ET-nc2-dp2] 25/384 games (1819/h, eta 12m)
  [s3-no_q_r-ET-nc2-dp2] 26/384 games (1762/h, eta 12m)
  [s3-no_q_r-ET-nc2-dp2] 27/384 games (1795/h, eta 12m)
  [s3-no_q_r-ET-nc2-dp2] 28/384 games (1860/h, eta 11m)
  [s3-no_q_r-ET-nc2-dp2] 29/384 games (1912/h, eta 11m)
  [s3-no_q_r-ET-nc2-dp2] 30/384 games (1920/h, eta 11m)
  [s3-no_q_r-ET-nc2-dp2] 31/384 games (1826/h, eta 12m)
  [s3-no_q_r-ET-nc2-dp2] 32/384 games (1812/h, eta 12m)
  [s3-no_q_r-ET-nc2-dp2] 33/384 games (1783/h, eta 12m)
  [s3-no_q_r-ET-nc2-dp2] 34/384 games (1762/h, eta 12m)
  [s3-no_q_r-ET-nc2-dp2] 35/384 games (1793/h, eta 12m)
  [s3-no_q_r-ET-nc2-dp2] 36/384 games (1736/h, eta 12m)
  [s3-no_q_r-ET-nc2-dp2] 37/384 games (1782/h, eta 12m)
  [s3-no_q_r-ET-nc2-dp2] 38/384 games (1818/h, eta 11m)
  [s3-no_q_r-ET-nc2-dp2] 39/384 games (1844/h, eta 11m)
  [s3-no_q_r-ET-nc2-dp2] 40/384 games (1757/h, eta 12m)
  [s3-no_q_r-ET-nc2-dp2] 41/384 games (1791/h, eta 11m)
  [s3-no_q_r-ET-nc2-dp2] 42/384 games (1831/h, eta 11m)
  [s3-no_q_r-ET-nc2-dp2] 43/384 games (1868/h, eta 11m)
  [s3-no_q_r-ET-nc2-dp2] 44/384 games (1852/h, eta 11m)
  [s3-no_q_r-ET-nc2-dp2] 45/384 games (1860/h, eta 11m)
  [s3-no_q_r-ET-nc2-dp2] 46/384 games (1855/h, eta 11m)
  [s3-no_q_r-ET-nc2-dp2] 47/384 games (1819/h, eta 11m)
  [s3-no_q_r-ET-nc2-dp2] 48/384 games (1849/h, eta 11m)
  [s3-no_q_r-ET-nc2-dp2] 49/384 games (1886/h, eta 11m)
  [s3-no_q_r-ET-nc2-dp2] 50/384 games (1884/h, eta 11m)
  [s3-no_q_r-ET-nc2-dp2] 51/384 games (1919/h, eta 10m)
  [s3-no_q_r-ET-nc2-dp2] 52/384 games (1944/h, eta 10m)
  [s3-no_q_r-ET-nc2-dp2] 53/384 games (1940/h, eta 10m)
  [s3-no_q_r-ET-nc2-dp2] 54/384 games (1960/h, eta 10m)
  [s3-no_q_r-ET-nc2-dp2] 55/384 games (1988/h, eta 10m)
  [s3-no_q_r-ET-nc2-dp2] 56/384 games (1993/h, eta 10m)
  [s3-no_q_r-ET-nc2-dp2] 57/384 games (2028/h, eta 10m)
  [s3-no_q_r-ET-nc2-dp2] 58/384 games (1936/h, eta 10m)
  [s3-no_q_r-ET-nc2-dp2] 59/384 games (1921/h, eta 10m)
  [s3-no_q_r-ET-nc2-dp2] 60/384 games (1925/h, eta 10m)
  [s3-no_q_r-ET-nc2-dp2] 61/384 games (1937/h, eta 10m)
  [s3-no_q_r-ET-nc2-dp2] 62/384 games (1953/h, eta 10m)
  [s3-no_q_r-ET-nc2-dp2] 63/384 games (1972/h, eta 10m)
  [s3-no_q_r-ET-nc2-dp2] 64/384 games (1959/h, eta 10m)
  [s3-no_q_r-ET-nc2-dp2] 65/384 games (1959/h, eta 10m)
  [s3-no_q_r-ET-nc2-dp2] 66/384 games (1962/h, eta 10m)
  [s3-no_q_r-ET-nc2-dp2] 67/384 games (1983/h, eta 10m)
  [s3-no_q_r-ET-nc2-dp2] 68/384 games (1996/h, eta 9m)
  [s3-no_q_r-ET-nc2-dp2] 69/384 games (2024/h, eta 9m)
  [s3-no_q_r-ET-nc2-dp2] 70/384 games (2051/h, eta 9m)
  [s3-no_q_r-ET-nc2-dp2] 71/384 games (1987/h, eta 9m)
  [s3-no_q_r-ET-nc2-dp2] 72/384 games (2012/h, eta 9m)
  [s3-no_q_r-ET-nc2-dp2] 73/384 games (2040/h, eta 9m)
  [s3-no_q_r-ET-nc2-dp2] 74/384 games (2062/h, eta 9m)
  [s3-no_q_r-ET-nc2-dp2] 75/384 games (2060/h, eta 9m)
  [s3-no_q_r-ET-nc2-dp2] 76/384 games (2058/h, eta 9m)
  [s3-no_q_r-ET-nc2-dp2] 77/384 games (2074/h, eta 9m)
  [s3-no_q_r-ET-nc2-dp2] 78/384 games (2034/h, eta 9m)
  [s3-no_q_r-ET-nc2-dp2] 79/384 games (2032/h, eta 9m)
  [s3-no_q_r-ET-nc2-dp2] 80/384 games (2052/h, eta 9m)
  [s3-no_q_r-ET-nc2-dp2] 81/384 games (2015/h, eta 9m)
  [s3-no_q_r-ET-nc2-dp2] 82/384 games (2034/h, eta 9m)
  [s3-no_q_r-ET-nc2-dp2] 83/384 games (2052/h, eta 9m)
  [s3-no_q_r-ET-nc2-dp2] 84/384 games (2072/h, eta 9m)
  [s3-no_q_r-ET-nc2-dp2] 85/384 games (2008/h, eta 9m)
  [s3-no_q_r-ET-nc2-dp2] 86/384 games (2008/h, eta 9m)
  [s3-no_q_r-ET-nc2-dp2] 87/384 games (2029/h, eta 9m)
  [s3-no_q_r-ET-nc2-dp2] 88/384 games (2049/h, eta 9m)
  [s3-no_q_r-ET-nc2-dp2] 89/384 games (2041/h, eta 9m)
  [s3-no_q_r-ET-nc2-dp2] 90/384 games (2015/h, eta 9m)
  [s3-no_q_r-ET-nc2-dp2] 91/384 games (2033/h, eta 9m)
  [s3-no_q_r-ET-nc2-dp2] 92/384 games (2051/h, eta 9m)
  [s3-no_q_r-ET-nc2-dp2] 93/384 games (2049/h, eta 9m)
  [s3-no_q_r-ET-nc2-dp2] 94/384 games (2064/h, eta 8m)
  [s3-no_q_r-ET-nc2-dp2] 95/384 games (2083/h, eta 8m)
  [s3-no_q_r-ET-nc2-dp2] 96/384 games (2093/h, eta 8m)
  [s3-no_q_r-ET-nc2-dp2] 97/384 games (2098/h, eta 8m)
  [s3-no_q_r-ET-nc2-dp2] 98/384 games (2094/h, eta 8m)
  [s3-no_q_r-ET-nc2-dp2] 99/384 games (2112/h, eta 8m)
  [s3-no_q_r-ET-nc2-dp2] 100/384 games (2113/h, eta 8m)
  [s3-no_q_r-ET-nc2-dp2] 101/384 games (2106/h, eta 8m)
  [s3-no_q_r-ET-nc2-dp2] 102/384 games (2120/h, eta 8m)
  [s3-no_q_r-ET-nc2-dp2] 103/384 games (2125/h, eta 8m)
  [s3-no_q_r-ET-nc2-dp2] 104/384 games (2133/h, eta 8m)
  [s3-no_q_r-ET-nc2-dp2] 105/384 games (2139/h, eta 8m)
  [s3-no_q_r-ET-nc2-dp2] 106/384 games (2154/h, eta 8m)
  [s3-no_q_r-ET-nc2-dp2] 107/384 games (2093/h, eta 8m)
  [s3-no_q_r-ET-nc2-dp2] 108/384 games (2100/h, eta 8m)
  [s3-no_q_r-ET-nc2-dp2] 109/384 games (2097/h, eta 8m)
  [s3-no_q_r-ET-nc2-dp2] 110/384 games (2112/h, eta 8m)
  [s3-no_q_r-ET-nc2-dp2] 111/384 games (2104/h, eta 8m)
  [s3-no_q_r-ET-nc2-dp2] 112/384 games (2115/h, eta 8m)
  [s3-no_q_r-ET-nc2-dp2] 113/384 games (2109/h, eta 8m)
  [s3-no_q_r-ET-nc2-dp2] 114/384 games (2114/h, eta 8m)
  [s3-no_q_r-ET-nc2-dp2] 115/384 games (2093/h, eta 8m)
  [s3-no_q_r-ET-nc2-dp2] 116/384 games (2106/h, eta 8m)
  [s3-no_q_r-ET-nc2-dp2] 117/384 games (2108/h, eta 8m)
  [s3-no_q_r-ET-nc2-dp2] 118/384 games (2113/h, eta 8m)
  [s3-no_q_r-ET-nc2-dp2] 119/384 games (2110/h, eta 8m)
  [s3-no_q_r-ET-nc2-dp2] 120/384 games (2118/h, eta 7m)
  [s3-no_q_r-ET-nc2-dp2] 121/384 games (2128/h, eta 7m)
  [s3-no_q_r-ET-nc2-dp2] 122/384 games (2133/h, eta 7m)
  [s3-no_q_r-ET-nc2-dp2] 123/384 games (2121/h, eta 7m)
  [s3-no_q_r-ET-nc2-dp2] 124/384 games (2130/h, eta 7m)
  [s3-no_q_r-ET-nc2-dp2] 125/384 games (2143/h, eta 7m)
  [s3-no_q_r-ET-nc2-dp2] 126/384 games (2135/h, eta 7m)
  [s3-no_q_r-ET-nc2-dp2] 127/384 games (2135/h, eta 7m)
  [s3-no_q_r-ET-nc2-dp2] 128/384 games (2139/h, eta 7m)
  [s3-no_q_r-ET-nc2-dp2] 129/384 games (2149/h, eta 7m)
  [s3-no_q_r-ET-nc2-dp2] 130/384 games (2132/h, eta 7m)
  [s3-no_q_r-ET-nc2-dp2] 131/384 games (2130/h, eta 7m)
  [s3-no_q_r-ET-nc2-dp2] 132/384 games (2133/h, eta 7m)
  [s3-no_q_r-ET-nc2-dp2] 133/384 games (2144/h, eta 7m)
  [s3-no_q_r-ET-nc2-dp2] 134/384 games (2155/h, eta 7m)
  [s3-no_q_r-ET-nc2-dp2] 135/384 games (2161/h, eta 7m)
  [s3-no_q_r-ET-nc2-dp2] 136/384 games (2167/h, eta 7m)
  [s3-no_q_r-ET-nc2-dp2] 137/384 games (2177/h, eta 7m)
  [s3-no_q_r-ET-nc2-dp2] 138/384 games (2190/h, eta 7m)
  [s3-no_q_r-ET-nc2-dp2] 139/384 games (2184/h, eta 7m)
  [s3-no_q_r-ET-nc2-dp2] 140/384 games (2186/h, eta 7m)
  [s3-no_q_r-ET-nc2-dp2] 141/384 games (2192/h, eta 7m)
  [s3-no_q_r-ET-nc2-dp2] 142/384 games (2186/h, eta 7m)
  [s3-no_q_r-ET-nc2-dp2] 143/384 games (2201/h, eta 7m)
  [s3-no_q_r-ET-nc2-dp2] 144/384 games (2171/h, eta 7m)
  [s3-no_q_r-ET-nc2-dp2] 145/384 games (2162/h, eta 7m)
  [s3-no_q_r-ET-nc2-dp2] 146/384 games (2150/h, eta 7m)
  [s3-no_q_r-ET-nc2-dp2] 147/384 games (2153/h, eta 7m)
  [s3-no_q_r-ET-nc2-dp2] 148/384 games (2167/h, eta 7m)
  [s3-no_q_r-ET-nc2-dp2] 149/384 games (2171/h, eta 6m)
  [s3-no_q_r-ET-nc2-dp2] 150/384 games (2184/h, eta 6m)
  [s3-no_q_r-ET-nc2-dp2] 151/384 games (2173/h, eta 6m)
  [s3-no_q_r-ET-nc2-dp2] 152/384 games (2167/h, eta 6m)
  [s3-no_q_r-ET-nc2-dp2] 153/384 games (2178/h, eta 6m)
  [s3-no_q_r-ET-nc2-dp2] 154/384 games (2185/h, eta 6m)
  [s3-no_q_r-ET-nc2-dp2] 155/384 games (2192/h, eta 6m)
  [s3-no_q_r-ET-nc2-dp2] 156/384 games (2165/h, eta 6m)
  [s3-no_q_r-ET-nc2-dp2] 157/384 games (2173/h, eta 6m)
  [s3-no_q_r-ET-nc2-dp2] 158/384 games (2165/h, eta 6m)
  [s3-no_q_r-ET-nc2-dp2] 159/384 games (2176/h, eta 6m)
  [s3-no_q_r-ET-nc2-dp2] 160/384 games (2185/h, eta 6m)
  [s3-no_q_r-ET-nc2-dp2] 161/384 games (2196/h, eta 6m)
  [s3-no_q_r-ET-nc2-dp2] 162/384 games (2208/h, eta 6m)
  [s3-no_q_r-ET-nc2-dp2] 163/384 games (2208/h, eta 6m)
  [s3-no_q_r-ET-nc2-dp2] 164/384 games (2205/h, eta 6m)
  [s3-no_q_r-ET-nc2-dp2] 165/384 games (2193/h, eta 6m)
  [s3-no_q_r-ET-nc2-dp2] 166/384 games (2205/h, eta 6m)
  [s3-no_q_r-ET-nc2-dp2] 167/384 games (2192/h, eta 6m)
  [s3-no_q_r-ET-nc2-dp2] 168/384 games (2183/h, eta 6m)
  [s3-no_q_r-ET-nc2-dp2] 169/384 games (2177/h, eta 6m)
  [s3-no_q_r-ET-nc2-dp2] 170/384 games (2185/h, eta 6m)
  [s3-no_q_r-ET-nc2-dp2] 171/384 games (2194/h, eta 6m)
  [s3-no_q_r-ET-nc2-dp2] 172/384 games (2166/h, eta 6m)
  [s3-no_q_r-ET-nc2-dp2] 173/384 games (2167/h, eta 6m)
  [s3-no_q_r-ET-nc2-dp2] 174/384 games (2176/h, eta 6m)
  [s3-no_q_r-ET-nc2-dp2] 175/384 games (2176/h, eta 6m)
  [s3-no_q_r-ET-nc2-dp2] 176/384 games (2188/h, eta 6m)
  [s3-no_q_r-ET-nc2-dp2] 177/384 games (2201/h, eta 6m)
  [s3-no_q_r-ET-nc2-dp2] 178/384 games (2202/h, eta 6m)
  [s3-no_q_r-ET-nc2-dp2] 179/384 games (2200/h, eta 6m)
  [s3-no_q_r-ET-nc2-dp2] 180/384 games (2212/h, eta 6m)
  [s3-no_q_r-ET-nc2-dp2] 181/384 games (2215/h, eta 5m)
  [s3-no_q_r-ET-nc2-dp2] 182/384 games (2222/h, eta 5m)
  [s3-no_q_r-ET-nc2-dp2] 183/384 games (2211/h, eta 5m)
  [s3-no_q_r-ET-nc2-dp2] 184/384 games (2208/h, eta 5m)
  [s3-no_q_r-ET-nc2-dp2] 185/384 games (2220/h, eta 5m)
  [s3-no_q_r-ET-nc2-dp2] 186/384 games (2204/h, eta 5m)
  [s3-no_q_r-ET-nc2-dp2] 187/384 games (2188/h, eta 5m)
  [s3-no_q_r-ET-nc2-dp2] 188/384 games (2183/h, eta 5m)
  [s3-no_q_r-ET-nc2-dp2] 189/384 games (2187/h, eta 5m)
  [s3-no_q_r-ET-nc2-dp2] 190/384 games (2194/h, eta 5m)
  [s3-no_q_r-ET-nc2-dp2] 191/384 games (2201/h, eta 5m)
  [s3-no_q_r-ET-nc2-dp2] 192/384 games (2198/h, eta 5m)
  [s3-no_q_r-ET-nc2-dp2] 193/384 games (2207/h, eta 5m)
  [s3-no_q_r-ET-nc2-dp2] 194/384 games (2211/h, eta 5m)
  [s3-no_q_r-ET-nc2-dp2] 195/384 games (2222/h, eta 5m)
  [s3-no_q_r-ET-nc2-dp2] 196/384 games (2209/h, eta 5m)
  [s3-no_q_r-ET-nc2-dp2] 197/384 games (2215/h, eta 5m)
  [s3-no_q_r-ET-nc2-dp2] 198/384 games (2192/h, eta 5m)
  [s3-no_q_r-ET-nc2-dp2] 199/384 games (2191/h, eta 5m)
  [s3-no_q_r-ET-nc2-dp2] 200/384 games (2180/h, eta 5m)
  [s3-no_q_r-ET-nc2-dp2] 201/384 games (2186/h, eta 5m)
  [s3-no_q_r-ET-nc2-dp2] 202/384 games (2187/h, eta 5m)
  [s3-no_q_r-ET-nc2-dp2] 203/384 games (2187/h, eta 5m)
  [s3-no_q_r-ET-nc2-dp2] 204/384 games (2181/h, eta 5m)
  [s3-no_q_r-ET-nc2-dp2] 205/384 games (2191/h, eta 5m)
  [s3-no_q_r-ET-nc2-dp2] 206/384 games (2200/h, eta 5m)
  [s3-no_q_r-ET-nc2-dp2] 207/384 games (2205/h, eta 5m)
  [s3-no_q_r-ET-nc2-dp2] 208/384 games (2213/h, eta 5m)
  [s3-no_q_r-ET-nc2-dp2] 209/384 games (2222/h, eta 5m)
  [s3-no_q_r-ET-nc2-dp2] 210/384 games (2231/h, eta 5m)
  [s3-no_q_r-ET-nc2-dp2] 211/384 games (2235/h, eta 5m)
  [s3-no_q_r-ET-nc2-dp2] 212/384 games (2208/h, eta 5m)
  [s3-no_q_r-ET-nc2-dp2] 213/384 games (2209/h, eta 5m)
  [s3-no_q_r-ET-nc2-dp2] 214/384 games (2216/h, eta 5m)
  [s3-no_q_r-ET-nc2-dp2] 215/384 games (2225/h, eta 5m)
  [s3-no_q_r-ET-nc2-dp2] 216/384 games (2199/h, eta 5m)
  [s3-no_q_r-ET-nc2-dp2] 217/384 games (2183/h, eta 5m)
  [s3-no_q_r-ET-nc2-dp2] 218/384 games (2189/h, eta 5m)
  [s3-no_q_r-ET-nc2-dp2] 219/384 games (2190/h, eta 5m)
  [s3-no_q_r-ET-nc2-dp2] 220/384 games (2198/h, eta 4m)
  [s3-no_q_r-ET-nc2-dp2] 221/384 games (2205/h, eta 4m)
  [s3-no_q_r-ET-nc2-dp2] 222/384 games (2203/h, eta 4m)
  [s3-no_q_r-ET-nc2-dp2] 223/384 games (2204/h, eta 4m)
  [s3-no_q_r-ET-nc2-dp2] 224/384 games (2214/h, eta 4m)
  [s3-no_q_r-ET-nc2-dp2] 225/384 games (2224/h, eta 4m)
  [s3-no_q_r-ET-nc2-dp2] 226/384 games (2230/h, eta 4m)
  [s3-no_q_r-ET-nc2-dp2] 227/384 games (2234/h, eta 4m)
  [s3-no_q_r-ET-nc2-dp2] 228/384 games (2225/h, eta 4m)
  [s3-no_q_r-ET-nc2-dp2] 229/384 games (2213/h, eta 4m)
  [s3-no_q_r-ET-nc2-dp2] 230/384 games (2204/h, eta 4m)
  [s3-no_q_r-ET-nc2-dp2] 231/384 games (2207/h, eta 4m)
  [s3-no_q_r-ET-nc2-dp2] 232/384 games (2215/h, eta 4m)
  [s3-no_q_r-ET-nc2-dp2] 233/384 games (2209/h, eta 4m)
  [s3-no_q_r-ET-nc2-dp2] 234/384 games (2212/h, eta 4m)
  [s3-no_q_r-ET-nc2-dp2] 235/384 games (2222/h, eta 4m)
  [s3-no_q_r-ET-nc2-dp2] 236/384 games (2209/h, eta 4m)
  [s3-no_q_r-ET-nc2-dp2] 237/384 games (2214/h, eta 4m)
  [s3-no_q_r-ET-nc2-dp2] 238/384 games (2222/h, eta 4m)
  [s3-no_q_r-ET-nc2-dp2] 239/384 games (2230/h, eta 4m)
  [s3-no_q_r-ET-nc2-dp2] 240/384 games (2233/h, eta 4m)
  [s3-no_q_r-ET-nc2-dp2] 241/384 games (2201/h, eta 4m)
  [s3-no_q_r-ET-nc2-dp2] 242/384 games (2206/h, eta 4m)
  [s3-no_q_r-ET-nc2-dp2] 243/384 games (2212/h, eta 4m)
  [s3-no_q_r-ET-nc2-dp2] 244/384 games (2205/h, eta 4m)
  [s3-no_q_r-ET-nc2-dp2] 245/384 games (2213/h, eta 4m)
  [s3-no_q_r-ET-nc2-dp2] 246/384 games (2217/h, eta 4m)
  [s3-no_q_r-ET-nc2-dp2] 247/384 games (2223/h, eta 4m)
  [s3-no_q_r-ET-nc2-dp2] 248/384 games (2220/h, eta 4m)
  [s3-no_q_r-ET-nc2-dp2] 249/384 games (2216/h, eta 4m)
  [s3-no_q_r-ET-nc2-dp2] 250/384 games (2221/h, eta 4m)
  [s3-no_q_r-ET-nc2-dp2] 251/384 games (2218/h, eta 4m)
  [s3-no_q_r-ET-nc2-dp2] 252/384 games (2220/h, eta 4m)
  [s3-no_q_r-ET-nc2-dp2] 253/384 games (2226/h, eta 4m)
  [s3-no_q_r-ET-nc2-dp2] 254/384 games (2225/h, eta 4m)
  [s3-no_q_r-ET-nc2-dp2] 255/384 games (2221/h, eta 3m)
  [s3-no_q_r-ET-nc2-dp2] 256/384 games (2197/h, eta 3m)
  [s3-no_q_r-ET-nc2-dp2] 257/384 games (2201/h, eta 3m)
  [s3-no_q_r-ET-nc2-dp2] 258/384 games (2192/h, eta 3m)
  [s3-no_q_r-ET-nc2-dp2] 259/384 games (2194/h, eta 3m)
  [s3-no_q_r-ET-nc2-dp2] 260/384 games (2199/h, eta 3m)
  [s3-no_q_r-ET-nc2-dp2] 261/384 games (2201/h, eta 3m)
  [s3-no_q_r-ET-nc2-dp2] 262/384 games (2205/h, eta 3m)
  [s3-no_q_r-ET-nc2-dp2] 263/384 games (2204/h, eta 3m)
  [s3-no_q_r-ET-nc2-dp2] 264/384 games (2206/h, eta 3m)
  [s3-no_q_r-ET-nc2-dp2] 265/384 games (2212/h, eta 3m)
  [s3-no_q_r-ET-nc2-dp2] 266/384 games (2217/h, eta 3m)
  [s3-no_q_r-ET-nc2-dp2] 267/384 games (2214/h, eta 3m)
  [s3-no_q_r-ET-nc2-dp2] 268/384 games (2221/h, eta 3m)
  [s3-no_q_r-ET-nc2-dp2] 269/384 games (2227/h, eta 3m)
  [s3-no_q_r-ET-nc2-dp2] 270/384 games (2222/h, eta 3m)
  [s3-no_q_r-ET-nc2-dp2] 271/384 games (2209/h, eta 3m)
  [s3-no_q_r-ET-nc2-dp2] 272/384 games (2212/h, eta 3m)
  [s3-no_q_r-ET-nc2-dp2] 273/384 games (2219/h, eta 3m)
  [s3-no_q_r-ET-nc2-dp2] 274/384 games (2222/h, eta 3m)
  [s3-no_q_r-ET-nc2-dp2] 275/384 games (2224/h, eta 3m)
  [s3-no_q_r-ET-nc2-dp2] 276/384 games (2207/h, eta 3m)
  [s3-no_q_r-ET-nc2-dp2] 277/384 games (2214/h, eta 3m)
  [s3-no_q_r-ET-nc2-dp2] 278/384 games (2207/h, eta 3m)
  [s3-no_q_r-ET-nc2-dp2] 279/384 games (2214/h, eta 3m)
  [s3-no_q_r-ET-nc2-dp2] 280/384 games (2220/h, eta 3m)
  [s3-no_q_r-ET-nc2-dp2] 281/384 games (2216/h, eta 3m)
  [s3-no_q_r-ET-nc2-dp2] 282/384 games (2219/h, eta 3m)
  [s3-no_q_r-ET-nc2-dp2] 283/384 games (2214/h, eta 3m)
  [s3-no_q_r-ET-nc2-dp2] 284/384 games (2221/h, eta 3m)
  [s3-no_q_r-ET-nc2-dp2] 285/384 games (2209/h, eta 3m)
  [s3-no_q_r-ET-nc2-dp2] 286/384 games (2206/h, eta 3m)
  [s3-no_q_r-ET-nc2-dp2] 287/384 games (2214/h, eta 3m)
  [s3-no_q_r-ET-nc2-dp2] 288/384 games (2215/h, eta 3m)
  [s3-no_q_r-ET-nc2-dp2] 289/384 games (2201/h, eta 3m)
  [s3-no_q_r-ET-nc2-dp2] 290/384 games (2206/h, eta 3m)
  [s3-no_q_r-ET-nc2-dp2] 291/384 games (2214/h, eta 3m)
  [s3-no_q_r-ET-nc2-dp2] 292/384 games (2206/h, eta 3m)
  [s3-no_q_r-ET-nc2-dp2] 293/384 games (2209/h, eta 2m)
  [s3-no_q_r-ET-nc2-dp2] 294/384 games (2197/h, eta 2m)
  [s3-no_q_r-ET-nc2-dp2] 295/384 games (2196/h, eta 2m)
  [s3-no_q_r-ET-nc2-dp2] 296/384 games (2195/h, eta 2m)
  [s3-no_q_r-ET-nc2-dp2] 297/384 games (2201/h, eta 2m)
  [s3-no_q_r-ET-nc2-dp2] 298/384 games (2191/h, eta 2m)
  [s3-no_q_r-ET-nc2-dp2] 299/384 games (2194/h, eta 2m)
  [s3-no_q_r-ET-nc2-dp2] 300/384 games (2201/h, eta 2m)
  [s3-no_q_r-ET-nc2-dp2] 301/384 games (2202/h, eta 2m)
  [s3-no_q_r-ET-nc2-dp2] 302/384 games (2189/h, eta 2m)
  [s3-no_q_r-ET-nc2-dp2] 303/384 games (2192/h, eta 2m)
  [s3-no_q_r-ET-nc2-dp2] 304/384 games (2196/h, eta 2m)
  [s3-no_q_r-ET-nc2-dp2] 305/384 games (2199/h, eta 2m)
  [s3-no_q_r-ET-nc2-dp2] 306/384 games (2206/h, eta 2m)
  [s3-no_q_r-ET-nc2-dp2] 307/384 games (2208/h, eta 2m)
  [s3-no_q_r-ET-nc2-dp2] 308/384 games (2215/h, eta 2m)
  [s3-no_q_r-ET-nc2-dp2] 309/384 games (2214/h, eta 2m)
  [s3-no_q_r-ET-nc2-dp2] 310/384 games (2215/h, eta 2m)
  [s3-no_q_r-ET-nc2-dp2] 311/384 games (2215/h, eta 2m)
  [s3-no_q_r-ET-nc2-dp2] 312/384 games (2217/h, eta 2m)
  [s3-no_q_r-ET-nc2-dp2] 313/384 games (2221/h, eta 2m)
  [s3-no_q_r-ET-nc2-dp2] 314/384 games (2217/h, eta 2m)
  [s3-no_q_r-ET-nc2-dp2] 315/384 games (2215/h, eta 2m)
  [s3-no_q_r-ET-nc2-dp2] 316/384 games (2212/h, eta 2m)
  [s3-no_q_r-ET-nc2-dp2] 317/384 games (2215/h, eta 2m)
  [s3-no_q_r-ET-nc2-dp2] 318/384 games (2212/h, eta 2m)
  [s3-no_q_r-ET-nc2-dp2] 319/384 games (2217/h, eta 2m)
  [s3-no_q_r-ET-nc2-dp2] 320/384 games (2221/h, eta 2m)
  [s3-no_q_r-ET-nc2-dp2] 321/384 games (2224/h, eta 2m)
  [s3-no_q_r-ET-nc2-dp2] 322/384 games (2230/h, eta 2m)
  [s3-no_q_r-ET-nc2-dp2] 323/384 games (2236/h, eta 2m)
  [s3-no_q_r-ET-nc2-dp2] 324/384 games (2243/h, eta 2m)
  [s3-no_q_r-ET-nc2-dp2] 325/384 games (2213/h, eta 2m)
  [s3-no_q_r-ET-nc2-dp2] 326/384 games (2201/h, eta 2m)
  [s3-no_q_r-ET-nc2-dp2] 327/384 games (2206/h, eta 2m)
  [s3-no_q_r-ET-nc2-dp2] 328/384 games (2211/h, eta 2m)
  [s3-no_q_r-ET-nc2-dp2] 329/384 games (2210/h, eta 1m)
  [s3-no_q_r-ET-nc2-dp2] 330/384 games (2215/h, eta 1m)
  [s3-no_q_r-ET-nc2-dp2] 331/384 games (2221/h, eta 1m)
  [s3-no_q_r-ET-nc2-dp2] 332/384 games (2224/h, eta 1m)
  [s3-no_q_r-ET-nc2-dp2] 333/384 games (2225/h, eta 1m)
  [s3-no_q_r-ET-nc2-dp2] 334/384 games (2223/h, eta 1m)
  [s3-no_q_r-ET-nc2-dp2] 335/384 games (2227/h, eta 1m)
  [s3-no_q_r-ET-nc2-dp2] 336/384 games (2228/h, eta 1m)
  [s3-no_q_r-ET-nc2-dp2] 337/384 games (2227/h, eta 1m)
  [s3-no_q_r-ET-nc2-dp2] 338/384 games (2223/h, eta 1m)
  [s3-no_q_r-ET-nc2-dp2] 339/384 games (2223/h, eta 1m)
  [s3-no_q_r-ET-nc2-dp2] 340/384 games (2226/h, eta 1m)
  [s3-no_q_r-ET-nc2-dp2] 341/384 games (2230/h, eta 1m)
  [s3-no_q_r-ET-nc2-dp2] 342/384 games (2212/h, eta 1m)
  [s3-no_q_r-ET-nc2-dp2] 343/384 games (2216/h, eta 1m)
  [s3-no_q_r-ET-nc2-dp2] 344/384 games (2220/h, eta 1m)
  [s3-no_q_r-ET-nc2-dp2] 345/384 games (2224/h, eta 1m)
  [s3-no_q_r-ET-nc2-dp2] 346/384 games (2230/h, eta 1m)
  [s3-no_q_r-ET-nc2-dp2] 347/384 games (2233/h, eta 1m)
  [s3-no_q_r-ET-nc2-dp2] 348/384 games (2239/h, eta 1m)
  [s3-no_q_r-ET-nc2-dp2] 349/384 games (2243/h, eta 1m)
  [s3-no_q_r-ET-nc2-dp2] 350/384 games (2250/h, eta 1m)
  [s3-no_q_r-ET-nc2-dp2] 351/384 games (2255/h, eta 1m)
  [s3-no_q_r-ET-nc2-dp2] 352/384 games (2259/h, eta 1m)
  [s3-no_q_r-ET-nc2-dp2] 353/384 games (2240/h, eta 1m)
  [s3-no_q_r-ET-nc2-dp2] 354/384 games (2237/h, eta 1m)
  [s3-no_q_r-ET-nc2-dp2] 355/384 games (2242/h, eta 1m)
  [s3-no_q_r-ET-nc2-dp2] 356/384 games (2240/h, eta 1m)
  [s3-no_q_r-ET-nc2-dp2] 357/384 games (2233/h, eta 1m)
  [s3-no_q_r-ET-nc2-dp2] 358/384 games (2237/h, eta 1m)
  [s3-no_q_r-ET-nc2-dp2] 359/384 games (2228/h, eta 1m)
  [s3-no_q_r-ET-nc2-dp2] 360/384 games (2233/h, eta 1m)
  [s3-no_q_r-ET-nc2-dp2] 361/384 games (2231/h, eta 1m)
  [s3-no_q_r-ET-nc2-dp2] 362/384 games (2231/h, eta 1m)
  [s3-no_q_r-ET-nc2-dp2] 363/384 games (2222/h, eta 1m)
  [s3-no_q_r-ET-nc2-dp2] 364/384 games (2225/h, eta 1m)
  [s3-no_q_r-ET-nc2-dp2] 365/384 games (2227/h, eta 1m)
  [s3-no_q_r-ET-nc2-dp2] 366/384 games (2232/h, eta 0m)
  [s3-no_q_r-ET-nc2-dp2] 367/384 games (2238/h, eta 0m)
  [s3-no_q_r-ET-nc2-dp2] 368/384 games (2241/h, eta 0m)
  [s3-no_q_r-ET-nc2-dp2] 369/384 games (2231/h, eta 0m)
  [s3-no_q_r-ET-nc2-dp2] 370/384 games (2229/h, eta 0m)
  [s3-no_q_r-ET-nc2-dp2] 371/384 games (2230/h, eta 0m)
  [s3-no_q_r-ET-nc2-dp2] 372/384 games (2232/h, eta 0m)
  [s3-no_q_r-ET-nc2-dp2] 373/384 games (2234/h, eta 0m)
  [s3-no_q_r-ET-nc2-dp2] 374/384 games (2235/h, eta 0m)
  [s3-no_q_r-ET-nc2-dp2] 375/384 games (2239/h, eta 0m)
  [s3-no_q_r-ET-nc2-dp2] 376/384 games (2243/h, eta 0m)
  [s3-no_q_r-ET-nc2-dp2] 377/384 games (2246/h, eta 0m)
  [s3-no_q_r-ET-nc2-dp2] 378/384 games (2247/h, eta 0m)
  [s3-no_q_r-ET-nc2-dp2] 379/384 games (2247/h, eta 0m)
  [s3-no_q_r-ET-nc2-dp2] 380/384 games (2250/h, eta 0m)
  [s3-no_q_r-ET-nc2-dp2] 381/384 games (2252/h, eta 0m)
  [s3-no_q_r-ET-nc2-dp2] 382/384 games (2237/h, eta 0m)
  [s3-no_q_r-ET-nc2-dp2] 383/384 games (2240/h, eta 0m)
  [s3-no_q_r-ET-nc2-dp2] 384/384 games (2188/h, eta 0m)
== s3-no_q_rr-ET-nc2 -> experiments/results/perturbation/s3-no_q_rr-ET-nc2.jsonl
  [s3-no_q_rr-ET-nc2] 1/384 games (991/h, eta 23m)
  [s3-no_q_rr-ET-nc2] 2/384 games (1221/h, eta 19m)
  [s3-no_q_rr-ET-nc2] 3/384 games (1538/h, eta 15m)
  [s3-no_q_rr-ET-nc2] 4/384 games (1306/h, eta 17m)
  [s3-no_q_rr-ET-nc2] 5/384 games (1276/h, eta 18m)
  [s3-no_q_rr-ET-nc2] 6/384 games (1486/h, eta 15m)
  [s3-no_q_rr-ET-nc2] 7/384 games (1551/h, eta 15m)
  [s3-no_q_rr-ET-nc2] 8/384 games (1549/h, eta 15m)
  [s3-no_q_rr-ET-nc2] 9/384 games (1719/h, eta 13m)
  [s3-no_q_rr-ET-nc2] 10/384 games (1772/h, eta 13m)
  [s3-no_q_rr-ET-nc2] 11/384 games (1586/h, eta 14m)
  [s3-no_q_rr-ET-nc2] 12/384 games (1720/h, eta 13m)
  [s3-no_q_rr-ET-nc2] 13/384 games (1754/h, eta 13m)
  [s3-no_q_rr-ET-nc2] 14/384 games (1856/h, eta 12m)
  [s3-no_q_rr-ET-nc2] 15/384 games (1867/h, eta 12m)
  [s3-no_q_rr-ET-nc2] 16/384 games (1962/h, eta 11m)
  [s3-no_q_rr-ET-nc2] 17/384 games (2046/h, eta 11m)
  [s3-no_q_rr-ET-nc2] 18/384 games (2101/h, eta 10m)
  [s3-no_q_rr-ET-nc2] 19/384 games (2125/h, eta 10m)
  [s3-no_q_rr-ET-nc2] 20/384 games (2212/h, eta 10m)
  [s3-no_q_rr-ET-nc2] 21/384 games (2279/h, eta 10m)
  [s3-no_q_rr-ET-nc2] 22/384 games (2312/h, eta 9m)
  [s3-no_q_rr-ET-nc2] 23/384 games (2410/h, eta 9m)
  [s3-no_q_rr-ET-nc2] 24/384 games (2513/h, eta 9m)
  [s3-no_q_rr-ET-nc2] 25/384 games (2523/h, eta 9m)
  [s3-no_q_rr-ET-nc2] 26/384 games (2502/h, eta 9m)
  [s3-no_q_rr-ET-nc2] 27/384 games (2556/h, eta 8m)
  [s3-no_q_rr-ET-nc2] 28/384 games (2594/h, eta 8m)
  [s3-no_q_rr-ET-nc2] 29/384 games (2630/h, eta 8m)
  [s3-no_q_rr-ET-nc2] 30/384 games (2709/h, eta 8m)
  [s3-no_q_rr-ET-nc2] 31/384 games (2723/h, eta 8m)
  [s3-no_q_rr-ET-nc2] 32/384 games (2656/h, eta 8m)
  [s3-no_q_rr-ET-nc2] 33/384 games (2731/h, eta 8m)
  [s3-no_q_rr-ET-nc2] 34/384 games (2768/h, eta 8m)
  [s3-no_q_rr-ET-nc2] 35/384 games (2840/h, eta 7m)
  [s3-no_q_rr-ET-nc2] 36/384 games (2785/h, eta 7m)
  [s3-no_q_rr-ET-nc2] 37/384 games (2788/h, eta 7m)
  [s3-no_q_rr-ET-nc2] 38/384 games (2709/h, eta 8m)
  [s3-no_q_rr-ET-nc2] 39/384 games (2635/h, eta 8m)
  [s3-no_q_rr-ET-nc2] 40/384 games (2600/h, eta 8m)
  [s3-no_q_rr-ET-nc2] 41/384 games (2530/h, eta 8m)
  [s3-no_q_rr-ET-nc2] 42/384 games (2592/h, eta 8m)
  [s3-no_q_rr-ET-nc2] 43/384 games (2594/h, eta 8m)
  [s3-no_q_rr-ET-nc2] 44/384 games (2648/h, eta 8m)
  [s3-no_q_rr-ET-nc2] 45/384 games (2659/h, eta 8m)
  [s3-no_q_rr-ET-nc2] 46/384 games (2688/h, eta 8m)
  [s3-no_q_rr-ET-nc2] 47/384 games (2719/h, eta 7m)
  [s3-no_q_rr-ET-nc2] 48/384 games (2618/h, eta 8m)
  [s3-no_q_rr-ET-nc2] 49/384 games (2668/h, eta 8m)
  [s3-no_q_rr-ET-nc2] 50/384 games (2715/h, eta 7m)
  [s3-no_q_rr-ET-nc2] 51/384 games (2730/h, eta 7m)
  [s3-no_q_rr-ET-nc2] 52/384 games (2721/h, eta 7m)
  [s3-no_q_rr-ET-nc2] 53/384 games (2707/h, eta 7m)
  [s3-no_q_rr-ET-nc2] 54/384 games (2718/h, eta 7m)
  [s3-no_q_rr-ET-nc2] 55/384 games (2716/h, eta 7m)
  [s3-no_q_rr-ET-nc2] 56/384 games (2721/h, eta 7m)
  [s3-no_q_rr-ET-nc2] 57/384 games (2690/h, eta 7m)
  [s3-no_q_rr-ET-nc2] 58/384 games (2693/h, eta 7m)
  [s3-no_q_rr-ET-nc2] 59/384 games (2739/h, eta 7m)
  [s3-no_q_rr-ET-nc2] 60/384 games (2769/h, eta 7m)
  [s3-no_q_rr-ET-nc2] 61/384 games (2757/h, eta 7m)
  [s3-no_q_rr-ET-nc2] 62/384 games (2797/h, eta 7m)
  [s3-no_q_rr-ET-nc2] 63/384 games (2762/h, eta 7m)
  [s3-no_q_rr-ET-nc2] 64/384 games (2787/h, eta 7m)
  [s3-no_q_rr-ET-nc2] 65/384 games (2804/h, eta 7m)
  [s3-no_q_rr-ET-nc2] 66/384 games (2796/h, eta 7m)
  [s3-no_q_rr-ET-nc2] 67/384 games (2828/h, eta 7m)
  [s3-no_q_rr-ET-nc2] 68/384 games (2850/h, eta 7m)
  [s3-no_q_rr-ET-nc2] 69/384 games (2823/h, eta 7m)
  [s3-no_q_rr-ET-nc2] 70/384 games (2829/h, eta 7m)
  [s3-no_q_rr-ET-nc2] 71/384 games (2850/h, eta 7m)
  [s3-no_q_rr-ET-nc2] 72/384 games (2772/h, eta 7m)
  [s3-no_q_rr-ET-nc2] 73/384 games (2773/h, eta 7m)
  [s3-no_q_rr-ET-nc2] 74/384 games (2810/h, eta 7m)
  [s3-no_q_rr-ET-nc2] 75/384 games (2772/h, eta 7m)
  [s3-no_q_rr-ET-nc2] 76/384 games (2783/h, eta 7m)
  [s3-no_q_rr-ET-nc2] 77/384 games (2759/h, eta 7m)
  [s3-no_q_rr-ET-nc2] 78/384 games (2789/h, eta 7m)
  [s3-no_q_rr-ET-nc2] 79/384 games (2678/h, eta 7m)
  [s3-no_q_rr-ET-nc2] 80/384 games (2684/h, eta 7m)
  [s3-no_q_rr-ET-nc2] 81/384 games (2682/h, eta 7m)
  [s3-no_q_rr-ET-nc2] 82/384 games (2682/h, eta 7m)
  [s3-no_q_rr-ET-nc2] 83/384 games (2711/h, eta 7m)
  [s3-no_q_rr-ET-nc2] 84/384 games (2731/h, eta 7m)
  [s3-no_q_rr-ET-nc2] 85/384 games (2745/h, eta 7m)
  [s3-no_q_rr-ET-nc2] 86/384 games (2770/h, eta 6m)
  [s3-no_q_rr-ET-nc2] 87/384 games (2778/h, eta 6m)
  [s3-no_q_rr-ET-nc2] 88/384 games (2759/h, eta 6m)
  [s3-no_q_rr-ET-nc2] 89/384 games (2751/h, eta 6m)
  [s3-no_q_rr-ET-nc2] 90/384 games (2763/h, eta 6m)
  [s3-no_q_rr-ET-nc2] 91/384 games (2790/h, eta 6m)
  [s3-no_q_rr-ET-nc2] 92/384 games (2812/h, eta 6m)
  [s3-no_q_rr-ET-nc2] 93/384 games (2815/h, eta 6m)
  [s3-no_q_rr-ET-nc2] 94/384 games (2825/h, eta 6m)
  [s3-no_q_rr-ET-nc2] 95/384 games (2785/h, eta 6m)
  [s3-no_q_rr-ET-nc2] 96/384 games (2812/h, eta 6m)
  [s3-no_q_rr-ET-nc2] 97/384 games (2819/h, eta 6m)
  [s3-no_q_rr-ET-nc2] 98/384 games (2802/h, eta 6m)
  [s3-no_q_rr-ET-nc2] 99/384 games (2808/h, eta 6m)
  [s3-no_q_rr-ET-nc2] 100/384 games (2811/h, eta 6m)
  [s3-no_q_rr-ET-nc2] 101/384 games (2823/h, eta 6m)
  [s3-no_q_rr-ET-nc2] 102/384 games (2841/h, eta 6m)
  [s3-no_q_rr-ET-nc2] 103/384 games (2851/h, eta 6m)
  [s3-no_q_rr-ET-nc2] 104/384 games (2852/h, eta 6m)
  [s3-no_q_rr-ET-nc2] 105/384 games (2854/h, eta 6m)
  [s3-no_q_rr-ET-nc2] 106/384 games (2818/h, eta 6m)
  [s3-no_q_rr-ET-nc2] 107/384 games (2819/h, eta 6m)
  [s3-no_q_rr-ET-nc2] 108/384 games (2821/h, eta 6m)
  [s3-no_q_rr-ET-nc2] 109/384 games (2839/h, eta 6m)
  [s3-no_q_rr-ET-nc2] 110/384 games (2819/h, eta 6m)
  [s3-no_q_rr-ET-nc2] 111/384 games (2835/h, eta 6m)
  [s3-no_q_rr-ET-nc2] 112/384 games (2832/h, eta 6m)
  [s3-no_q_rr-ET-nc2] 113/384 games (2852/h, eta 6m)
  [s3-no_q_rr-ET-nc2] 114/384 games (2866/h, eta 6m)
  [s3-no_q_rr-ET-nc2] 115/384 games (2866/h, eta 6m)
  [s3-no_q_rr-ET-nc2] 116/384 games (2880/h, eta 6m)
  [s3-no_q_rr-ET-nc2] 117/384 games (2883/h, eta 6m)
  [s3-no_q_rr-ET-nc2] 118/384 games (2858/h, eta 6m)
  [s3-no_q_rr-ET-nc2] 119/384 games (2870/h, eta 6m)
  [s3-no_q_rr-ET-nc2] 120/384 games (2885/h, eta 5m)
  [s3-no_q_rr-ET-nc2] 121/384 games (2908/h, eta 5m)
  [s3-no_q_rr-ET-nc2] 122/384 games (2916/h, eta 5m)
  [s3-no_q_rr-ET-nc2] 123/384 games (2910/h, eta 5m)
  [s3-no_q_rr-ET-nc2] 124/384 games (2859/h, eta 5m)
  [s3-no_q_rr-ET-nc2] 125/384 games (2876/h, eta 5m)
  [s3-no_q_rr-ET-nc2] 126/384 games (2899/h, eta 5m)
  [s3-no_q_rr-ET-nc2] 127/384 games (2899/h, eta 5m)
  [s3-no_q_rr-ET-nc2] 128/384 games (2914/h, eta 5m)
  [s3-no_q_rr-ET-nc2] 129/384 games (2906/h, eta 5m)
  [s3-no_q_rr-ET-nc2] 130/384 games (2873/h, eta 5m)
  [s3-no_q_rr-ET-nc2] 131/384 games (2835/h, eta 5m)
  [s3-no_q_rr-ET-nc2] 132/384 games (2841/h, eta 5m)
  [s3-no_q_rr-ET-nc2] 133/384 games (2850/h, eta 5m)
  [s3-no_q_rr-ET-nc2] 134/384 games (2855/h, eta 5m)
  [s3-no_q_rr-ET-nc2] 135/384 games (2867/h, eta 5m)
  [s3-no_q_rr-ET-nc2] 136/384 games (2884/h, eta 5m)
  [s3-no_q_rr-ET-nc2] 137/384 games (2870/h, eta 5m)
  [s3-no_q_rr-ET-nc2] 138/384 games (2879/h, eta 5m)
  [s3-no_q_rr-ET-nc2] 139/384 games (2872/h, eta 5m)
  [s3-no_q_rr-ET-nc2] 140/384 games (2885/h, eta 5m)
  [s3-no_q_rr-ET-nc2] 141/384 games (2895/h, eta 5m)
  [s3-no_q_rr-ET-nc2] 142/384 games (2909/h, eta 5m)
  [s3-no_q_rr-ET-nc2] 143/384 games (2929/h, eta 5m)
  [s3-no_q_rr-ET-nc2] 144/384 games (2917/h, eta 5m)
  [s3-no_q_rr-ET-nc2] 145/384 games (2912/h, eta 5m)
  [s3-no_q_rr-ET-nc2] 146/384 games (2921/h, eta 5m)
  [s3-no_q_rr-ET-nc2] 147/384 games (2937/h, eta 5m)
  [s3-no_q_rr-ET-nc2] 148/384 games (2925/h, eta 5m)
  [s3-no_q_rr-ET-nc2] 149/384 games (2930/h, eta 5m)
  [s3-no_q_rr-ET-nc2] 150/384 games (2905/h, eta 5m)
  [s3-no_q_rr-ET-nc2] 151/384 games (2911/h, eta 5m)
  [s3-no_q_rr-ET-nc2] 152/384 games (2902/h, eta 5m)
  [s3-no_q_rr-ET-nc2] 153/384 games (2791/h, eta 5m)
  [s3-no_q_rr-ET-nc2] 154/384 games (2801/h, eta 5m)
  [s3-no_q_rr-ET-nc2] 155/384 games (2818/h, eta 5m)
  [s3-no_q_rr-ET-nc2] 156/384 games (2824/h, eta 5m)
  [s3-no_q_rr-ET-nc2] 157/384 games (2817/h, eta 5m)
  [s3-no_q_rr-ET-nc2] 158/384 games (2834/h, eta 5m)
  [s3-no_q_rr-ET-nc2] 159/384 games (2843/h, eta 5m)
  [s3-no_q_rr-ET-nc2] 160/384 games (2857/h, eta 5m)
  [s3-no_q_rr-ET-nc2] 161/384 games (2861/h, eta 5m)
  [s3-no_q_rr-ET-nc2] 162/384 games (2860/h, eta 5m)
  [s3-no_q_rr-ET-nc2] 163/384 games (2850/h, eta 5m)
  [s3-no_q_rr-ET-nc2] 164/384 games (2861/h, eta 5m)
  [s3-no_q_rr-ET-nc2] 165/384 games (2872/h, eta 5m)
  [s3-no_q_rr-ET-nc2] 166/384 games (2873/h, eta 5m)
  [s3-no_q_rr-ET-nc2] 167/384 games (2875/h, eta 5m)
  [s3-no_q_rr-ET-nc2] 168/384 games (2883/h, eta 4m)
  [s3-no_q_rr-ET-nc2] 169/384 games (2892/h, eta 4m)
  [s3-no_q_rr-ET-nc2] 170/384 games (2904/h, eta 4m)
  [s3-no_q_rr-ET-nc2] 171/384 games (2912/h, eta 4m)
  [s3-no_q_rr-ET-nc2] 172/384 games (2928/h, eta 4m)
  [s3-no_q_rr-ET-nc2] 173/384 games (2934/h, eta 4m)
  [s3-no_q_rr-ET-nc2] 174/384 games (2947/h, eta 4m)
  [s3-no_q_rr-ET-nc2] 175/384 games (2919/h, eta 4m)
  [s3-no_q_rr-ET-nc2] 176/384 games (2919/h, eta 4m)
  [s3-no_q_rr-ET-nc2] 177/384 games (2881/h, eta 4m)
  [s3-no_q_rr-ET-nc2] 178/384 games (2879/h, eta 4m)
  [s3-no_q_rr-ET-nc2] 179/384 games (2893/h, eta 4m)
  [s3-no_q_rr-ET-nc2] 180/384 games (2901/h, eta 4m)
  [s3-no_q_rr-ET-nc2] 181/384 games (2912/h, eta 4m)
  [s3-no_q_rr-ET-nc2] 182/384 games (2906/h, eta 4m)
  [s3-no_q_rr-ET-nc2] 183/384 games (2898/h, eta 4m)
  [s3-no_q_rr-ET-nc2] 184/384 games (2873/h, eta 4m)
  [s3-no_q_rr-ET-nc2] 185/384 games (2840/h, eta 4m)
  [s3-no_q_rr-ET-nc2] 186/384 games (2856/h, eta 4m)
  [s3-no_q_rr-ET-nc2] 187/384 games (2860/h, eta 4m)
  [s3-no_q_rr-ET-nc2] 188/384 games (2841/h, eta 4m)
  [s3-no_q_rr-ET-nc2] 189/384 games (2848/h, eta 4m)
  [s3-no_q_rr-ET-nc2] 190/384 games (2863/h, eta 4m)
  [s3-no_q_rr-ET-nc2] 191/384 games (2875/h, eta 4m)
  [s3-no_q_rr-ET-nc2] 192/384 games (2871/h, eta 4m)
  [s3-no_q_rr-ET-nc2] 193/384 games (2881/h, eta 4m)
  [s3-no_q_rr-ET-nc2] 194/384 games (2876/h, eta 4m)
  [s3-no_q_rr-ET-nc2] 195/384 games (2818/h, eta 4m)
  [s3-no_q_rr-ET-nc2] 196/384 games (2828/h, eta 4m)
  [s3-no_q_rr-ET-nc2] 197/384 games (2834/h, eta 4m)
  [s3-no_q_rr-ET-nc2] 198/384 games (2826/h, eta 4m)
  [s3-no_q_rr-ET-nc2] 199/384 games (2835/h, eta 4m)
  [s3-no_q_rr-ET-nc2] 200/384 games (2845/h, eta 4m)
  [s3-no_q_rr-ET-nc2] 201/384 games (2847/h, eta 4m)
  [s3-no_q_rr-ET-nc2] 202/384 games (2855/h, eta 4m)
  [s3-no_q_rr-ET-nc2] 203/384 games (2858/h, eta 4m)
  [s3-no_q_rr-ET-nc2] 204/384 games (2854/h, eta 4m)
  [s3-no_q_rr-ET-nc2] 205/384 games (2867/h, eta 4m)
  [s3-no_q_rr-ET-nc2] 206/384 games (2873/h, eta 4m)
  [s3-no_q_rr-ET-nc2] 207/384 games (2878/h, eta 4m)
  [s3-no_q_rr-ET-nc2] 208/384 games (2866/h, eta 4m)
  [s3-no_q_rr-ET-nc2] 209/384 games (2844/h, eta 4m)
  [s3-no_q_rr-ET-nc2] 210/384 games (2857/h, eta 4m)
  [s3-no_q_rr-ET-nc2] 211/384 games (2867/h, eta 4m)
  [s3-no_q_rr-ET-nc2] 212/384 games (2873/h, eta 4m)
  [s3-no_q_rr-ET-nc2] 213/384 games (2841/h, eta 4m)
  [s3-no_q_rr-ET-nc2] 214/384 games (2834/h, eta 4m)
  [s3-no_q_rr-ET-nc2] 215/384 games (2821/h, eta 4m)
  [s3-no_q_rr-ET-nc2] 216/384 games (2821/h, eta 4m)
  [s3-no_q_rr-ET-nc2] 217/384 games (2834/h, eta 4m)
  [s3-no_q_rr-ET-nc2] 218/384 games (2827/h, eta 4m)
  [s3-no_q_rr-ET-nc2] 219/384 games (2819/h, eta 4m)
  [s3-no_q_rr-ET-nc2] 220/384 games (2802/h, eta 4m)
  [s3-no_q_rr-ET-nc2] 221/384 games (2809/h, eta 3m)
  [s3-no_q_rr-ET-nc2] 222/384 games (2801/h, eta 3m)
  [s3-no_q_rr-ET-nc2] 223/384 games (2814/h, eta 3m)
  [s3-no_q_rr-ET-nc2] 224/384 games (2789/h, eta 3m)
  [s3-no_q_rr-ET-nc2] 225/384 games (2799/h, eta 3m)
  [s3-no_q_rr-ET-nc2] 226/384 games (2797/h, eta 3m)
  [s3-no_q_rr-ET-nc2] 227/384 games (2809/h, eta 3m)
  [s3-no_q_rr-ET-nc2] 228/384 games (2796/h, eta 3m)
  [s3-no_q_rr-ET-nc2] 229/384 games (2803/h, eta 3m)
  [s3-no_q_rr-ET-nc2] 230/384 games (2788/h, eta 3m)
  [s3-no_q_rr-ET-nc2] 231/384 games (2789/h, eta 3m)
  [s3-no_q_rr-ET-nc2] 232/384 games (2798/h, eta 3m)
  [s3-no_q_rr-ET-nc2] 233/384 games (2805/h, eta 3m)
  [s3-no_q_rr-ET-nc2] 234/384 games (2810/h, eta 3m)
  [s3-no_q_rr-ET-nc2] 235/384 games (2816/h, eta 3m)
  [s3-no_q_rr-ET-nc2] 236/384 games (2817/h, eta 3m)
  [s3-no_q_rr-ET-nc2] 237/384 games (2826/h, eta 3m)
  [s3-no_q_rr-ET-nc2] 238/384 games (2831/h, eta 3m)
  [s3-no_q_rr-ET-nc2] 239/384 games (2836/h, eta 3m)
  [s3-no_q_rr-ET-nc2] 240/384 games (2825/h, eta 3m)
  [s3-no_q_rr-ET-nc2] 241/384 games (2822/h, eta 3m)
  [s3-no_q_rr-ET-nc2] 242/384 games (2832/h, eta 3m)
  [s3-no_q_rr-ET-nc2] 243/384 games (2827/h, eta 3m)
  [s3-no_q_rr-ET-nc2] 244/384 games (2832/h, eta 3m)
  [s3-no_q_rr-ET-nc2] 245/384 games (2828/h, eta 3m)
  [s3-no_q_rr-ET-nc2] 246/384 games (2839/h, eta 3m)
  [s3-no_q_rr-ET-nc2] 247/384 games (2827/h, eta 3m)
  [s3-no_q_rr-ET-nc2] 248/384 games (2827/h, eta 3m)
  [s3-no_q_rr-ET-nc2] 249/384 games (2829/h, eta 3m)
  [s3-no_q_rr-ET-nc2] 250/384 games (2819/h, eta 3m)
  [s3-no_q_rr-ET-nc2] 251/384 games (2825/h, eta 3m)
  [s3-no_q_rr-ET-nc2] 252/384 games (2832/h, eta 3m)
  [s3-no_q_rr-ET-nc2] 253/384 games (2834/h, eta 3m)
  [s3-no_q_rr-ET-nc2] 254/384 games (2838/h, eta 3m)
  [s3-no_q_rr-ET-nc2] 255/384 games (2845/h, eta 3m)
  [s3-no_q_rr-ET-nc2] 256/384 games (2825/h, eta 3m)
  [s3-no_q_rr-ET-nc2] 257/384 games (2836/h, eta 3m)
  [s3-no_q_rr-ET-nc2] 258/384 games (2844/h, eta 3m)
  [s3-no_q_rr-ET-nc2] 259/384 games (2850/h, eta 3m)
  [s3-no_q_rr-ET-nc2] 260/384 games (2858/h, eta 3m)
  [s3-no_q_rr-ET-nc2] 261/384 games (2858/h, eta 3m)
  [s3-no_q_rr-ET-nc2] 262/384 games (2859/h, eta 3m)
  [s3-no_q_rr-ET-nc2] 263/384 games (2865/h, eta 3m)
  [s3-no_q_rr-ET-nc2] 264/384 games (2863/h, eta 3m)
  [s3-no_q_rr-ET-nc2] 265/384 games (2849/h, eta 3m)
  [s3-no_q_rr-ET-nc2] 266/384 games (2852/h, eta 2m)
  [s3-no_q_rr-ET-nc2] 267/384 games (2851/h, eta 2m)
  [s3-no_q_rr-ET-nc2] 268/384 games (2861/h, eta 2m)
  [s3-no_q_rr-ET-nc2] 269/384 games (2866/h, eta 2m)
  [s3-no_q_rr-ET-nc2] 270/384 games (2870/h, eta 2m)
  [s3-no_q_rr-ET-nc2] 271/384 games (2872/h, eta 2m)
  [s3-no_q_rr-ET-nc2] 272/384 games (2880/h, eta 2m)
  [s3-no_q_rr-ET-nc2] 273/384 games (2840/h, eta 2m)
  [s3-no_q_rr-ET-nc2] 274/384 games (2838/h, eta 2m)
  [s3-no_q_rr-ET-nc2] 275/384 games (2832/h, eta 2m)
  [s3-no_q_rr-ET-nc2] 276/384 games (2828/h, eta 2m)
  [s3-no_q_rr-ET-nc2] 277/384 games (2833/h, eta 2m)
  [s3-no_q_rr-ET-nc2] 278/384 games (2832/h, eta 2m)
  [s3-no_q_rr-ET-nc2] 279/384 games (2840/h, eta 2m)
  [s3-no_q_rr-ET-nc2] 280/384 games (2848/h, eta 2m)
  [s3-no_q_rr-ET-nc2] 281/384 games (2850/h, eta 2m)
  [s3-no_q_rr-ET-nc2] 282/384 games (2835/h, eta 2m)
  [s3-no_q_rr-ET-nc2] 283/384 games (2845/h, eta 2m)
  [s3-no_q_rr-ET-nc2] 284/384 games (2854/h, eta 2m)
  [s3-no_q_rr-ET-nc2] 285/384 games (2863/h, eta 2m)
  [s3-no_q_rr-ET-nc2] 286/384 games (2859/h, eta 2m)
  [s3-no_q_rr-ET-nc2] 287/384 games (2859/h, eta 2m)
  [s3-no_q_rr-ET-nc2] 288/384 games (2861/h, eta 2m)
  [s3-no_q_rr-ET-nc2] 289/384 games (2863/h, eta 2m)
  [s3-no_q_rr-ET-nc2] 290/384 games (2850/h, eta 2m)
  [s3-no_q_rr-ET-nc2] 291/384 games (2856/h, eta 2m)
  [s3-no_q_rr-ET-nc2] 292/384 games (2857/h, eta 2m)
  [s3-no_q_rr-ET-nc2] 293/384 games (2863/h, eta 2m)
  [s3-no_q_rr-ET-nc2] 294/384 games (2839/h, eta 2m)
  [s3-no_q_rr-ET-nc2] 295/384 games (2842/h, eta 2m)
  [s3-no_q_rr-ET-nc2] 296/384 games (2845/h, eta 2m)
  [s3-no_q_rr-ET-nc2] 297/384 games (2848/h, eta 2m)
  [s3-no_q_rr-ET-nc2] 298/384 games (2853/h, eta 2m)
  [s3-no_q_rr-ET-nc2] 299/384 games (2849/h, eta 2m)
  [s3-no_q_rr-ET-nc2] 300/384 games (2839/h, eta 2m)
  [s3-no_q_rr-ET-nc2] 301/384 games (2828/h, eta 2m)
  [s3-no_q_rr-ET-nc2] 302/384 games (2837/h, eta 2m)
  [s3-no_q_rr-ET-nc2] 303/384 games (2822/h, eta 2m)
  [s3-no_q_rr-ET-nc2] 304/384 games (2831/h, eta 2m)
  [s3-no_q_rr-ET-nc2] 305/384 games (2839/h, eta 2m)
  [s3-no_q_rr-ET-nc2] 306/384 games (2845/h, eta 2m)
  [s3-no_q_rr-ET-nc2] 307/384 games (2848/h, eta 2m)
  [s3-no_q_rr-ET-nc2] 308/384 games (2849/h, eta 2m)
  [s3-no_q_rr-ET-nc2] 309/384 games (2851/h, eta 2m)
  [s3-no_q_rr-ET-nc2] 310/384 games (2857/h, eta 2m)
  [s3-no_q_rr-ET-nc2] 311/384 games (2854/h, eta 2m)
  [s3-no_q_rr-ET-nc2] 312/384 games (2862/h, eta 2m)
  [s3-no_q_rr-ET-nc2] 313/384 games (2858/h, eta 1m)
  [s3-no_q_rr-ET-nc2] 314/384 games (2847/h, eta 1m)
  [s3-no_q_rr-ET-nc2] 315/384 games (2848/h, eta 1m)
  [s3-no_q_rr-ET-nc2] 316/384 games (2834/h, eta 1m)
  [s3-no_q_rr-ET-nc2] 317/384 games (2831/h, eta 1m)
  [s3-no_q_rr-ET-nc2] 318/384 games (2805/h, eta 1m)
  [s3-no_q_rr-ET-nc2] 319/384 games (2805/h, eta 1m)
  [s3-no_q_rr-ET-nc2] 320/384 games (2811/h, eta 1m)
  [s3-no_q_rr-ET-nc2] 321/384 games (2819/h, eta 1m)
  [s3-no_q_rr-ET-nc2] 322/384 games (2826/h, eta 1m)
  [s3-no_q_rr-ET-nc2] 323/384 games (2828/h, eta 1m)
  [s3-no_q_rr-ET-nc2] 324/384 games (2836/h, eta 1m)
  [s3-no_q_rr-ET-nc2] 325/384 games (2842/h, eta 1m)
  [s3-no_q_rr-ET-nc2] 326/384 games (2832/h, eta 1m)
  [s3-no_q_rr-ET-nc2] 327/384 games (2839/h, eta 1m)
  [s3-no_q_rr-ET-nc2] 328/384 games (2830/h, eta 1m)
  [s3-no_q_rr-ET-nc2] 329/384 games (2828/h, eta 1m)
  [s3-no_q_rr-ET-nc2] 330/384 games (2834/h, eta 1m)
  [s3-no_q_rr-ET-nc2] 331/384 games (2828/h, eta 1m)
  [s3-no_q_rr-ET-nc2] 332/384 games (2835/h, eta 1m)
  [s3-no_q_rr-ET-nc2] 333/384 games (2841/h, eta 1m)
  [s3-no_q_rr-ET-nc2] 334/384 games (2837/h, eta 1m)
  [s3-no_q_rr-ET-nc2] 335/384 games (2823/h, eta 1m)
  [s3-no_q_rr-ET-nc2] 336/384 games (2817/h, eta 1m)
  [s3-no_q_rr-ET-nc2] 337/384 games (2815/h, eta 1m)
  [s3-no_q_rr-ET-nc2] 338/384 games (2804/h, eta 1m)
  [s3-no_q_rr-ET-nc2] 339/384 games (2812/h, eta 1m)
  [s3-no_q_rr-ET-nc2] 340/384 games (2816/h, eta 1m)
  [s3-no_q_rr-ET-nc2] 341/384 games (2818/h, eta 1m)
  [s3-no_q_rr-ET-nc2] 342/384 games (2821/h, eta 1m)
  [s3-no_q_rr-ET-nc2] 343/384 games (2819/h, eta 1m)
  [s3-no_q_rr-ET-nc2] 344/384 games (2812/h, eta 1m)
  [s3-no_q_rr-ET-nc2] 345/384 games (2815/h, eta 1m)
  [s3-no_q_rr-ET-nc2] 346/384 games (2810/h, eta 1m)
  [s3-no_q_rr-ET-nc2] 347/384 games (2803/h, eta 1m)
  [s3-no_q_rr-ET-nc2] 348/384 games (2803/h, eta 1m)
  [s3-no_q_rr-ET-nc2] 349/384 games (2805/h, eta 1m)
  [s3-no_q_rr-ET-nc2] 350/384 games (2777/h, eta 1m)
  [s3-no_q_rr-ET-nc2] 351/384 games (2779/h, eta 1m)
  [s3-no_q_rr-ET-nc2] 352/384 games (2785/h, eta 1m)
  [s3-no_q_rr-ET-nc2] 353/384 games (2792/h, eta 1m)
  [s3-no_q_rr-ET-nc2] 354/384 games (2791/h, eta 1m)
  [s3-no_q_rr-ET-nc2] 355/384 games (2797/h, eta 1m)
  [s3-no_q_rr-ET-nc2] 356/384 games (2790/h, eta 1m)
  [s3-no_q_rr-ET-nc2] 357/384 games (2797/h, eta 1m)
  [s3-no_q_rr-ET-nc2] 358/384 games (2797/h, eta 1m)
  [s3-no_q_rr-ET-nc2] 359/384 games (2804/h, eta 1m)
  [s3-no_q_rr-ET-nc2] 360/384 games (2804/h, eta 1m)
  [s3-no_q_rr-ET-nc2] 361/384 games (2792/h, eta 0m)
  [s3-no_q_rr-ET-nc2] 362/384 games (2799/h, eta 0m)
  [s3-no_q_rr-ET-nc2] 363/384 games (2806/h, eta 0m)
  [s3-no_q_rr-ET-nc2] 364/384 games (2798/h, eta 0m)
  [s3-no_q_rr-ET-nc2] 365/384 games (2805/h, eta 0m)
  [s3-no_q_rr-ET-nc2] 366/384 games (2810/h, eta 0m)
  [s3-no_q_rr-ET-nc2] 367/384 games (2806/h, eta 0m)
  [s3-no_q_rr-ET-nc2] 368/384 games (2812/h, eta 0m)
  [s3-no_q_rr-ET-nc2] 369/384 games (2805/h, eta 0m)
  [s3-no_q_rr-ET-nc2] 370/384 games (2807/h, eta 0m)
  [s3-no_q_rr-ET-nc2] 371/384 games (2799/h, eta 0m)
  [s3-no_q_rr-ET-nc2] 372/384 games (2797/h, eta 0m)
  [s3-no_q_rr-ET-nc2] 373/384 games (2797/h, eta 0m)
  [s3-no_q_rr-ET-nc2] 374/384 games (2797/h, eta 0m)
  [s3-no_q_rr-ET-nc2] 375/384 games (2803/h, eta 0m)
  [s3-no_q_rr-ET-nc2] 376/384 games (2800/h, eta 0m)
  [s3-no_q_rr-ET-nc2] 377/384 games (2791/h, eta 0m)
  [s3-no_q_rr-ET-nc2] 378/384 games (2797/h, eta 0m)
  [s3-no_q_rr-ET-nc2] 379/384 games (2790/h, eta 0m)
  [s3-no_q_rr-ET-nc2] 380/384 games (2791/h, eta 0m)
  [s3-no_q_rr-ET-nc2] 381/384 games (2794/h, eta 0m)
  [s3-no_q_rr-ET-nc2] 382/384 games (2795/h, eta 0m)
  [s3-no_q_rr-ET-nc2] 383/384 games (2796/h, eta 0m)
  [s3-no_q_rr-ET-nc2] 384/384 games (2792/h, eta 0m)
== s3-no_q_rr-ET-dp2 -> experiments/results/perturbation/s3-no_q_rr-ET-dp2.jsonl
  [s3-no_q_rr-ET-dp2] 1/384 games (1207/h, eta 19m)
  [s3-no_q_rr-ET-dp2] 2/384 games (1870/h, eta 12m)
  [s3-no_q_rr-ET-dp2] 3/384 games (793/h, eta 29m)
  [s3-no_q_rr-ET-dp2] 4/384 games (767/h, eta 30m)
  [s3-no_q_rr-ET-dp2] 5/384 games (922/h, eta 25m)
  [s3-no_q_rr-ET-dp2] 6/384 games (977/h, eta 23m)
  [s3-no_q_rr-ET-dp2] 7/384 games (1042/h, eta 22m)
  [s3-no_q_rr-ET-dp2] 8/384 games (1052/h, eta 21m)
  [s3-no_q_rr-ET-dp2] 9/384 games (1168/h, eta 19m)
  [s3-no_q_rr-ET-dp2] 10/384 games (1297/h, eta 17m)
  [s3-no_q_rr-ET-dp2] 11/384 games (1335/h, eta 17m)
  [s3-no_q_rr-ET-dp2] 12/384 games (1355/h, eta 16m)
  [s3-no_q_rr-ET-dp2] 13/384 games (1358/h, eta 16m)
  [s3-no_q_rr-ET-dp2] 14/384 games (1430/h, eta 16m)
  [s3-no_q_rr-ET-dp2] 15/384 games (1479/h, eta 15m)
  [s3-no_q_rr-ET-dp2] 16/384 games (1577/h, eta 14m)
  [s3-no_q_rr-ET-dp2] 17/384 games (1646/h, eta 13m)
  [s3-no_q_rr-ET-dp2] 18/384 games (1735/h, eta 13m)
  [s3-no_q_rr-ET-dp2] 19/384 games (1819/h, eta 12m)
  [s3-no_q_rr-ET-dp2] 20/384 games (1894/h, eta 12m)
  [s3-no_q_rr-ET-dp2] 21/384 games (1976/h, eta 11m)
  [s3-no_q_rr-ET-dp2] 22/384 games (1987/h, eta 11m)
  [s3-no_q_rr-ET-dp2] 23/384 games (2062/h, eta 11m)
  [s3-no_q_rr-ET-dp2] 24/384 games (2045/h, eta 11m)
  [s3-no_q_rr-ET-dp2] 25/384 games (2034/h, eta 11m)
  [s3-no_q_rr-ET-dp2] 26/384 games (1908/h, eta 11m)
  [s3-no_q_rr-ET-dp2] 27/384 games (1953/h, eta 11m)
  [s3-no_q_rr-ET-dp2] 28/384 games (1864/h, eta 11m)
  [s3-no_q_rr-ET-dp2] 29/384 games (1920/h, eta 11m)
  [s3-no_q_rr-ET-dp2] 30/384 games (1981/h, eta 11m)
  [s3-no_q_rr-ET-dp2] 31/384 games (1996/h, eta 11m)
  [s3-no_q_rr-ET-dp2] 32/384 games (2020/h, eta 10m)
  [s3-no_q_rr-ET-dp2] 33/384 games (2066/h, eta 10m)
  [s3-no_q_rr-ET-dp2] 34/384 games (2094/h, eta 10m)
  [s3-no_q_rr-ET-dp2] 35/384 games (2144/h, eta 10m)
  [s3-no_q_rr-ET-dp2] 36/384 games (2123/h, eta 10m)
  [s3-no_q_rr-ET-dp2] 37/384 games (2138/h, eta 10m)
  [s3-no_q_rr-ET-dp2] 38/384 games (2164/h, eta 10m)
  [s3-no_q_rr-ET-dp2] 39/384 games (2172/h, eta 10m)
  [s3-no_q_rr-ET-dp2] 40/384 games (2159/h, eta 10m)
  [s3-no_q_rr-ET-dp2] 41/384 games (2204/h, eta 9m)
  [s3-no_q_rr-ET-dp2] 42/384 games (2207/h, eta 9m)
  [s3-no_q_rr-ET-dp2] 43/384 games (2185/h, eta 9m)
  [s3-no_q_rr-ET-dp2] 44/384 games (2207/h, eta 9m)
  [s3-no_q_rr-ET-dp2] 45/384 games (2215/h, eta 9m)
  [s3-no_q_rr-ET-dp2] 46/384 games (2184/h, eta 9m)
  [s3-no_q_rr-ET-dp2] 47/384 games (2223/h, eta 9m)
  [s3-no_q_rr-ET-dp2] 48/384 games (2265/h, eta 9m)
  [s3-no_q_rr-ET-dp2] 49/384 games (2300/h, eta 9m)
  [s3-no_q_rr-ET-dp2] 50/384 games (2288/h, eta 9m)
  [s3-no_q_rr-ET-dp2] 51/384 games (2331/h, eta 9m)
  [s3-no_q_rr-ET-dp2] 52/384 games (2374/h, eta 8m)
  [s3-no_q_rr-ET-dp2] 53/384 games (2416/h, eta 8m)
  [s3-no_q_rr-ET-dp2] 54/384 games (2406/h, eta 8m)
  [s3-no_q_rr-ET-dp2] 55/384 games (2439/h, eta 8m)
  [s3-no_q_rr-ET-dp2] 56/384 games (2470/h, eta 8m)
  [s3-no_q_rr-ET-dp2] 57/384 games (2494/h, eta 8m)
  [s3-no_q_rr-ET-dp2] 58/384 games (2531/h, eta 8m)
  [s3-no_q_rr-ET-dp2] 59/384 games (2373/h, eta 8m)
  [s3-no_q_rr-ET-dp2] 60/384 games (2350/h, eta 8m)
  [s3-no_q_rr-ET-dp2] 61/384 games (2360/h, eta 8m)
  [s3-no_q_rr-ET-dp2] 62/384 games (2392/h, eta 8m)
  [s3-no_q_rr-ET-dp2] 63/384 games (2412/h, eta 8m)
  [s3-no_q_rr-ET-dp2] 64/384 games (2436/h, eta 8m)
  [s3-no_q_rr-ET-dp2] 65/384 games (2459/h, eta 8m)
  [s3-no_q_rr-ET-dp2] 66/384 games (2388/h, eta 8m)
  [s3-no_q_rr-ET-dp2] 67/384 games (2402/h, eta 8m)
  [s3-no_q_rr-ET-dp2] 68/384 games (2299/h, eta 8m)
  [s3-no_q_rr-ET-dp2] 69/384 games (2332/h, eta 8m)
  [s3-no_q_rr-ET-dp2] 70/384 games (2344/h, eta 8m)
  [s3-no_q_rr-ET-dp2] 71/384 games (2307/h, eta 8m)
  [s3-no_q_rr-ET-dp2] 72/384 games (2308/h, eta 8m)
  [s3-no_q_rr-ET-dp2] 73/384 games (2338/h, eta 8m)
  [s3-no_q_rr-ET-dp2] 74/384 games (2365/h, eta 8m)
  [s3-no_q_rr-ET-dp2] 75/384 games (2380/h, eta 8m)
  [s3-no_q_rr-ET-dp2] 76/384 games (2394/h, eta 8m)
  [s3-no_q_rr-ET-dp2] 77/384 games (2415/h, eta 8m)
  [s3-no_q_rr-ET-dp2] 78/384 games (2420/h, eta 8m)
  [s3-no_q_rr-ET-dp2] 79/384 games (2392/h, eta 8m)
  [s3-no_q_rr-ET-dp2] 80/384 games (2391/h, eta 8m)
  [s3-no_q_rr-ET-dp2] 81/384 games (2413/h, eta 8m)
  [s3-no_q_rr-ET-dp2] 82/384 games (2438/h, eta 7m)
  [s3-no_q_rr-ET-dp2] 83/384 games (2462/h, eta 7m)
  [s3-no_q_rr-ET-dp2] 84/384 games (2413/h, eta 7m)
  [s3-no_q_rr-ET-dp2] 85/384 games (2424/h, eta 7m)
  [s3-no_q_rr-ET-dp2] 86/384 games (2435/h, eta 7m)
  [s3-no_q_rr-ET-dp2] 87/384 games (2380/h, eta 7m)
  [s3-no_q_rr-ET-dp2] 88/384 games (2381/h, eta 7m)
  [s3-no_q_rr-ET-dp2] 89/384 games (2377/h, eta 7m)
  [s3-no_q_rr-ET-dp2] 90/384 games (2354/h, eta 7m)
  [s3-no_q_rr-ET-dp2] 91/384 games (2347/h, eta 7m)
  [s3-no_q_rr-ET-dp2] 92/384 games (2366/h, eta 7m)
  [s3-no_q_rr-ET-dp2] 93/384 games (2342/h, eta 7m)
  [s3-no_q_rr-ET-dp2] 94/384 games (2349/h, eta 7m)
  [s3-no_q_rr-ET-dp2] 95/384 games (2372/h, eta 7m)
  [s3-no_q_rr-ET-dp2] 96/384 games (2389/h, eta 7m)
  [s3-no_q_rr-ET-dp2] 97/384 games (2411/h, eta 7m)
  [s3-no_q_rr-ET-dp2] 98/384 games (2422/h, eta 7m)
  [s3-no_q_rr-ET-dp2] 99/384 games (2403/h, eta 7m)
  [s3-no_q_rr-ET-dp2] 100/384 games (2406/h, eta 7m)
  [s3-no_q_rr-ET-dp2] 101/384 games (2410/h, eta 7m)
  [s3-no_q_rr-ET-dp2] 102/384 games (2429/h, eta 7m)
  [s3-no_q_rr-ET-dp2] 103/384 games (2450/h, eta 7m)
  [s3-no_q_rr-ET-dp2] 104/384 games (2453/h, eta 7m)
  [s3-no_q_rr-ET-dp2] 105/384 games (2433/h, eta 7m)
  [s3-no_q_rr-ET-dp2] 106/384 games (2417/h, eta 7m)
  [s3-no_q_rr-ET-dp2] 107/384 games (2410/h, eta 7m)
  [s3-no_q_rr-ET-dp2] 108/384 games (2422/h, eta 7m)
  [s3-no_q_rr-ET-dp2] 109/384 games (2425/h, eta 7m)
  [s3-no_q_rr-ET-dp2] 110/384 games (2400/h, eta 7m)
  [s3-no_q_rr-ET-dp2] 111/384 games (2415/h, eta 7m)
  [s3-no_q_rr-ET-dp2] 112/384 games (2411/h, eta 7m)
  [s3-no_q_rr-ET-dp2] 113/384 games (2412/h, eta 7m)
  [s3-no_q_rr-ET-dp2] 114/384 games (2395/h, eta 7m)
  [s3-no_q_rr-ET-dp2] 115/384 games (2392/h, eta 7m)
  [s3-no_q_rr-ET-dp2] 116/384 games (2408/h, eta 7m)
  [s3-no_q_rr-ET-dp2] 117/384 games (2412/h, eta 7m)
  [s3-no_q_rr-ET-dp2] 118/384 games (2402/h, eta 7m)
  [s3-no_q_rr-ET-dp2] 119/384 games (2403/h, eta 7m)
  [s3-no_q_rr-ET-dp2] 120/384 games (2373/h, eta 7m)
  [s3-no_q_rr-ET-dp2] 121/384 games (2371/h, eta 7m)
  [s3-no_q_rr-ET-dp2] 122/384 games (2389/h, eta 7m)
  [s3-no_q_rr-ET-dp2] 123/384 games (2403/h, eta 7m)
  [s3-no_q_rr-ET-dp2] 124/384 games (2422/h, eta 6m)
  [s3-no_q_rr-ET-dp2] 125/384 games (2439/h, eta 6m)
  [s3-no_q_rr-ET-dp2] 126/384 games (2453/h, eta 6m)
  [s3-no_q_rr-ET-dp2] 127/384 games (2446/h, eta 6m)
  [s3-no_q_rr-ET-dp2] 128/384 games (2459/h, eta 6m)
  [s3-no_q_rr-ET-dp2] 129/384 games (2461/h, eta 6m)
  [s3-no_q_rr-ET-dp2] 130/384 games (2469/h, eta 6m)
  [s3-no_q_rr-ET-dp2] 131/384 games (2472/h, eta 6m)
  [s3-no_q_rr-ET-dp2] 132/384 games (2477/h, eta 6m)
  [s3-no_q_rr-ET-dp2] 133/384 games (2458/h, eta 6m)
  [s3-no_q_rr-ET-dp2] 134/384 games (2463/h, eta 6m)
  [s3-no_q_rr-ET-dp2] 135/384 games (2460/h, eta 6m)
  [s3-no_q_rr-ET-dp2] 136/384 games (2467/h, eta 6m)
  [s3-no_q_rr-ET-dp2] 137/384 games (2460/h, eta 6m)
  [s3-no_q_rr-ET-dp2] 138/384 games (2461/h, eta 6m)
  [s3-no_q_rr-ET-dp2] 139/384 games (2477/h, eta 6m)
  [s3-no_q_rr-ET-dp2] 140/384 games (2469/h, eta 6m)
  [s3-no_q_rr-ET-dp2] 141/384 games (2466/h, eta 6m)
  [s3-no_q_rr-ET-dp2] 142/384 games (2483/h, eta 6m)
  [s3-no_q_rr-ET-dp2] 143/384 games (2493/h, eta 6m)
  [s3-no_q_rr-ET-dp2] 144/384 games (2483/h, eta 6m)
  [s3-no_q_rr-ET-dp2] 145/384 games (2488/h, eta 6m)
  [s3-no_q_rr-ET-dp2] 146/384 games (2503/h, eta 6m)
  [s3-no_q_rr-ET-dp2] 147/384 games (2518/h, eta 6m)
  [s3-no_q_rr-ET-dp2] 148/384 games (2530/h, eta 6m)
  [s3-no_q_rr-ET-dp2] 149/384 games (2540/h, eta 6m)
  [s3-no_q_rr-ET-dp2] 150/384 games (2549/h, eta 6m)
  [s3-no_q_rr-ET-dp2] 151/384 games (2541/h, eta 6m)
  [s3-no_q_rr-ET-dp2] 152/384 games (2554/h, eta 5m)
  [s3-no_q_rr-ET-dp2] 153/384 games (2561/h, eta 5m)
  [s3-no_q_rr-ET-dp2] 154/384 games (2549/h, eta 5m)
  [s3-no_q_rr-ET-dp2] 155/384 games (2553/h, eta 5m)
  [s3-no_q_rr-ET-dp2] 156/384 games (2511/h, eta 5m)
  [s3-no_q_rr-ET-dp2] 157/384 games (2525/h, eta 5m)
  [s3-no_q_rr-ET-dp2] 158/384 games (2517/h, eta 5m)
  [s3-no_q_rr-ET-dp2] 159/384 games (2482/h, eta 5m)
  [s3-no_q_rr-ET-dp2] 160/384 games (2492/h, eta 5m)
  [s3-no_q_rr-ET-dp2] 161/384 games (2506/h, eta 5m)
  [s3-no_q_rr-ET-dp2] 162/384 games (2519/h, eta 5m)
  [s3-no_q_rr-ET-dp2] 163/384 games (2513/h, eta 5m)
  [s3-no_q_rr-ET-dp2] 164/384 games (2521/h, eta 5m)
  [s3-no_q_rr-ET-dp2] 165/384 games (2535/h, eta 5m)
  [s3-no_q_rr-ET-dp2] 166/384 games (2506/h, eta 5m)
  [s3-no_q_rr-ET-dp2] 167/384 games (2507/h, eta 5m)
  [s3-no_q_rr-ET-dp2] 168/384 games (2491/h, eta 5m)
  [s3-no_q_rr-ET-dp2] 169/384 games (2502/h, eta 5m)
  [s3-no_q_rr-ET-dp2] 170/384 games (2513/h, eta 5m)
  [s3-no_q_rr-ET-dp2] 171/384 games (2520/h, eta 5m)
  [s3-no_q_rr-ET-dp2] 172/384 games (2535/h, eta 5m)
  [s3-no_q_rr-ET-dp2] 173/384 games (2538/h, eta 5m)
  [s3-no_q_rr-ET-dp2] 174/384 games (2531/h, eta 5m)
  [s3-no_q_rr-ET-dp2] 175/384 games (2529/h, eta 5m)
  [s3-no_q_rr-ET-dp2] 176/384 games (2540/h, eta 5m)
  [s3-no_q_rr-ET-dp2] 177/384 games (2527/h, eta 5m)
  [s3-no_q_rr-ET-dp2] 178/384 games (2534/h, eta 5m)
  [s3-no_q_rr-ET-dp2] 179/384 games (2510/h, eta 5m)
  [s3-no_q_rr-ET-dp2] 180/384 games (2518/h, eta 5m)
  [s3-no_q_rr-ET-dp2] 181/384 games (2522/h, eta 5m)
  [s3-no_q_rr-ET-dp2] 182/384 games (2529/h, eta 5m)
  [s3-no_q_rr-ET-dp2] 183/384 games (2526/h, eta 5m)
  [s3-no_q_rr-ET-dp2] 184/384 games (2516/h, eta 5m)
  [s3-no_q_rr-ET-dp2] 185/384 games (2509/h, eta 5m)
  [s3-no_q_rr-ET-dp2] 186/384 games (2521/h, eta 5m)
  [s3-no_q_rr-ET-dp2] 187/384 games (2523/h, eta 5m)
  [s3-no_q_rr-ET-dp2] 188/384 games (2531/h, eta 5m)
  [s3-no_q_rr-ET-dp2] 189/384 games (2542/h, eta 5m)
  [s3-no_q_rr-ET-dp2] 190/384 games (2547/h, eta 5m)
  [s3-no_q_rr-ET-dp2] 191/384 games (2521/h, eta 5m)
  [s3-no_q_rr-ET-dp2] 192/384 games (2523/h, eta 5m)
  [s3-no_q_rr-ET-dp2] 193/384 games (2528/h, eta 5m)
  [s3-no_q_rr-ET-dp2] 194/384 games (2528/h, eta 5m)
  [s3-no_q_rr-ET-dp2] 195/384 games (2538/h, eta 4m)
  [s3-no_q_rr-ET-dp2] 196/384 games (2531/h, eta 4m)
  [s3-no_q_rr-ET-dp2] 197/384 games (2543/h, eta 4m)
  [s3-no_q_rr-ET-dp2] 198/384 games (2553/h, eta 4m)
  [s3-no_q_rr-ET-dp2] 199/384 games (2566/h, eta 4m)
  [s3-no_q_rr-ET-dp2] 200/384 games (2537/h, eta 4m)
  [s3-no_q_rr-ET-dp2] 201/384 games (2523/h, eta 4m)
  [s3-no_q_rr-ET-dp2] 202/384 games (2507/h, eta 4m)
  [s3-no_q_rr-ET-dp2] 203/384 games (2511/h, eta 4m)
  [s3-no_q_rr-ET-dp2] 204/384 games (2489/h, eta 4m)
  [s3-no_q_rr-ET-dp2] 205/384 games (2495/h, eta 4m)
  [s3-no_q_rr-ET-dp2] 206/384 games (2502/h, eta 4m)
  [s3-no_q_rr-ET-dp2] 207/384 games (2512/h, eta 4m)
  [s3-no_q_rr-ET-dp2] 208/384 games (2519/h, eta 4m)
  [s3-no_q_rr-ET-dp2] 209/384 games (2527/h, eta 4m)
  [s3-no_q_rr-ET-dp2] 210/384 games (2533/h, eta 4m)
  [s3-no_q_rr-ET-dp2] 211/384 games (2533/h, eta 4m)
  [s3-no_q_rr-ET-dp2] 212/384 games (2532/h, eta 4m)
  [s3-no_q_rr-ET-dp2] 213/384 games (2528/h, eta 4m)
  [s3-no_q_rr-ET-dp2] 214/384 games (2536/h, eta 4m)
  [s3-no_q_rr-ET-dp2] 215/384 games (2522/h, eta 4m)
  [s3-no_q_rr-ET-dp2] 216/384 games (2523/h, eta 4m)
  [s3-no_q_rr-ET-dp2] 217/384 games (2524/h, eta 4m)
  [s3-no_q_rr-ET-dp2] 218/384 games (2520/h, eta 4m)
  [s3-no_q_rr-ET-dp2] 219/384 games (2492/h, eta 4m)
  [s3-no_q_rr-ET-dp2] 220/384 games (2490/h, eta 4m)
  [s3-no_q_rr-ET-dp2] 221/384 games (2494/h, eta 4m)
  [s3-no_q_rr-ET-dp2] 222/384 games (2500/h, eta 4m)
  [s3-no_q_rr-ET-dp2] 223/384 games (2504/h, eta 4m)
  [s3-no_q_rr-ET-dp2] 224/384 games (2492/h, eta 4m)
  [s3-no_q_rr-ET-dp2] 225/384 games (2502/h, eta 4m)
  [s3-no_q_rr-ET-dp2] 226/384 games (2509/h, eta 4m)
  [s3-no_q_rr-ET-dp2] 227/384 games (2517/h, eta 4m)
  [s3-no_q_rr-ET-dp2] 228/384 games (2470/h, eta 4m)
  [s3-no_q_rr-ET-dp2] 229/384 games (2477/h, eta 4m)
  [s3-no_q_rr-ET-dp2] 230/384 games (2487/h, eta 4m)
  [s3-no_q_rr-ET-dp2] 231/384 games (2488/h, eta 4m)
  [s3-no_q_rr-ET-dp2] 232/384 games (2494/h, eta 4m)
  [s3-no_q_rr-ET-dp2] 233/384 games (2496/h, eta 4m)
  [s3-no_q_rr-ET-dp2] 234/384 games (2498/h, eta 4m)
  [s3-no_q_rr-ET-dp2] 235/384 games (2508/h, eta 4m)
  [s3-no_q_rr-ET-dp2] 236/384 games (2518/h, eta 4m)
  [s3-no_q_rr-ET-dp2] 237/384 games (2526/h, eta 3m)
  [s3-no_q_rr-ET-dp2] 238/384 games (2520/h, eta 3m)
  [s3-no_q_rr-ET-dp2] 239/384 games (2524/h, eta 3m)
  [s3-no_q_rr-ET-dp2] 240/384 games (2515/h, eta 3m)
  [s3-no_q_rr-ET-dp2] 241/384 games (2523/h, eta 3m)
  [s3-no_q_rr-ET-dp2] 242/384 games (2525/h, eta 3m)
  [s3-no_q_rr-ET-dp2] 243/384 games (2531/h, eta 3m)
  [s3-no_q_rr-ET-dp2] 244/384 games (2533/h, eta 3m)
  [s3-no_q_rr-ET-dp2] 245/384 games (2522/h, eta 3m)
  [s3-no_q_rr-ET-dp2] 246/384 games (2529/h, eta 3m)
  [s3-no_q_rr-ET-dp2] 247/384 games (2537/h, eta 3m)
  [s3-no_q_rr-ET-dp2] 248/384 games (2499/h, eta 3m)
  [s3-no_q_rr-ET-dp2] 249/384 games (2500/h, eta 3m)
  [s3-no_q_rr-ET-dp2] 250/384 games (2472/h, eta 3m)
  [s3-no_q_rr-ET-dp2] 251/384 games (2480/h, eta 3m)
  [s3-no_q_rr-ET-dp2] 252/384 games (2489/h, eta 3m)
  [s3-no_q_rr-ET-dp2] 253/384 games (2491/h, eta 3m)
  [s3-no_q_rr-ET-dp2] 254/384 games (2500/h, eta 3m)
  [s3-no_q_rr-ET-dp2] 255/384 games (2507/h, eta 3m)
  [s3-no_q_rr-ET-dp2] 256/384 games (2501/h, eta 3m)
  [s3-no_q_rr-ET-dp2] 257/384 games (2498/h, eta 3m)
  [s3-no_q_rr-ET-dp2] 258/384 games (2500/h, eta 3m)
  [s3-no_q_rr-ET-dp2] 259/384 games (2499/h, eta 3m)
  [s3-no_q_rr-ET-dp2] 260/384 games (2495/h, eta 3m)
  [s3-no_q_rr-ET-dp2] 261/384 games (2497/h, eta 3m)
  [s3-no_q_rr-ET-dp2] 262/384 games (2497/h, eta 3m)
  [s3-no_q_rr-ET-dp2] 263/384 games (2499/h, eta 3m)
  [s3-no_q_rr-ET-dp2] 264/384 games (2499/h, eta 3m)
  [s3-no_q_rr-ET-dp2] 265/384 games (2509/h, eta 3m)
  [s3-no_q_rr-ET-dp2] 266/384 games (2514/h, eta 3m)
  [s3-no_q_rr-ET-dp2] 267/384 games (2516/h, eta 3m)
  [s3-no_q_rr-ET-dp2] 268/384 games (2479/h, eta 3m)
  [s3-no_q_rr-ET-dp2] 269/384 games (2477/h, eta 3m)
  [s3-no_q_rr-ET-dp2] 270/384 games (2481/h, eta 3m)
  [s3-no_q_rr-ET-dp2] 271/384 games (2490/h, eta 3m)
  [s3-no_q_rr-ET-dp2] 272/384 games (2497/h, eta 3m)
  [s3-no_q_rr-ET-dp2] 273/384 games (2497/h, eta 3m)
  [s3-no_q_rr-ET-dp2] 274/384 games (2495/h, eta 3m)
  [s3-no_q_rr-ET-dp2] 275/384 games (2494/h, eta 3m)
  [s3-no_q_rr-ET-dp2] 276/384 games (2493/h, eta 3m)
  [s3-no_q_rr-ET-dp2] 277/384 games (2497/h, eta 3m)
  [s3-no_q_rr-ET-dp2] 278/384 games (2491/h, eta 3m)
  [s3-no_q_rr-ET-dp2] 279/384 games (2484/h, eta 3m)
  [s3-no_q_rr-ET-dp2] 280/384 games (2488/h, eta 3m)
  [s3-no_q_rr-ET-dp2] 281/384 games (2494/h, eta 2m)
  [s3-no_q_rr-ET-dp2] 282/384 games (2498/h, eta 2m)
  [s3-no_q_rr-ET-dp2] 283/384 games (2477/h, eta 2m)
  [s3-no_q_rr-ET-dp2] 284/384 games (2481/h, eta 2m)
  [s3-no_q_rr-ET-dp2] 285/384 games (2489/h, eta 2m)
  [s3-no_q_rr-ET-dp2] 286/384 games (2496/h, eta 2m)
  [s3-no_q_rr-ET-dp2] 287/384 games (2497/h, eta 2m)
  [s3-no_q_rr-ET-dp2] 288/384 games (2483/h, eta 2m)
  [s3-no_q_rr-ET-dp2] 289/384 games (2489/h, eta 2m)
  [s3-no_q_rr-ET-dp2] 290/384 games (2477/h, eta 2m)
  [s3-no_q_rr-ET-dp2] 291/384 games (2479/h, eta 2m)
  [s3-no_q_rr-ET-dp2] 292/384 games (2487/h, eta 2m)
  [s3-no_q_rr-ET-dp2] 293/384 games (2491/h, eta 2m)
  [s3-no_q_rr-ET-dp2] 294/384 games (2493/h, eta 2m)
  [s3-no_q_rr-ET-dp2] 295/384 games (2498/h, eta 2m)
  [s3-no_q_rr-ET-dp2] 296/384 games (2491/h, eta 2m)
  [s3-no_q_rr-ET-dp2] 297/384 games (2492/h, eta 2m)
  [s3-no_q_rr-ET-dp2] 298/384 games (2487/h, eta 2m)
  [s3-no_q_rr-ET-dp2] 299/384 games (2492/h, eta 2m)
  [s3-no_q_rr-ET-dp2] 300/384 games (2492/h, eta 2m)
  [s3-no_q_rr-ET-dp2] 301/384 games (2494/h, eta 2m)
  [s3-no_q_rr-ET-dp2] 302/384 games (2499/h, eta 2m)
  [s3-no_q_rr-ET-dp2] 303/384 games (2506/h, eta 2m)
  [s3-no_q_rr-ET-dp2] 304/384 games (2498/h, eta 2m)
  [s3-no_q_rr-ET-dp2] 305/384 games (2504/h, eta 2m)
  [s3-no_q_rr-ET-dp2] 306/384 games (2493/h, eta 2m)
  [s3-no_q_rr-ET-dp2] 307/384 games (2495/h, eta 2m)
  [s3-no_q_rr-ET-dp2] 308/384 games (2498/h, eta 2m)
  [s3-no_q_rr-ET-dp2] 309/384 games (2483/h, eta 2m)
  [s3-no_q_rr-ET-dp2] 310/384 games (2491/h, eta 2m)
  [s3-no_q_rr-ET-dp2] 311/384 games (2492/h, eta 2m)
  [s3-no_q_rr-ET-dp2] 312/384 games (2500/h, eta 2m)
  [s3-no_q_rr-ET-dp2] 313/384 games (2503/h, eta 2m)
  [s3-no_q_rr-ET-dp2] 314/384 games (2495/h, eta 2m)
  [s3-no_q_rr-ET-dp2] 315/384 games (2502/h, eta 2m)
  [s3-no_q_rr-ET-dp2] 316/384 games (2505/h, eta 2m)
  [s3-no_q_rr-ET-dp2] 317/384 games (2494/h, eta 2m)
  [s3-no_q_rr-ET-dp2] 318/384 games (2498/h, eta 2m)
  [s3-no_q_rr-ET-dp2] 319/384 games (2485/h, eta 2m)
  [s3-no_q_rr-ET-dp2] 320/384 games (2488/h, eta 2m)
  [s3-no_q_rr-ET-dp2] 321/384 games (2492/h, eta 2m)
  [s3-no_q_rr-ET-dp2] 322/384 games (2495/h, eta 1m)
  [s3-no_q_rr-ET-dp2] 323/384 games (2499/h, eta 1m)
  [s3-no_q_rr-ET-dp2] 324/384 games (2506/h, eta 1m)
  [s3-no_q_rr-ET-dp2] 325/384 games (2503/h, eta 1m)
  [s3-no_q_rr-ET-dp2] 326/384 games (2508/h, eta 1m)
  [s3-no_q_rr-ET-dp2] 327/384 games (2513/h, eta 1m)
  [s3-no_q_rr-ET-dp2] 328/384 games (2520/h, eta 1m)
  [s3-no_q_rr-ET-dp2] 329/384 games (2508/h, eta 1m)
  [s3-no_q_rr-ET-dp2] 330/384 games (2510/h, eta 1m)
  [s3-no_q_rr-ET-dp2] 331/384 games (2517/h, eta 1m)
  [s3-no_q_rr-ET-dp2] 332/384 games (2514/h, eta 1m)
  [s3-no_q_rr-ET-dp2] 333/384 games (2521/h, eta 1m)
  [s3-no_q_rr-ET-dp2] 334/384 games (2515/h, eta 1m)
  [s3-no_q_rr-ET-dp2] 335/384 games (2522/h, eta 1m)
  [s3-no_q_rr-ET-dp2] 336/384 games (2521/h, eta 1m)
  [s3-no_q_rr-ET-dp2] 337/384 games (2519/h, eta 1m)
  [s3-no_q_rr-ET-dp2] 338/384 games (2523/h, eta 1m)
  [s3-no_q_rr-ET-dp2] 339/384 games (2524/h, eta 1m)
  [s3-no_q_rr-ET-dp2] 340/384 games (2529/h, eta 1m)
  [s3-no_q_rr-ET-dp2] 341/384 games (2519/h, eta 1m)
  [s3-no_q_rr-ET-dp2] 342/384 games (2523/h, eta 1m)
  [s3-no_q_rr-ET-dp2] 343/384 games (2524/h, eta 1m)
  [s3-no_q_rr-ET-dp2] 344/384 games (2517/h, eta 1m)
  [s3-no_q_rr-ET-dp2] 345/384 games (2523/h, eta 1m)
  [s3-no_q_rr-ET-dp2] 346/384 games (2508/h, eta 1m)
  [s3-no_q_rr-ET-dp2] 347/384 games (2513/h, eta 1m)
  [s3-no_q_rr-ET-dp2] 348/384 games (2519/h, eta 1m)
  [s3-no_q_rr-ET-dp2] 349/384 games (2505/h, eta 1m)
  [s3-no_q_rr-ET-dp2] 350/384 games (2510/h, eta 1m)
  [s3-no_q_rr-ET-dp2] 351/384 games (2497/h, eta 1m)
  [s3-no_q_rr-ET-dp2] 352/384 games (2501/h, eta 1m)
  [s3-no_q_rr-ET-dp2] 353/384 games (2503/h, eta 1m)
  [s3-no_q_rr-ET-dp2] 354/384 games (2507/h, eta 1m)
  [s3-no_q_rr-ET-dp2] 355/384 games (2498/h, eta 1m)
  [s3-no_q_rr-ET-dp2] 356/384 games (2502/h, eta 1m)
  [s3-no_q_rr-ET-dp2] 357/384 games (2507/h, eta 1m)
  [s3-no_q_rr-ET-dp2] 358/384 games (2510/h, eta 1m)
  [s3-no_q_rr-ET-dp2] 359/384 games (2517/h, eta 1m)
  [s3-no_q_rr-ET-dp2] 360/384 games (2518/h, eta 1m)
  [s3-no_q_rr-ET-dp2] 361/384 games (2508/h, eta 1m)
  [s3-no_q_rr-ET-dp2] 362/384 games (2513/h, eta 1m)
  [s3-no_q_rr-ET-dp2] 363/384 games (2514/h, eta 1m)
  [s3-no_q_rr-ET-dp2] 364/384 games (2518/h, eta 0m)
  [s3-no_q_rr-ET-dp2] 365/384 games (2514/h, eta 0m)
  [s3-no_q_rr-ET-dp2] 366/384 games (2516/h, eta 0m)
  [s3-no_q_rr-ET-dp2] 367/384 games (2521/h, eta 0m)
  [s3-no_q_rr-ET-dp2] 368/384 games (2513/h, eta 0m)
  [s3-no_q_rr-ET-dp2] 369/384 games (2512/h, eta 0m)
  [s3-no_q_rr-ET-dp2] 370/384 games (2513/h, eta 0m)
  [s3-no_q_rr-ET-dp2] 371/384 games (2514/h, eta 0m)
  [s3-no_q_rr-ET-dp2] 372/384 games (2514/h, eta 0m)
  [s3-no_q_rr-ET-dp2] 373/384 games (2517/h, eta 0m)
  [s3-no_q_rr-ET-dp2] 374/384 games (2516/h, eta 0m)
  [s3-no_q_rr-ET-dp2] 375/384 games (2520/h, eta 0m)
  [s3-no_q_rr-ET-dp2] 376/384 games (2526/h, eta 0m)
  [s3-no_q_rr-ET-dp2] 377/384 games (2528/h, eta 0m)
  [s3-no_q_rr-ET-dp2] 378/384 games (2532/h, eta 0m)
  [s3-no_q_rr-ET-dp2] 379/384 games (2539/h, eta 0m)
  [s3-no_q_rr-ET-dp2] 380/384 games (2533/h, eta 0m)
  [s3-no_q_rr-ET-dp2] 381/384 games (2519/h, eta 0m)
  [s3-no_q_rr-ET-dp2] 382/384 games (2499/h, eta 0m)
  [s3-no_q_rr-ET-dp2] 383/384 games (2498/h, eta 0m)
  [s3-no_q_rr-ET-dp2] 384/384 games (2467/h, eta 0m)
== s3-no_q_rr-ET-nc2-dp2 -> experiments/results/perturbation/s3-no_q_rr-ET-nc2-dp2.jsonl
  [s3-no_q_rr-ET-nc2-dp2] 1/384 games (559/h, eta 41m)
  [s3-no_q_rr-ET-nc2-dp2] 2/384 games (386/h, eta 59m)
  [s3-no_q_rr-ET-nc2-dp2] 3/384 games (558/h, eta 41m)
  [s3-no_q_rr-ET-nc2-dp2] 4/384 games (717/h, eta 32m)
  [s3-no_q_rr-ET-nc2-dp2] 5/384 games (839/h, eta 27m)
  [s3-no_q_rr-ET-nc2-dp2] 6/384 games (975/h, eta 23m)
  [s3-no_q_rr-ET-nc2-dp2] 7/384 games (1026/h, eta 22m)
  [s3-no_q_rr-ET-nc2-dp2] 8/384 games (1157/h, eta 20m)
  [s3-no_q_rr-ET-nc2-dp2] 9/384 games (1241/h, eta 18m)
  [s3-no_q_rr-ET-nc2-dp2] 10/384 games (1368/h, eta 16m)
  [s3-no_q_rr-ET-nc2-dp2] 11/384 games (1274/h, eta 18m)
  [s3-no_q_rr-ET-nc2-dp2] 12/384 games (1305/h, eta 17m)
  [s3-no_q_rr-ET-nc2-dp2] 13/384 games (1367/h, eta 16m)
  [s3-no_q_rr-ET-nc2-dp2] 14/384 games (1450/h, eta 15m)
  [s3-no_q_rr-ET-nc2-dp2] 15/384 games (1411/h, eta 16m)
  [s3-no_q_rr-ET-nc2-dp2] 16/384 games (1476/h, eta 15m)
  [s3-no_q_rr-ET-nc2-dp2] 17/384 games (1518/h, eta 15m)
  [s3-no_q_rr-ET-nc2-dp2] 18/384 games (1579/h, eta 14m)
  [s3-no_q_rr-ET-nc2-dp2] 19/384 games (1623/h, eta 13m)
  [s3-no_q_rr-ET-nc2-dp2] 20/384 games (1547/h, eta 14m)
  [s3-no_q_rr-ET-nc2-dp2] 21/384 games (1606/h, eta 14m)
  [s3-no_q_rr-ET-nc2-dp2] 22/384 games (1581/h, eta 14m)
  [s3-no_q_rr-ET-nc2-dp2] 23/384 games (1500/h, eta 14m)
  [s3-no_q_rr-ET-nc2-dp2] 24/384 games (1564/h, eta 14m)
  [s3-no_q_rr-ET-nc2-dp2] 25/384 games (1580/h, eta 14m)
  [s3-no_q_rr-ET-nc2-dp2] 26/384 games (1626/h, eta 13m)
  [s3-no_q_rr-ET-nc2-dp2] 27/384 games (1673/h, eta 13m)
  [s3-no_q_rr-ET-nc2-dp2] 28/384 games (1693/h, eta 13m)
  [s3-no_q_rr-ET-nc2-dp2] 29/384 games (1728/h, eta 12m)
  [s3-no_q_rr-ET-nc2-dp2] 30/384 games (1751/h, eta 12m)
  [s3-no_q_rr-ET-nc2-dp2] 31/384 games (1803/h, eta 12m)
  [s3-no_q_rr-ET-nc2-dp2] 32/384 games (1827/h, eta 12m)
  [s3-no_q_rr-ET-nc2-dp2] 33/384 games (1877/h, eta 11m)
  [s3-no_q_rr-ET-nc2-dp2] 34/384 games (1880/h, eta 11m)
  [s3-no_q_rr-ET-nc2-dp2] 35/384 games (1869/h, eta 11m)
  [s3-no_q_rr-ET-nc2-dp2] 36/384 games (1911/h, eta 11m)
  [s3-no_q_rr-ET-nc2-dp2] 37/384 games (1907/h, eta 11m)
  [s3-no_q_rr-ET-nc2-dp2] 38/384 games (1893/h, eta 11m)
  [s3-no_q_rr-ET-nc2-dp2] 39/384 games (1897/h, eta 11m)
  [s3-no_q_rr-ET-nc2-dp2] 40/384 games (1935/h, eta 11m)
  [s3-no_q_rr-ET-nc2-dp2] 41/384 games (1906/h, eta 11m)
  [s3-no_q_rr-ET-nc2-dp2] 42/384 games (1863/h, eta 11m)
  [s3-no_q_rr-ET-nc2-dp2] 43/384 games (1897/h, eta 11m)
  [s3-no_q_rr-ET-nc2-dp2] 44/384 games (1936/h, eta 11m)
  [s3-no_q_rr-ET-nc2-dp2] 45/384 games (1956/h, eta 10m)
  [s3-no_q_rr-ET-nc2-dp2] 46/384 games (1997/h, eta 10m)
  [s3-no_q_rr-ET-nc2-dp2] 47/384 games (2000/h, eta 10m)
  [s3-no_q_rr-ET-nc2-dp2] 48/384 games (2005/h, eta 10m)
  [s3-no_q_rr-ET-nc2-dp2] 49/384 games (2014/h, eta 10m)
  [s3-no_q_rr-ET-nc2-dp2] 50/384 games (2041/h, eta 10m)
  [s3-no_q_rr-ET-nc2-dp2] 51/384 games (1983/h, eta 10m)
  [s3-no_q_rr-ET-nc2-dp2] 52/384 games (2002/h, eta 10m)
  [s3-no_q_rr-ET-nc2-dp2] 53/384 games (2020/h, eta 10m)
  [s3-no_q_rr-ET-nc2-dp2] 54/384 games (2005/h, eta 10m)
  [s3-no_q_rr-ET-nc2-dp2] 55/384 games (2031/h, eta 10m)
  [s3-no_q_rr-ET-nc2-dp2] 56/384 games (2062/h, eta 10m)
  [s3-no_q_rr-ET-nc2-dp2] 57/384 games (2080/h, eta 9m)
  [s3-no_q_rr-ET-nc2-dp2] 58/384 games (2085/h, eta 9m)
  [s3-no_q_rr-ET-nc2-dp2] 59/384 games (2105/h, eta 9m)
  [s3-no_q_rr-ET-nc2-dp2] 60/384 games (2115/h, eta 9m)
  [s3-no_q_rr-ET-nc2-dp2] 61/384 games (2109/h, eta 9m)
  [s3-no_q_rr-ET-nc2-dp2] 62/384 games (2111/h, eta 9m)
  [s3-no_q_rr-ET-nc2-dp2] 63/384 games (2100/h, eta 9m)
  [s3-no_q_rr-ET-nc2-dp2] 64/384 games (2072/h, eta 9m)
  [s3-no_q_rr-ET-nc2-dp2] 65/384 games (2056/h, eta 9m)
  [s3-no_q_rr-ET-nc2-dp2] 66/384 games (2041/h, eta 9m)
  [s3-no_q_rr-ET-nc2-dp2] 67/384 games (2069/h, eta 9m)
  [s3-no_q_rr-ET-nc2-dp2] 68/384 games (2083/h, eta 9m)
  [s3-no_q_rr-ET-nc2-dp2] 69/384 games (2093/h, eta 9m)
  [s3-no_q_rr-ET-nc2-dp2] 70/384 games (2079/h, eta 9m)
  [s3-no_q_rr-ET-nc2-dp2] 71/384 games (2086/h, eta 9m)
  [s3-no_q_rr-ET-nc2-dp2] 72/384 games (2114/h, eta 9m)
  [s3-no_q_rr-ET-nc2-dp2] 73/384 games (2101/h, eta 9m)
  [s3-no_q_rr-ET-nc2-dp2] 74/384 games (2120/h, eta 9m)
  [s3-no_q_rr-ET-nc2-dp2] 75/384 games (2087/h, eta 9m)
  [s3-no_q_rr-ET-nc2-dp2] 76/384 games (2113/h, eta 9m)
  [s3-no_q_rr-ET-nc2-dp2] 77/384 games (2138/h, eta 9m)
  [s3-no_q_rr-ET-nc2-dp2] 78/384 games (2059/h, eta 9m)
  [s3-no_q_rr-ET-nc2-dp2] 79/384 games (2064/h, eta 9m)
  [s3-no_q_rr-ET-nc2-dp2] 80/384 games (2060/h, eta 9m)
  [s3-no_q_rr-ET-nc2-dp2] 81/384 games (2079/h, eta 9m)
  [s3-no_q_rr-ET-nc2-dp2] 82/384 games (2092/h, eta 9m)
  [s3-no_q_rr-ET-nc2-dp2] 83/384 games (2105/h, eta 9m)
  [s3-no_q_rr-ET-nc2-dp2] 84/384 games (2051/h, eta 9m)
  [s3-no_q_rr-ET-nc2-dp2] 85/384 games (2052/h, eta 9m)
  [s3-no_q_rr-ET-nc2-dp2] 86/384 games (2066/h, eta 9m)
  [s3-no_q_rr-ET-nc2-dp2] 87/384 games (2087/h, eta 9m)
  [s3-no_q_rr-ET-nc2-dp2] 88/384 games (2106/h, eta 8m)
  [s3-no_q_rr-ET-nc2-dp2] 89/384 games (2109/h, eta 8m)
  [s3-no_q_rr-ET-nc2-dp2] 90/384 games (2127/h, eta 8m)
  [s3-no_q_rr-ET-nc2-dp2] 91/384 games (2111/h, eta 8m)
  [s3-no_q_rr-ET-nc2-dp2] 92/384 games (2026/h, eta 9m)
  [s3-no_q_rr-ET-nc2-dp2] 93/384 games (2042/h, eta 9m)
  [s3-no_q_rr-ET-nc2-dp2] 94/384 games (2045/h, eta 9m)
  [s3-no_q_rr-ET-nc2-dp2] 95/384 games (2062/h, eta 8m)
  [s3-no_q_rr-ET-nc2-dp2] 96/384 games (2083/h, eta 8m)
  [s3-no_q_rr-ET-nc2-dp2] 97/384 games (2092/h, eta 8m)
  [s3-no_q_rr-ET-nc2-dp2] 98/384 games (2103/h, eta 8m)
  [s3-no_q_rr-ET-nc2-dp2] 99/384 games (2116/h, eta 8m)
  [s3-no_q_rr-ET-nc2-dp2] 100/384 games (2096/h, eta 8m)
  [s3-no_q_rr-ET-nc2-dp2] 101/384 games (2111/h, eta 8m)
  [s3-no_q_rr-ET-nc2-dp2] 102/384 games (2110/h, eta 8m)
  [s3-no_q_rr-ET-nc2-dp2] 103/384 games (2116/h, eta 8m)
  [s3-no_q_rr-ET-nc2-dp2] 104/384 games (2097/h, eta 8m)
  [s3-no_q_rr-ET-nc2-dp2] 105/384 games (2083/h, eta 8m)
  [s3-no_q_rr-ET-nc2-dp2] 106/384 games (2055/h, eta 8m)
  [s3-no_q_rr-ET-nc2-dp2] 107/384 games (2024/h, eta 8m)
  [s3-no_q_rr-ET-nc2-dp2] 108/384 games (2041/h, eta 8m)
  [s3-no_q_rr-ET-nc2-dp2] 109/384 games (2038/h, eta 8m)
  [s3-no_q_rr-ET-nc2-dp2] 110/384 games (2051/h, eta 8m)
  [s3-no_q_rr-ET-nc2-dp2] 111/384 games (2069/h, eta 8m)
  [s3-no_q_rr-ET-nc2-dp2] 112/384 games (2084/h, eta 8m)
  [s3-no_q_rr-ET-nc2-dp2] 113/384 games (2099/h, eta 8m)
  [s3-no_q_rr-ET-nc2-dp2] 114/384 games (2113/h, eta 8m)
  [s3-no_q_rr-ET-nc2-dp2] 115/384 games (2119/h, eta 8m)
  [s3-no_q_rr-ET-nc2-dp2] 116/384 games (2135/h, eta 8m)
  [s3-no_q_rr-ET-nc2-dp2] 117/384 games (2084/h, eta 8m)
  [s3-no_q_rr-ET-nc2-dp2] 118/384 games (2101/h, eta 8m)
  [s3-no_q_rr-ET-nc2-dp2] 119/384 games (2103/h, eta 8m)
  [s3-no_q_rr-ET-nc2-dp2] 120/384 games (2087/h, eta 8m)
  [s3-no_q_rr-ET-nc2-dp2] 121/384 games (2101/h, eta 8m)
  [s3-no_q_rr-ET-nc2-dp2] 122/384 games (2102/h, eta 7m)
  [s3-no_q_rr-ET-nc2-dp2] 123/384 games (2113/h, eta 7m)
  [s3-no_q_rr-ET-nc2-dp2] 124/384 games (2089/h, eta 7m)
  [s3-no_q_rr-ET-nc2-dp2] 125/384 games (2096/h, eta 7m)
  [s3-no_q_rr-ET-nc2-dp2] 126/384 games (2106/h, eta 7m)
  [s3-no_q_rr-ET-nc2-dp2] 127/384 games (2120/h, eta 7m)
  [s3-no_q_rr-ET-nc2-dp2] 128/384 games (2099/h, eta 7m)
  [s3-no_q_rr-ET-nc2-dp2] 129/384 games (2113/h, eta 7m)
  [s3-no_q_rr-ET-nc2-dp2] 130/384 games (2121/h, eta 7m)
  [s3-no_q_rr-ET-nc2-dp2] 131/384 games (2135/h, eta 7m)
  [s3-no_q_rr-ET-nc2-dp2] 132/384 games (2091/h, eta 7m)
  [s3-no_q_rr-ET-nc2-dp2] 133/384 games (2103/h, eta 7m)
  [s3-no_q_rr-ET-nc2-dp2] 134/384 games (2107/h, eta 7m)
  [s3-no_q_rr-ET-nc2-dp2] 135/384 games (2103/h, eta 7m)
  [s3-no_q_rr-ET-nc2-dp2] 136/384 games (2089/h, eta 7m)
  [s3-no_q_rr-ET-nc2-dp2] 137/384 games (2082/h, eta 7m)
  [s3-no_q_rr-ET-nc2-dp2] 138/384 games (2091/h, eta 7m)
  [s3-no_q_rr-ET-nc2-dp2] 139/384 games (2099/h, eta 7m)
  [s3-no_q_rr-ET-nc2-dp2] 140/384 games (2081/h, eta 7m)
  [s3-no_q_rr-ET-nc2-dp2] 141/384 games (2077/h, eta 7m)
  [s3-no_q_rr-ET-nc2-dp2] 142/384 games (2091/h, eta 7m)
  [s3-no_q_rr-ET-nc2-dp2] 143/384 games (2097/h, eta 7m)
  [s3-no_q_rr-ET-nc2-dp2] 144/384 games (2111/h, eta 7m)
  [s3-no_q_rr-ET-nc2-dp2] 145/384 games (2117/h, eta 7m)
  [s3-no_q_rr-ET-nc2-dp2] 146/384 games (2090/h, eta 7m)
  [s3-no_q_rr-ET-nc2-dp2] 147/384 games (2100/h, eta 7m)
  [s3-no_q_rr-ET-nc2-dp2] 148/384 games (2110/h, eta 7m)
  [s3-no_q_rr-ET-nc2-dp2] 149/384 games (2111/h, eta 7m)
  [s3-no_q_rr-ET-nc2-dp2] 150/384 games (2117/h, eta 7m)
  [s3-no_q_rr-ET-nc2-dp2] 151/384 games (2114/h, eta 7m)
  [s3-no_q_rr-ET-nc2-dp2] 152/384 games (2065/h, eta 7m)
  [s3-no_q_rr-ET-nc2-dp2] 153/384 games (2069/h, eta 7m)
  [s3-no_q_rr-ET-nc2-dp2] 154/384 games (2073/h, eta 7m)
  [s3-no_q_rr-ET-nc2-dp2] 155/384 games (2075/h, eta 7m)
  [s3-no_q_rr-ET-nc2-dp2] 156/384 games (2062/h, eta 7m)
  [s3-no_q_rr-ET-nc2-dp2] 157/384 games (2064/h, eta 7m)
  [s3-no_q_rr-ET-nc2-dp2] 158/384 games (2071/h, eta 7m)
  [s3-no_q_rr-ET-nc2-dp2] 159/384 games (2083/h, eta 6m)
  [s3-no_q_rr-ET-nc2-dp2] 160/384 games (2092/h, eta 6m)
  [s3-no_q_rr-ET-nc2-dp2] 161/384 games (2093/h, eta 6m)
  [s3-no_q_rr-ET-nc2-dp2] 162/384 games (2098/h, eta 6m)
  [s3-no_q_rr-ET-nc2-dp2] 163/384 games (2111/h, eta 6m)
  [s3-no_q_rr-ET-nc2-dp2] 164/384 games (2121/h, eta 6m)
  [s3-no_q_rr-ET-nc2-dp2] 165/384 games (2129/h, eta 6m)
  [s3-no_q_rr-ET-nc2-dp2] 166/384 games (2142/h, eta 6m)
  [s3-no_q_rr-ET-nc2-dp2] 167/384 games (2144/h, eta 6m)
  [s3-no_q_rr-ET-nc2-dp2] 168/384 games (2155/h, eta 6m)
  [s3-no_q_rr-ET-nc2-dp2] 169/384 games (2148/h, eta 6m)
  [s3-no_q_rr-ET-nc2-dp2] 170/384 games (2154/h, eta 6m)
  [s3-no_q_rr-ET-nc2-dp2] 171/384 games (2135/h, eta 6m)
  [s3-no_q_rr-ET-nc2-dp2] 172/384 games (2122/h, eta 6m)
  [s3-no_q_rr-ET-nc2-dp2] 173/384 games (2115/h, eta 6m)
  [s3-no_q_rr-ET-nc2-dp2] 174/384 games (2125/h, eta 6m)
  [s3-no_q_rr-ET-nc2-dp2] 175/384 games (2126/h, eta 6m)
  [s3-no_q_rr-ET-nc2-dp2] 176/384 games (2132/h, eta 6m)
  [s3-no_q_rr-ET-nc2-dp2] 177/384 games (2129/h, eta 6m)
  [s3-no_q_rr-ET-nc2-dp2] 178/384 games (2140/h, eta 6m)
  [s3-no_q_rr-ET-nc2-dp2] 179/384 games (2111/h, eta 6m)
  [s3-no_q_rr-ET-nc2-dp2] 180/384 games (2122/h, eta 6m)
  [s3-no_q_rr-ET-nc2-dp2] 181/384 games (2132/h, eta 6m)
  [s3-no_q_rr-ET-nc2-dp2] 182/384 games (2144/h, eta 6m)
  [s3-no_q_rr-ET-nc2-dp2] 183/384 games (2144/h, eta 6m)
  [s3-no_q_rr-ET-nc2-dp2] 184/384 games (2134/h, eta 6m)
  [s3-no_q_rr-ET-nc2-dp2] 185/384 games (2136/h, eta 6m)
  [s3-no_q_rr-ET-nc2-dp2] 186/384 games (2137/h, eta 6m)
  [s3-no_q_rr-ET-nc2-dp2] 187/384 games (2130/h, eta 6m)
  [s3-no_q_rr-ET-nc2-dp2] 188/384 games (2141/h, eta 5m)
  [s3-no_q_rr-ET-nc2-dp2] 189/384 games (2144/h, eta 5m)
  [s3-no_q_rr-ET-nc2-dp2] 190/384 games (2140/h, eta 5m)
  [s3-no_q_rr-ET-nc2-dp2] 191/384 games (2145/h, eta 5m)
  [s3-no_q_rr-ET-nc2-dp2] 192/384 games (2150/h, eta 5m)
  [s3-no_q_rr-ET-nc2-dp2] 193/384 games (2112/h, eta 5m)
  [s3-no_q_rr-ET-nc2-dp2] 194/384 games (2115/h, eta 5m)
  [s3-no_q_rr-ET-nc2-dp2] 195/384 games (2123/h, eta 5m)
  [s3-no_q_rr-ET-nc2-dp2] 196/384 games (2093/h, eta 5m)
  [s3-no_q_rr-ET-nc2-dp2] 197/384 games (2100/h, eta 5m)
  [s3-no_q_rr-ET-nc2-dp2] 198/384 games (2084/h, eta 5m)
  [s3-no_q_rr-ET-nc2-dp2] 199/384 games (2092/h, eta 5m)
  [s3-no_q_rr-ET-nc2-dp2] 200/384 games (2102/h, eta 5m)
  [s3-no_q_rr-ET-nc2-dp2] 201/384 games (2099/h, eta 5m)
  [s3-no_q_rr-ET-nc2-dp2] 202/384 games (2093/h, eta 5m)
  [s3-no_q_rr-ET-nc2-dp2] 203/384 games (2090/h, eta 5m)
  [s3-no_q_rr-ET-nc2-dp2] 204/384 games (2097/h, eta 5m)
  [s3-no_q_rr-ET-nc2-dp2] 205/384 games (2101/h, eta 5m)
  [s3-no_q_rr-ET-nc2-dp2] 206/384 games (2107/h, eta 5m)
  [s3-no_q_rr-ET-nc2-dp2] 207/384 games (2114/h, eta 5m)
  [s3-no_q_rr-ET-nc2-dp2] 208/384 games (2122/h, eta 5m)
  [s3-no_q_rr-ET-nc2-dp2] 209/384 games (2126/h, eta 5m)
  [s3-no_q_rr-ET-nc2-dp2] 210/384 games (2136/h, eta 5m)
  [s3-no_q_rr-ET-nc2-dp2] 211/384 games (2141/h, eta 5m)
  [s3-no_q_rr-ET-nc2-dp2] 212/384 games (2139/h, eta 5m)
  [s3-no_q_rr-ET-nc2-dp2] 213/384 games (2142/h, eta 5m)
  [s3-no_q_rr-ET-nc2-dp2] 214/384 games (2136/h, eta 5m)
  [s3-no_q_rr-ET-nc2-dp2] 215/384 games (2136/h, eta 5m)
  [s3-no_q_rr-ET-nc2-dp2] 216/384 games (2136/h, eta 5m)
  [s3-no_q_rr-ET-nc2-dp2] 217/384 games (2138/h, eta 5m)
  [s3-no_q_rr-ET-nc2-dp2] 218/384 games (2140/h, eta 5m)
  [s3-no_q_rr-ET-nc2-dp2] 219/384 games (2139/h, eta 5m)
  [s3-no_q_rr-ET-nc2-dp2] 220/384 games (2126/h, eta 5m)
  [s3-no_q_rr-ET-nc2-dp2] 221/384 games (2110/h, eta 5m)
  [s3-no_q_rr-ET-nc2-dp2] 222/384 games (2119/h, eta 5m)
  [s3-no_q_rr-ET-nc2-dp2] 223/384 games (2123/h, eta 5m)
  [s3-no_q_rr-ET-nc2-dp2] 224/384 games (2125/h, eta 5m)
  [s3-no_q_rr-ET-nc2-dp2] 225/384 games (2131/h, eta 4m)
  [s3-no_q_rr-ET-nc2-dp2] 226/384 games (2136/h, eta 4m)
  [s3-no_q_rr-ET-nc2-dp2] 227/384 games (2142/h, eta 4m)
  [s3-no_q_rr-ET-nc2-dp2] 228/384 games (2147/h, eta 4m)
  [s3-no_q_rr-ET-nc2-dp2] 229/384 games (2141/h, eta 4m)
  [s3-no_q_rr-ET-nc2-dp2] 230/384 games (2147/h, eta 4m)
  [s3-no_q_rr-ET-nc2-dp2] 231/384 games (2155/h, eta 4m)
  [s3-no_q_rr-ET-nc2-dp2] 232/384 games (2138/h, eta 4m)
  [s3-no_q_rr-ET-nc2-dp2] 233/384 games (2125/h, eta 4m)
  [s3-no_q_rr-ET-nc2-dp2] 234/384 games (2131/h, eta 4m)
  [s3-no_q_rr-ET-nc2-dp2] 235/384 games (2136/h, eta 4m)
  [s3-no_q_rr-ET-nc2-dp2] 236/384 games (2133/h, eta 4m)
  [s3-no_q_rr-ET-nc2-dp2] 237/384 games (2140/h, eta 4m)
  [s3-no_q_rr-ET-nc2-dp2] 238/384 games (2143/h, eta 4m)
  [s3-no_q_rr-ET-nc2-dp2] 239/384 games (2123/h, eta 4m)
  [s3-no_q_rr-ET-nc2-dp2] 240/384 games (2130/h, eta 4m)
  [s3-no_q_rr-ET-nc2-dp2] 241/384 games (2137/h, eta 4m)
  [s3-no_q_rr-ET-nc2-dp2] 242/384 games (2145/h, eta 4m)
  [s3-no_q_rr-ET-nc2-dp2] 243/384 games (2153/h, eta 4m)
  [s3-no_q_rr-ET-nc2-dp2] 244/384 games (2157/h, eta 4m)
  [s3-no_q_rr-ET-nc2-dp2] 245/384 games (2150/h, eta 4m)
  [s3-no_q_rr-ET-nc2-dp2] 246/384 games (2153/h, eta 4m)
  [s3-no_q_rr-ET-nc2-dp2] 247/384 games (2154/h, eta 4m)
  [s3-no_q_rr-ET-nc2-dp2] 248/384 games (2145/h, eta 4m)
  [s3-no_q_rr-ET-nc2-dp2] 249/384 games (2142/h, eta 4m)
  [s3-no_q_rr-ET-nc2-dp2] 250/384 games (2148/h, eta 4m)
  [s3-no_q_rr-ET-nc2-dp2] 251/384 games (2134/h, eta 4m)
  [s3-no_q_rr-ET-nc2-dp2] 252/384 games (2122/h, eta 4m)
  [s3-no_q_rr-ET-nc2-dp2] 253/384 games (2126/h, eta 4m)
  [s3-no_q_rr-ET-nc2-dp2] 254/384 games (2126/h, eta 4m)
  [s3-no_q_rr-ET-nc2-dp2] 255/384 games (2127/h, eta 4m)
  [s3-no_q_rr-ET-nc2-dp2] 256/384 games (2132/h, eta 4m)
  [s3-no_q_rr-ET-nc2-dp2] 257/384 games (2140/h, eta 4m)
  [s3-no_q_rr-ET-nc2-dp2] 258/384 games (2127/h, eta 4m)
  [s3-no_q_rr-ET-nc2-dp2] 259/384 games (2120/h, eta 4m)
  [s3-no_q_rr-ET-nc2-dp2] 260/384 games (2126/h, eta 3m)
  [s3-no_q_rr-ET-nc2-dp2] 261/384 games (2124/h, eta 3m)
  [s3-no_q_rr-ET-nc2-dp2] 262/384 games (2120/h, eta 3m)
  [s3-no_q_rr-ET-nc2-dp2] 263/384 games (2125/h, eta 3m)
  [s3-no_q_rr-ET-nc2-dp2] 264/384 games (2122/h, eta 3m)
  [s3-no_q_rr-ET-nc2-dp2] 265/384 games (2130/h, eta 3m)
  [s3-no_q_rr-ET-nc2-dp2] 266/384 games (2137/h, eta 3m)
  [s3-no_q_rr-ET-nc2-dp2] 267/384 games (2143/h, eta 3m)
  [s3-no_q_rr-ET-nc2-dp2] 268/384 games (2148/h, eta 3m)
  [s3-no_q_rr-ET-nc2-dp2] 269/384 games (2130/h, eta 3m)
  [s3-no_q_rr-ET-nc2-dp2] 270/384 games (2128/h, eta 3m)
  [s3-no_q_rr-ET-nc2-dp2] 271/384 games (2131/h, eta 3m)
  [s3-no_q_rr-ET-nc2-dp2] 272/384 games (2138/h, eta 3m)
  [s3-no_q_rr-ET-nc2-dp2] 273/384 games (2142/h, eta 3m)
  [s3-no_q_rr-ET-nc2-dp2] 274/384 games (2136/h, eta 3m)
  [s3-no_q_rr-ET-nc2-dp2] 275/384 games (2134/h, eta 3m)
  [s3-no_q_rr-ET-nc2-dp2] 276/384 games (2134/h, eta 3m)
  [s3-no_q_rr-ET-nc2-dp2] 277/384 games (2135/h, eta 3m)
  [s3-no_q_rr-ET-nc2-dp2] 278/384 games (2107/h, eta 3m)
  [s3-no_q_rr-ET-nc2-dp2] 279/384 games (2111/h, eta 3m)
  [s3-no_q_rr-ET-nc2-dp2] 280/384 games (2115/h, eta 3m)
  [s3-no_q_rr-ET-nc2-dp2] 281/384 games (2114/h, eta 3m)
  [s3-no_q_rr-ET-nc2-dp2] 282/384 games (2114/h, eta 3m)
  [s3-no_q_rr-ET-nc2-dp2] 283/384 games (2114/h, eta 3m)
  [s3-no_q_rr-ET-nc2-dp2] 284/384 games (2120/h, eta 3m)
  [s3-no_q_rr-ET-nc2-dp2] 285/384 games (2127/h, eta 3m)
  [s3-no_q_rr-ET-nc2-dp2] 286/384 games (2124/h, eta 3m)
  [s3-no_q_rr-ET-nc2-dp2] 287/384 games (2126/h, eta 3m)
  [s3-no_q_rr-ET-nc2-dp2] 288/384 games (2132/h, eta 3m)
  [s3-no_q_rr-ET-nc2-dp2] 289/384 games (2138/h, eta 3m)
  [s3-no_q_rr-ET-nc2-dp2] 290/384 games (2144/h, eta 3m)
  [s3-no_q_rr-ET-nc2-dp2] 291/384 games (2149/h, eta 3m)
  [s3-no_q_rr-ET-nc2-dp2] 292/384 games (2141/h, eta 3m)
  [s3-no_q_rr-ET-nc2-dp2] 293/384 games (2128/h, eta 3m)
  [s3-no_q_rr-ET-nc2-dp2] 294/384 games (2131/h, eta 3m)
  [s3-no_q_rr-ET-nc2-dp2] 295/384 games (2131/h, eta 3m)
  [s3-no_q_rr-ET-nc2-dp2] 296/384 games (2127/h, eta 2m)
  [s3-no_q_rr-ET-nc2-dp2] 297/384 games (2129/h, eta 2m)
  [s3-no_q_rr-ET-nc2-dp2] 298/384 games (2129/h, eta 2m)
  [s3-no_q_rr-ET-nc2-dp2] 299/384 games (2129/h, eta 2m)
  [s3-no_q_rr-ET-nc2-dp2] 300/384 games (2133/h, eta 2m)
  [s3-no_q_rr-ET-nc2-dp2] 301/384 games (2139/h, eta 2m)
  [s3-no_q_rr-ET-nc2-dp2] 302/384 games (2143/h, eta 2m)
  [s3-no_q_rr-ET-nc2-dp2] 303/384 games (2146/h, eta 2m)
  [s3-no_q_rr-ET-nc2-dp2] 304/384 games (2142/h, eta 2m)
  [s3-no_q_rr-ET-nc2-dp2] 305/384 games (2137/h, eta 2m)
  [s3-no_q_rr-ET-nc2-dp2] 306/384 games (2142/h, eta 2m)
  [s3-no_q_rr-ET-nc2-dp2] 307/384 games (2147/h, eta 2m)
  [s3-no_q_rr-ET-nc2-dp2] 308/384 games (2152/h, eta 2m)
  [s3-no_q_rr-ET-nc2-dp2] 309/384 games (2149/h, eta 2m)
  [s3-no_q_rr-ET-nc2-dp2] 310/384 games (2150/h, eta 2m)
  [s3-no_q_rr-ET-nc2-dp2] 311/384 games (2155/h, eta 2m)
  [s3-no_q_rr-ET-nc2-dp2] 312/384 games (2153/h, eta 2m)
  [s3-no_q_rr-ET-nc2-dp2] 313/384 games (2158/h, eta 2m)
  [s3-no_q_rr-ET-nc2-dp2] 314/384 games (2154/h, eta 2m)
  [s3-no_q_rr-ET-nc2-dp2] 315/384 games (2155/h, eta 2m)
  [s3-no_q_rr-ET-nc2-dp2] 316/384 games (2146/h, eta 2m)
  [s3-no_q_rr-ET-nc2-dp2] 317/384 games (2152/h, eta 2m)
  [s3-no_q_rr-ET-nc2-dp2] 318/384 games (2159/h, eta 2m)
  [s3-no_q_rr-ET-nc2-dp2] 319/384 games (2155/h, eta 2m)
  [s3-no_q_rr-ET-nc2-dp2] 320/384 games (2152/h, eta 2m)
  [s3-no_q_rr-ET-nc2-dp2] 321/384 games (2147/h, eta 2m)
  [s3-no_q_rr-ET-nc2-dp2] 322/384 games (2143/h, eta 2m)
  [s3-no_q_rr-ET-nc2-dp2] 323/384 games (2148/h, eta 2m)
  [s3-no_q_rr-ET-nc2-dp2] 324/384 games (2154/h, eta 2m)
  [s3-no_q_rr-ET-nc2-dp2] 325/384 games (2157/h, eta 2m)
  [s3-no_q_rr-ET-nc2-dp2] 326/384 games (2160/h, eta 2m)
  [s3-no_q_rr-ET-nc2-dp2] 327/384 games (2158/h, eta 2m)
  [s3-no_q_rr-ET-nc2-dp2] 328/384 games (2161/h, eta 2m)
  [s3-no_q_rr-ET-nc2-dp2] 329/384 games (2167/h, eta 2m)
  [s3-no_q_rr-ET-nc2-dp2] 330/384 games (2170/h, eta 1m)
  [s3-no_q_rr-ET-nc2-dp2] 331/384 games (2172/h, eta 1m)
  [s3-no_q_rr-ET-nc2-dp2] 332/384 games (2160/h, eta 1m)
  [s3-no_q_rr-ET-nc2-dp2] 333/384 games (2162/h, eta 1m)
  [s3-no_q_rr-ET-nc2-dp2] 334/384 games (2168/h, eta 1m)
  [s3-no_q_rr-ET-nc2-dp2] 335/384 games (2158/h, eta 1m)
  [s3-no_q_rr-ET-nc2-dp2] 336/384 games (2153/h, eta 1m)
  [s3-no_q_rr-ET-nc2-dp2] 337/384 games (2159/h, eta 1m)
  [s3-no_q_rr-ET-nc2-dp2] 338/384 games (2160/h, eta 1m)
  [s3-no_q_rr-ET-nc2-dp2] 339/384 games (2165/h, eta 1m)
  [s3-no_q_rr-ET-nc2-dp2] 340/384 games (2169/h, eta 1m)
  [s3-no_q_rr-ET-nc2-dp2] 341/384 games (2161/h, eta 1m)
  [s3-no_q_rr-ET-nc2-dp2] 342/384 games (2161/h, eta 1m)
  [s3-no_q_rr-ET-nc2-dp2] 343/384 games (2148/h, eta 1m)
  [s3-no_q_rr-ET-nc2-dp2] 344/384 games (2146/h, eta 1m)
  [s3-no_q_rr-ET-nc2-dp2] 345/384 games (2146/h, eta 1m)
  [s3-no_q_rr-ET-nc2-dp2] 346/384 games (2152/h, eta 1m)
  [s3-no_q_rr-ET-nc2-dp2] 347/384 games (2157/h, eta 1m)
  [s3-no_q_rr-ET-nc2-dp2] 348/384 games (2153/h, eta 1m)
  [s3-no_q_rr-ET-nc2-dp2] 349/384 games (2154/h, eta 1m)
  [s3-no_q_rr-ET-nc2-dp2] 350/384 games (2160/h, eta 1m)
  [s3-no_q_rr-ET-nc2-dp2] 351/384 games (2166/h, eta 1m)
  [s3-no_q_rr-ET-nc2-dp2] 352/384 games (2171/h, eta 1m)
  [s3-no_q_rr-ET-nc2-dp2] 353/384 games (2174/h, eta 1m)
  [s3-no_q_rr-ET-nc2-dp2] 354/384 games (2170/h, eta 1m)
  [s3-no_q_rr-ET-nc2-dp2] 355/384 games (2162/h, eta 1m)
  [s3-no_q_rr-ET-nc2-dp2] 356/384 games (2166/h, eta 1m)
  [s3-no_q_rr-ET-nc2-dp2] 357/384 games (2170/h, eta 1m)
  [s3-no_q_rr-ET-nc2-dp2] 358/384 games (2166/h, eta 1m)
  [s3-no_q_rr-ET-nc2-dp2] 359/384 games (2166/h, eta 1m)
  [s3-no_q_rr-ET-nc2-dp2] 360/384 games (2163/h, eta 1m)
  [s3-no_q_rr-ET-nc2-dp2] 361/384 games (2164/h, eta 1m)
  [s3-no_q_rr-ET-nc2-dp2] 362/384 games (2152/h, eta 1m)
  [s3-no_q_rr-ET-nc2-dp2] 363/384 games (2156/h, eta 1m)
  [s3-no_q_rr-ET-nc2-dp2] 364/384 games (2162/h, eta 1m)
  [s3-no_q_rr-ET-nc2-dp2] 365/384 games (2162/h, eta 1m)
  [s3-no_q_rr-ET-nc2-dp2] 366/384 games (2149/h, eta 1m)
  [s3-no_q_rr-ET-nc2-dp2] 367/384 games (2154/h, eta 0m)
  [s3-no_q_rr-ET-nc2-dp2] 368/384 games (2160/h, eta 0m)
  [s3-no_q_rr-ET-nc2-dp2] 369/384 games (2165/h, eta 0m)
  [s3-no_q_rr-ET-nc2-dp2] 370/384 games (2170/h, eta 0m)
  [s3-no_q_rr-ET-nc2-dp2] 371/384 games (2172/h, eta 0m)
  [s3-no_q_rr-ET-nc2-dp2] 372/384 games (2170/h, eta 0m)
  [s3-no_q_rr-ET-nc2-dp2] 373/384 games (2175/h, eta 0m)
  [s3-no_q_rr-ET-nc2-dp2] 374/384 games (2178/h, eta 0m)
  [s3-no_q_rr-ET-nc2-dp2] 375/384 games (2178/h, eta 0m)
  [s3-no_q_rr-ET-nc2-dp2] 376/384 games (2182/h, eta 0m)
  [s3-no_q_rr-ET-nc2-dp2] 377/384 games (2181/h, eta 0m)
  [s3-no_q_rr-ET-nc2-dp2] 378/384 games (2179/h, eta 0m)
  [s3-no_q_rr-ET-nc2-dp2] 379/384 games (2182/h, eta 0m)
  [s3-no_q_rr-ET-nc2-dp2] 380/384 games (2187/h, eta 0m)
  [s3-no_q_rr-ET-nc2-dp2] 381/384 games (2188/h, eta 0m)
  [s3-no_q_rr-ET-nc2-dp2] 382/384 games (2179/h, eta 0m)
  [s3-no_q_rr-ET-nc2-dp2] 383/384 games (2173/h, eta 0m)
  [s3-no_q_rr-ET-nc2-dp2] 384/384 games (2162/h, eta 0m)
== s3-no_q-IL-nc2 -> experiments/results/perturbation/s3-no_q-IL-nc2.jsonl
  [s3-no_q-IL-nc2] 1/384 games (269/h, eta 85m)
  [s3-no_q-IL-nc2] 2/384 games (379/h, eta 61m)
  [s3-no_q-IL-nc2] 3/384 games (478/h, eta 48m)
  [s3-no_q-IL-nc2] 4/384 games (633/h, eta 36m)
  [s3-no_q-IL-nc2] 5/384 games (721/h, eta 32m)
  [s3-no_q-IL-nc2] 6/384 games (858/h, eta 26m)
  [s3-no_q-IL-nc2] 7/384 games (903/h, eta 25m)
  [s3-no_q-IL-nc2] 8/384 games (901/h, eta 25m)
  [s3-no_q-IL-nc2] 9/384 games (928/h, eta 24m)
  [s3-no_q-IL-nc2] 10/384 games (1027/h, eta 22m)
  [s3-no_q-IL-nc2] 11/384 games (1129/h, eta 20m)
  [s3-no_q-IL-nc2] 12/384 games (1216/h, eta 18m)
  [s3-no_q-IL-nc2] 13/384 games (1288/h, eta 17m)
  [s3-no_q-IL-nc2] 14/384 games (1384/h, eta 16m)
  [s3-no_q-IL-nc2] 15/384 games (1480/h, eta 15m)
  [s3-no_q-IL-nc2] 16/384 games (1552/h, eta 14m)
  [s3-no_q-IL-nc2] 17/384 games (1433/h, eta 15m)
  [s3-no_q-IL-nc2] 18/384 games (1473/h, eta 15m)
  [s3-no_q-IL-nc2] 19/384 games (1546/h, eta 14m)
  [s3-no_q-IL-nc2] 20/384 games (1558/h, eta 14m)
  [s3-no_q-IL-nc2] 21/384 games (1580/h, eta 14m)
  [s3-no_q-IL-nc2] 22/384 games (1614/h, eta 13m)
  [s3-no_q-IL-nc2] 23/384 games (1683/h, eta 13m)
  [s3-no_q-IL-nc2] 24/384 games (1569/h, eta 14m)
  [s3-no_q-IL-nc2] 25/384 games (1608/h, eta 13m)
  [s3-no_q-IL-nc2] 26/384 games (1663/h, eta 13m)
  [s3-no_q-IL-nc2] 27/384 games (1699/h, eta 13m)
  [s3-no_q-IL-nc2] 28/384 games (1709/h, eta 13m)
  [s3-no_q-IL-nc2] 29/384 games (1722/h, eta 12m)
  [s3-no_q-IL-nc2] 30/384 games (1695/h, eta 13m)
  [s3-no_q-IL-nc2] 31/384 games (1699/h, eta 12m)
  [s3-no_q-IL-nc2] 32/384 games (1716/h, eta 12m)
  [s3-no_q-IL-nc2] 33/384 games (1763/h, eta 12m)
  [s3-no_q-IL-nc2] 34/384 games (1776/h, eta 12m)
  [s3-no_q-IL-nc2] 35/384 games (1801/h, eta 12m)
  [s3-no_q-IL-nc2] 36/384 games (1822/h, eta 11m)
  [s3-no_q-IL-nc2] 37/384 games (1838/h, eta 11m)
  [s3-no_q-IL-nc2] 38/384 games (1870/h, eta 11m)
  [s3-no_q-IL-nc2] 39/384 games (1863/h, eta 11m)
  [s3-no_q-IL-nc2] 40/384 games (1903/h, eta 11m)
  [s3-no_q-IL-nc2] 41/384 games (1920/h, eta 11m)
  [s3-no_q-IL-nc2] 42/384 games (1919/h, eta 11m)
  [s3-no_q-IL-nc2] 43/384 games (1964/h, eta 10m)
  [s3-no_q-IL-nc2] 44/384 games (1984/h, eta 10m)
  [s3-no_q-IL-nc2] 45/384 games (2003/h, eta 10m)
  [s3-no_q-IL-nc2] 46/384 games (1995/h, eta 10m)
  [s3-no_q-IL-nc2] 47/384 games (1997/h, eta 10m)
  [s3-no_q-IL-nc2] 48/384 games (1989/h, eta 10m)
  [s3-no_q-IL-nc2] 49/384 games (1972/h, eta 10m)
  [s3-no_q-IL-nc2] 50/384 games (2004/h, eta 10m)
  [s3-no_q-IL-nc2] 51/384 games (2004/h, eta 10m)
  [s3-no_q-IL-nc2] 52/384 games (1936/h, eta 10m)
  [s3-no_q-IL-nc2] 53/384 games (1966/h, eta 10m)
  [s3-no_q-IL-nc2] 54/384 games (1925/h, eta 10m)
  [s3-no_q-IL-nc2] 55/384 games (1956/h, eta 10m)
  [s3-no_q-IL-nc2] 56/384 games (1928/h, eta 10m)
  [s3-no_q-IL-nc2] 57/384 games (1958/h, eta 10m)
  [s3-no_q-IL-nc2] 58/384 games (1986/h, eta 10m)
  [s3-no_q-IL-nc2] 59/384 games (1983/h, eta 10m)
  [s3-no_q-IL-nc2] 60/384 games (2013/h, eta 10m)
  [s3-no_q-IL-nc2] 61/384 games (2042/h, eta 9m)
  [s3-no_q-IL-nc2] 62/384 games (1957/h, eta 10m)
  [s3-no_q-IL-nc2] 63/384 games (1948/h, eta 10m)
  [s3-no_q-IL-nc2] 64/384 games (1971/h, eta 10m)
  [s3-no_q-IL-nc2] 65/384 games (1999/h, eta 10m)
  [s3-no_q-IL-nc2] 66/384 games (2029/h, eta 9m)
  [s3-no_q-IL-nc2] 67/384 games (2042/h, eta 9m)
  [s3-no_q-IL-nc2] 68/384 games (2054/h, eta 9m)
  [s3-no_q-IL-nc2] 69/384 games (2048/h, eta 9m)
  [s3-no_q-IL-nc2] 70/384 games (2072/h, eta 9m)
  [s3-no_q-IL-nc2] 71/384 games (2065/h, eta 9m)
  [s3-no_q-IL-nc2] 72/384 games (2073/h, eta 9m)
  [s3-no_q-IL-nc2] 73/384 games (2098/h, eta 9m)
  [s3-no_q-IL-nc2] 74/384 games (2119/h, eta 9m)
  [s3-no_q-IL-nc2] 75/384 games (2143/h, eta 9m)
  [s3-no_q-IL-nc2] 76/384 games (2116/h, eta 9m)
  [s3-no_q-IL-nc2] 77/384 games (2122/h, eta 9m)
  [s3-no_q-IL-nc2] 78/384 games (2030/h, eta 9m)
  [s3-no_q-IL-nc2] 79/384 games (2037/h, eta 9m)
  [s3-no_q-IL-nc2] 80/384 games (2050/h, eta 9m)
  [s3-no_q-IL-nc2] 81/384 games (2037/h, eta 9m)
  [s3-no_q-IL-nc2] 82/384 games (2046/h, eta 9m)
  [s3-no_q-IL-nc2] 83/384 games (2054/h, eta 9m)
  [s3-no_q-IL-nc2] 84/384 games (2036/h, eta 9m)
  [s3-no_q-IL-nc2] 85/384 games (2060/h, eta 9m)
  [s3-no_q-IL-nc2] 86/384 games (2076/h, eta 9m)
  [s3-no_q-IL-nc2] 87/384 games (2085/h, eta 9m)
  [s3-no_q-IL-nc2] 88/384 games (2097/h, eta 8m)
  [s3-no_q-IL-nc2] 89/384 games (2114/h, eta 8m)
  [s3-no_q-IL-nc2] 90/384 games (2086/h, eta 8m)
  [s3-no_q-IL-nc2] 91/384 games (2083/h, eta 8m)
  [s3-no_q-IL-nc2] 92/384 games (2102/h, eta 8m)
  [s3-no_q-IL-nc2] 93/384 games (2115/h, eta 8m)
  [s3-no_q-IL-nc2] 94/384 games (2110/h, eta 8m)
  [s3-no_q-IL-nc2] 95/384 games (2099/h, eta 8m)
  [s3-no_q-IL-nc2] 96/384 games (2113/h, eta 8m)
  [s3-no_q-IL-nc2] 97/384 games (2131/h, eta 8m)
  [s3-no_q-IL-nc2] 98/384 games (2137/h, eta 8m)
  [s3-no_q-IL-nc2] 99/384 games (2150/h, eta 8m)
  [s3-no_q-IL-nc2] 100/384 games (2140/h, eta 8m)
  [s3-no_q-IL-nc2] 101/384 games (2149/h, eta 8m)
  [s3-no_q-IL-nc2] 102/384 games (2155/h, eta 8m)
  [s3-no_q-IL-nc2] 103/384 games (2171/h, eta 8m)
  [s3-no_q-IL-nc2] 104/384 games (2181/h, eta 8m)
  [s3-no_q-IL-nc2] 105/384 games (2184/h, eta 8m)
  [s3-no_q-IL-nc2] 106/384 games (2180/h, eta 8m)
  [s3-no_q-IL-nc2] 107/384 games (2178/h, eta 8m)
  [s3-no_q-IL-nc2] 108/384 games (2189/h, eta 8m)
  [s3-no_q-IL-nc2] 109/384 games (2206/h, eta 7m)
  [s3-no_q-IL-nc2] 110/384 games (2222/h, eta 7m)
  [s3-no_q-IL-nc2] 111/384 games (2234/h, eta 7m)
  [s3-no_q-IL-nc2] 112/384 games (2250/h, eta 7m)
  [s3-no_q-IL-nc2] 113/384 games (2217/h, eta 7m)
  [s3-no_q-IL-nc2] 114/384 games (2225/h, eta 7m)
  [s3-no_q-IL-nc2] 115/384 games (2230/h, eta 7m)
  [s3-no_q-IL-nc2] 116/384 games (2235/h, eta 7m)
  [s3-no_q-IL-nc2] 117/384 games (2213/h, eta 7m)
  [s3-no_q-IL-nc2] 118/384 games (2225/h, eta 7m)
  [s3-no_q-IL-nc2] 119/384 games (2216/h, eta 7m)
  [s3-no_q-IL-nc2] 120/384 games (2229/h, eta 7m)
  [s3-no_q-IL-nc2] 121/384 games (2225/h, eta 7m)
  [s3-no_q-IL-nc2] 122/384 games (2219/h, eta 7m)
  [s3-no_q-IL-nc2] 123/384 games (2221/h, eta 7m)
  [s3-no_q-IL-nc2] 124/384 games (2237/h, eta 7m)
  [s3-no_q-IL-nc2] 125/384 games (2246/h, eta 7m)
  [s3-no_q-IL-nc2] 126/384 games (2255/h, eta 7m)
  [s3-no_q-IL-nc2] 127/384 games (2238/h, eta 7m)
  [s3-no_q-IL-nc2] 128/384 games (2232/h, eta 7m)
  [s3-no_q-IL-nc2] 129/384 games (2249/h, eta 7m)
  [s3-no_q-IL-nc2] 130/384 games (2238/h, eta 7m)
  [s3-no_q-IL-nc2] 131/384 games (2244/h, eta 7m)
  [s3-no_q-IL-nc2] 132/384 games (2260/h, eta 7m)
  [s3-no_q-IL-nc2] 133/384 games (2276/h, eta 7m)
  [s3-no_q-IL-nc2] 134/384 games (2284/h, eta 7m)
  [s3-no_q-IL-nc2] 135/384 games (2284/h, eta 7m)
  [s3-no_q-IL-nc2] 136/384 games (2236/h, eta 7m)
  [s3-no_q-IL-nc2] 137/384 games (2243/h, eta 7m)
  [s3-no_q-IL-nc2] 138/384 games (2239/h, eta 7m)
  [s3-no_q-IL-nc2] 139/384 games (2244/h, eta 7m)
  [s3-no_q-IL-nc2] 140/384 games (2253/h, eta 6m)
  [s3-no_q-IL-nc2] 141/384 games (2266/h, eta 6m)
  [s3-no_q-IL-nc2] 142/384 games (2268/h, eta 6m)
  [s3-no_q-IL-nc2] 143/384 games (2257/h, eta 6m)
  [s3-no_q-IL-nc2] 144/384 games (2238/h, eta 6m)
  [s3-no_q-IL-nc2] 145/384 games (2234/h, eta 6m)
  [s3-no_q-IL-nc2] 146/384 games (2229/h, eta 6m)
  [s3-no_q-IL-nc2] 147/384 games (2238/h, eta 6m)
  [s3-no_q-IL-nc2] 148/384 games (2250/h, eta 6m)
  [s3-no_q-IL-nc2] 149/384 games (2261/h, eta 6m)
  [s3-no_q-IL-nc2] 150/384 games (2255/h, eta 6m)
  [s3-no_q-IL-nc2] 151/384 games (2258/h, eta 6m)
  [s3-no_q-IL-nc2] 152/384 games (2259/h, eta 6m)
  [s3-no_q-IL-nc2] 153/384 games (2265/h, eta 6m)
  [s3-no_q-IL-nc2] 154/384 games (2253/h, eta 6m)
  [s3-no_q-IL-nc2] 155/384 games (2266/h, eta 6m)
  [s3-no_q-IL-nc2] 156/384 games (2275/h, eta 6m)
  [s3-no_q-IL-nc2] 157/384 games (2285/h, eta 6m)
  [s3-no_q-IL-nc2] 158/384 games (2293/h, eta 6m)
  [s3-no_q-IL-nc2] 159/384 games (2273/h, eta 6m)
  [s3-no_q-IL-nc2] 160/384 games (2248/h, eta 6m)
  [s3-no_q-IL-nc2] 161/384 games (2242/h, eta 6m)
  [s3-no_q-IL-nc2] 162/384 games (2253/h, eta 6m)
  [s3-no_q-IL-nc2] 163/384 games (2266/h, eta 6m)
  [s3-no_q-IL-nc2] 164/384 games (2265/h, eta 6m)
  [s3-no_q-IL-nc2] 165/384 games (2261/h, eta 6m)
  [s3-no_q-IL-nc2] 166/384 games (2268/h, eta 6m)
  [s3-no_q-IL-nc2] 167/384 games (2281/h, eta 6m)
  [s3-no_q-IL-nc2] 168/384 games (2232/h, eta 6m)
  [s3-no_q-IL-nc2] 169/384 games (2242/h, eta 6m)
  [s3-no_q-IL-nc2] 170/384 games (2245/h, eta 6m)
  [s3-no_q-IL-nc2] 171/384 games (2255/h, eta 6m)
  [s3-no_q-IL-nc2] 172/384 games (2264/h, eta 6m)
  [s3-no_q-IL-nc2] 173/384 games (2253/h, eta 6m)
  [s3-no_q-IL-nc2] 174/384 games (2231/h, eta 6m)
  [s3-no_q-IL-nc2] 175/384 games (2240/h, eta 6m)
  [s3-no_q-IL-nc2] 176/384 games (2245/h, eta 6m)
  [s3-no_q-IL-nc2] 177/384 games (2256/h, eta 6m)
  [s3-no_q-IL-nc2] 178/384 games (2266/h, eta 5m)
  [s3-no_q-IL-nc2] 179/384 games (2263/h, eta 5m)
  [s3-no_q-IL-nc2] 180/384 games (2274/h, eta 5m)
  [s3-no_q-IL-nc2] 181/384 games (2272/h, eta 5m)
  [s3-no_q-IL-nc2] 182/384 games (2277/h, eta 5m)
  [s3-no_q-IL-nc2] 183/384 games (2266/h, eta 5m)
  [s3-no_q-IL-nc2] 184/384 games (2268/h, eta 5m)
  [s3-no_q-IL-nc2] 185/384 games (2244/h, eta 5m)
  [s3-no_q-IL-nc2] 186/384 games (2254/h, eta 5m)
  [s3-no_q-IL-nc2] 187/384 games (2252/h, eta 5m)
  [s3-no_q-IL-nc2] 188/384 games (2243/h, eta 5m)
  [s3-no_q-IL-nc2] 189/384 games (2250/h, eta 5m)
  [s3-no_q-IL-nc2] 190/384 games (2261/h, eta 5m)
  [s3-no_q-IL-nc2] 191/384 games (2272/h, eta 5m)
  [s3-no_q-IL-nc2] 192/384 games (2279/h, eta 5m)
  [s3-no_q-IL-nc2] 193/384 games (2284/h, eta 5m)
  [s3-no_q-IL-nc2] 194/384 games (2294/h, eta 5m)
  [s3-no_q-IL-nc2] 195/384 games (2305/h, eta 5m)
  [s3-no_q-IL-nc2] 196/384 games (2301/h, eta 5m)
  [s3-no_q-IL-nc2] 197/384 games (2302/h, eta 5m)
  [s3-no_q-IL-nc2] 198/384 games (2314/h, eta 5m)
  [s3-no_q-IL-nc2] 199/384 games (2307/h, eta 5m)
  [s3-no_q-IL-nc2] 200/384 games (2313/h, eta 5m)
  [s3-no_q-IL-nc2] 201/384 games (2319/h, eta 5m)
  [s3-no_q-IL-nc2] 202/384 games (2318/h, eta 5m)
  [s3-no_q-IL-nc2] 203/384 games (2316/h, eta 5m)
  [s3-no_q-IL-nc2] 204/384 games (2316/h, eta 5m)
  [s3-no_q-IL-nc2] 205/384 games (2276/h, eta 5m)
  [s3-no_q-IL-nc2] 206/384 games (2286/h, eta 5m)
  [s3-no_q-IL-nc2] 207/384 games (2270/h, eta 5m)
  [s3-no_q-IL-nc2] 208/384 games (2270/h, eta 5m)
  [s3-no_q-IL-nc2] 209/384 games (2281/h, eta 5m)
  [s3-no_q-IL-nc2] 210/384 games (2290/h, eta 5m)
  [s3-no_q-IL-nc2] 211/384 games (2288/h, eta 5m)
  [s3-no_q-IL-nc2] 212/384 games (2285/h, eta 5m)
  [s3-no_q-IL-nc2] 213/384 games (2283/h, eta 4m)
  [s3-no_q-IL-nc2] 214/384 games (2291/h, eta 4m)
  [s3-no_q-IL-nc2] 215/384 games (2300/h, eta 4m)
  [s3-no_q-IL-nc2] 216/384 games (2301/h, eta 4m)
  [s3-no_q-IL-nc2] 217/384 games (2307/h, eta 4m)
  [s3-no_q-IL-nc2] 218/384 games (2316/h, eta 4m)
  [s3-no_q-IL-nc2] 219/384 games (2322/h, eta 4m)
  [s3-no_q-IL-nc2] 220/384 games (2327/h, eta 4m)
  [s3-no_q-IL-nc2] 221/384 games (2332/h, eta 4m)
  [s3-no_q-IL-nc2] 222/384 games (2295/h, eta 4m)
  [s3-no_q-IL-nc2] 223/384 games (2304/h, eta 4m)
  [s3-no_q-IL-nc2] 224/384 games (2303/h, eta 4m)
  [s3-no_q-IL-nc2] 225/384 games (2306/h, eta 4m)
  [s3-no_q-IL-nc2] 226/384 games (2313/h, eta 4m)
  [s3-no_q-IL-nc2] 227/384 games (2313/h, eta 4m)
  [s3-no_q-IL-nc2] 228/384 games (2312/h, eta 4m)
  [s3-no_q-IL-nc2] 229/384 games (2295/h, eta 4m)
  [s3-no_q-IL-nc2] 230/384 games (2304/h, eta 4m)
  [s3-no_q-IL-nc2] 231/384 games (2306/h, eta 4m)
  [s3-no_q-IL-nc2] 232/384 games (2300/h, eta 4m)
  [s3-no_q-IL-nc2] 233/384 games (2285/h, eta 4m)
  [s3-no_q-IL-nc2] 234/384 games (2283/h, eta 4m)
  [s3-no_q-IL-nc2] 235/384 games (2286/h, eta 4m)
  [s3-no_q-IL-nc2] 236/384 games (2296/h, eta 4m)
  [s3-no_q-IL-nc2] 237/384 games (2305/h, eta 4m)
  [s3-no_q-IL-nc2] 238/384 games (2312/h, eta 4m)
  [s3-no_q-IL-nc2] 239/384 games (2301/h, eta 4m)
  [s3-no_q-IL-nc2] 240/384 games (2305/h, eta 4m)
  [s3-no_q-IL-nc2] 241/384 games (2314/h, eta 4m)
  [s3-no_q-IL-nc2] 242/384 games (2318/h, eta 4m)
  [s3-no_q-IL-nc2] 243/384 games (2324/h, eta 4m)
  [s3-no_q-IL-nc2] 244/384 games (2327/h, eta 4m)
  [s3-no_q-IL-nc2] 245/384 games (2334/h, eta 4m)
  [s3-no_q-IL-nc2] 246/384 games (2332/h, eta 4m)
  [s3-no_q-IL-nc2] 247/384 games (2311/h, eta 4m)
  [s3-no_q-IL-nc2] 248/384 games (2317/h, eta 4m)
  [s3-no_q-IL-nc2] 249/384 games (2310/h, eta 4m)
  [s3-no_q-IL-nc2] 250/384 games (2317/h, eta 3m)
  [s3-no_q-IL-nc2] 251/384 games (2308/h, eta 3m)
  [s3-no_q-IL-nc2] 252/384 games (2315/h, eta 3m)
  [s3-no_q-IL-nc2] 253/384 games (2296/h, eta 3m)
  [s3-no_q-IL-nc2] 254/384 games (2291/h, eta 3m)
  [s3-no_q-IL-nc2] 255/384 games (2277/h, eta 3m)
  [s3-no_q-IL-nc2] 256/384 games (2283/h, eta 3m)
  [s3-no_q-IL-nc2] 257/384 games (2286/h, eta 3m)
  [s3-no_q-IL-nc2] 258/384 games (2294/h, eta 3m)
  [s3-no_q-IL-nc2] 259/384 games (2292/h, eta 3m)
  [s3-no_q-IL-nc2] 260/384 games (2294/h, eta 3m)
  [s3-no_q-IL-nc2] 261/384 games (2280/h, eta 3m)
  [s3-no_q-IL-nc2] 262/384 games (2282/h, eta 3m)
  [s3-no_q-IL-nc2] 263/384 games (2291/h, eta 3m)
  [s3-no_q-IL-nc2] 264/384 games (2298/h, eta 3m)
  [s3-no_q-IL-nc2] 265/384 games (2305/h, eta 3m)
  [s3-no_q-IL-nc2] 266/384 games (2307/h, eta 3m)
  [s3-no_q-IL-nc2] 267/384 games (2307/h, eta 3m)
  [s3-no_q-IL-nc2] 268/384 games (2312/h, eta 3m)
  [s3-no_q-IL-nc2] 269/384 games (2318/h, eta 3m)
  [s3-no_q-IL-nc2] 270/384 games (2319/h, eta 3m)
  [s3-no_q-IL-nc2] 271/384 games (2324/h, eta 3m)
  [s3-no_q-IL-nc2] 272/384 games (2331/h, eta 3m)
  [s3-no_q-IL-nc2] 273/384 games (2339/h, eta 3m)
  [s3-no_q-IL-nc2] 274/384 games (2344/h, eta 3m)
  [s3-no_q-IL-nc2] 275/384 games (2336/h, eta 3m)
  [s3-no_q-IL-nc2] 276/384 games (2330/h, eta 3m)
  [s3-no_q-IL-nc2] 277/384 games (2315/h, eta 3m)
  [s3-no_q-IL-nc2] 278/384 games (2319/h, eta 3m)
  [s3-no_q-IL-nc2] 279/384 games (2311/h, eta 3m)
  [s3-no_q-IL-nc2] 280/384 games (2318/h, eta 3m)
  [s3-no_q-IL-nc2] 281/384 games (2326/h, eta 3m)
  [s3-no_q-IL-nc2] 282/384 games (2322/h, eta 3m)
  [s3-no_q-IL-nc2] 283/384 games (2327/h, eta 3m)
  [s3-no_q-IL-nc2] 284/384 games (2315/h, eta 3m)
  [s3-no_q-IL-nc2] 285/384 games (2293/h, eta 3m)
  [s3-no_q-IL-nc2] 286/384 games (2296/h, eta 3m)
  [s3-no_q-IL-nc2] 287/384 games (2295/h, eta 3m)
  [s3-no_q-IL-nc2] 288/384 games (2300/h, eta 3m)
  [s3-no_q-IL-nc2] 289/384 games (2302/h, eta 2m)
  [s3-no_q-IL-nc2] 290/384 games (2309/h, eta 2m)
  [s3-no_q-IL-nc2] 291/384 games (2315/h, eta 2m)
  [s3-no_q-IL-nc2] 292/384 games (2309/h, eta 2m)
  [s3-no_q-IL-nc2] 293/384 games (2302/h, eta 2m)
  [s3-no_q-IL-nc2] 294/384 games (2303/h, eta 2m)
  [s3-no_q-IL-nc2] 295/384 games (2306/h, eta 2m)
  [s3-no_q-IL-nc2] 296/384 games (2313/h, eta 2m)
  [s3-no_q-IL-nc2] 297/384 games (2319/h, eta 2m)
  [s3-no_q-IL-nc2] 298/384 games (2321/h, eta 2m)
  [s3-no_q-IL-nc2] 299/384 games (2317/h, eta 2m)
  [s3-no_q-IL-nc2] 300/384 games (2319/h, eta 2m)
  [s3-no_q-IL-nc2] 301/384 games (2312/h, eta 2m)
  [s3-no_q-IL-nc2] 302/384 games (2310/h, eta 2m)
  [s3-no_q-IL-nc2] 303/384 games (2313/h, eta 2m)
  [s3-no_q-IL-nc2] 304/384 games (2310/h, eta 2m)
  [s3-no_q-IL-nc2] 305/384 games (2314/h, eta 2m)
  [s3-no_q-IL-nc2] 306/384 games (2314/h, eta 2m)
  [s3-no_q-IL-nc2] 307/384 games (2319/h, eta 2m)
  [s3-no_q-IL-nc2] 308/384 games (2308/h, eta 2m)
  [s3-no_q-IL-nc2] 309/384 games (2298/h, eta 2m)
  [s3-no_q-IL-nc2] 310/384 games (2303/h, eta 2m)
  [s3-no_q-IL-nc2] 311/384 games (2306/h, eta 2m)
  [s3-no_q-IL-nc2] 312/384 games (2312/h, eta 2m)
  [s3-no_q-IL-nc2] 313/384 games (2316/h, eta 2m)
  [s3-no_q-IL-nc2] 314/384 games (2319/h, eta 2m)
  [s3-no_q-IL-nc2] 315/384 games (2321/h, eta 2m)
  [s3-no_q-IL-nc2] 316/384 games (2298/h, eta 2m)
  [s3-no_q-IL-nc2] 317/384 games (2293/h, eta 2m)
  [s3-no_q-IL-nc2] 318/384 games (2294/h, eta 2m)
  [s3-no_q-IL-nc2] 319/384 games (2295/h, eta 2m)
  [s3-no_q-IL-nc2] 320/384 games (2299/h, eta 2m)
  [s3-no_q-IL-nc2] 321/384 games (2306/h, eta 2m)
  [s3-no_q-IL-nc2] 322/384 games (2307/h, eta 2m)
  [s3-no_q-IL-nc2] 323/384 games (2296/h, eta 2m)
  [s3-no_q-IL-nc2] 324/384 games (2299/h, eta 2m)
  [s3-no_q-IL-nc2] 325/384 games (2304/h, eta 2m)
  [s3-no_q-IL-nc2] 326/384 games (2305/h, eta 2m)
  [s3-no_q-IL-nc2] 327/384 games (2295/h, eta 1m)
  [s3-no_q-IL-nc2] 328/384 games (2300/h, eta 1m)
  [s3-no_q-IL-nc2] 329/384 games (2306/h, eta 1m)
  [s3-no_q-IL-nc2] 330/384 games (2312/h, eta 1m)
  [s3-no_q-IL-nc2] 331/384 games (2318/h, eta 1m)
  [s3-no_q-IL-nc2] 332/384 games (2319/h, eta 1m)
  [s3-no_q-IL-nc2] 333/384 games (2315/h, eta 1m)
  [s3-no_q-IL-nc2] 334/384 games (2304/h, eta 1m)
  [s3-no_q-IL-nc2] 335/384 games (2309/h, eta 1m)
  [s3-no_q-IL-nc2] 336/384 games (2306/h, eta 1m)
  [s3-no_q-IL-nc2] 337/384 games (2308/h, eta 1m)
  [s3-no_q-IL-nc2] 338/384 games (2313/h, eta 1m)
  [s3-no_q-IL-nc2] 339/384 games (2316/h, eta 1m)
  [s3-no_q-IL-nc2] 340/384 games (2310/h, eta 1m)
  [s3-no_q-IL-nc2] 341/384 games (2311/h, eta 1m)
  [s3-no_q-IL-nc2] 342/384 games (2312/h, eta 1m)
  [s3-no_q-IL-nc2] 343/384 games (2310/h, eta 1m)
  [s3-no_q-IL-nc2] 344/384 games (2317/h, eta 1m)
  [s3-no_q-IL-nc2] 345/384 games (2321/h, eta 1m)
  [s3-no_q-IL-nc2] 346/384 games (2314/h, eta 1m)
  [s3-no_q-IL-nc2] 347/384 games (2308/h, eta 1m)
  [s3-no_q-IL-nc2] 348/384 games (2301/h, eta 1m)
  [s3-no_q-IL-nc2] 349/384 games (2306/h, eta 1m)
  [s3-no_q-IL-nc2] 350/384 games (2309/h, eta 1m)
  [s3-no_q-IL-nc2] 351/384 games (2303/h, eta 1m)
  [s3-no_q-IL-nc2] 352/384 games (2308/h, eta 1m)
  [s3-no_q-IL-nc2] 353/384 games (2313/h, eta 1m)
  [s3-no_q-IL-nc2] 354/384 games (2317/h, eta 1m)
  [s3-no_q-IL-nc2] 355/384 games (2319/h, eta 1m)
  [s3-no_q-IL-nc2] 356/384 games (2318/h, eta 1m)
  [s3-no_q-IL-nc2] 357/384 games (2324/h, eta 1m)
  [s3-no_q-IL-nc2] 358/384 games (2327/h, eta 1m)
  [s3-no_q-IL-nc2] 359/384 games (2324/h, eta 1m)
  [s3-no_q-IL-nc2] 360/384 games (2319/h, eta 1m)
  [s3-no_q-IL-nc2] 361/384 games (2324/h, eta 1m)
  [s3-no_q-IL-nc2] 362/384 games (2331/h, eta 1m)
  [s3-no_q-IL-nc2] 363/384 games (2334/h, eta 1m)
  [s3-no_q-IL-nc2] 364/384 games (2339/h, eta 1m)
  [s3-no_q-IL-nc2] 365/384 games (2344/h, eta 0m)
  [s3-no_q-IL-nc2] 366/384 games (2350/h, eta 0m)
  [s3-no_q-IL-nc2] 367/384 games (2353/h, eta 0m)
  [s3-no_q-IL-nc2] 368/384 games (2348/h, eta 0m)
  [s3-no_q-IL-nc2] 369/384 games (2351/h, eta 0m)
  [s3-no_q-IL-nc2] 370/384 games (2355/h, eta 0m)
  [s3-no_q-IL-nc2] 371/384 games (2358/h, eta 0m)
  [s3-no_q-IL-nc2] 372/384 games (2354/h, eta 0m)
  [s3-no_q-IL-nc2] 373/384 games (2346/h, eta 0m)
  [s3-no_q-IL-nc2] 374/384 games (2346/h, eta 0m)
  [s3-no_q-IL-nc2] 375/384 games (2351/h, eta 0m)
  [s3-no_q-IL-nc2] 376/384 games (2345/h, eta 0m)
  [s3-no_q-IL-nc2] 377/384 games (2350/h, eta 0m)
  [s3-no_q-IL-nc2] 378/384 games (2349/h, eta 0m)
  [s3-no_q-IL-nc2] 379/384 games (2346/h, eta 0m)
  [s3-no_q-IL-nc2] 380/384 games (2338/h, eta 0m)
  [s3-no_q-IL-nc2] 381/384 games (2343/h, eta 0m)
  [s3-no_q-IL-nc2] 382/384 games (2340/h, eta 0m)
  [s3-no_q-IL-nc2] 383/384 games (2331/h, eta 0m)
  [s3-no_q-IL-nc2] 384/384 games (2333/h, eta 0m)
== s3-no_q-IL-dp2 -> experiments/results/perturbation/s3-no_q-IL-dp2.jsonl
  [s3-no_q-IL-dp2] 1/384 games (414/h, eta 55m)
  [s3-no_q-IL-dp2] 2/384 games (541/h, eta 42m)
  [s3-no_q-IL-dp2] 3/384 games (514/h, eta 44m)
  [s3-no_q-IL-dp2] 4/384 games (595/h, eta 38m)
  [s3-no_q-IL-dp2] 5/384 games (734/h, eta 31m)
  [s3-no_q-IL-dp2] 6/384 games (848/h, eta 27m)
  [s3-no_q-IL-dp2] 7/384 games (960/h, eta 24m)
  [s3-no_q-IL-dp2] 8/384 games (1077/h, eta 21m)
  [s3-no_q-IL-dp2] 9/384 games (1168/h, eta 19m)
  [s3-no_q-IL-dp2] 10/384 games (1292/h, eta 17m)
  [s3-no_q-IL-dp2] 11/384 games (1130/h, eta 20m)
  [s3-no_q-IL-dp2] 12/384 games (1205/h, eta 19m)
  [s3-no_q-IL-dp2] 13/384 games (1298/h, eta 17m)
  [s3-no_q-IL-dp2] 14/384 games (1333/h, eta 17m)
  [s3-no_q-IL-dp2] 15/384 games (1424/h, eta 16m)
  [s3-no_q-IL-dp2] 16/384 games (1509/h, eta 15m)
  [s3-no_q-IL-dp2] 17/384 games (1594/h, eta 14m)
  [s3-no_q-IL-dp2] 18/384 games (1511/h, eta 15m)
  [s3-no_q-IL-dp2] 19/384 games (1582/h, eta 14m)
  [s3-no_q-IL-dp2] 20/384 games (1613/h, eta 14m)
  [s3-no_q-IL-dp2] 21/384 games (1685/h, eta 13m)
  [s3-no_q-IL-dp2] 22/384 games (1725/h, eta 13m)
  [s3-no_q-IL-dp2] 23/384 games (1780/h, eta 12m)
  [s3-no_q-IL-dp2] 24/384 games (1825/h, eta 12m)
  [s3-no_q-IL-dp2] 25/384 games (1856/h, eta 12m)
  [s3-no_q-IL-dp2] 26/384 games (1802/h, eta 12m)
  [s3-no_q-IL-dp2] 27/384 games (1820/h, eta 12m)
  [s3-no_q-IL-dp2] 28/384 games (1849/h, eta 12m)
  [s3-no_q-IL-dp2] 29/384 games (1725/h, eta 12m)
  [s3-no_q-IL-dp2] 30/384 games (1754/h, eta 12m)
  [s3-no_q-IL-dp2] 31/384 games (1803/h, eta 12m)
  [s3-no_q-IL-dp2] 32/384 games (1838/h, eta 11m)
  [s3-no_q-IL-dp2] 33/384 games (1858/h, eta 11m)
  [s3-no_q-IL-dp2] 34/384 games (1879/h, eta 11m)
  [s3-no_q-IL-dp2] 35/384 games (1895/h, eta 11m)
  [s3-no_q-IL-dp2] 36/384 games (1838/h, eta 11m)
  [s3-no_q-IL-dp2] 37/384 games (1859/h, eta 11m)
  [s3-no_q-IL-dp2] 38/384 games (1851/h, eta 11m)
  [s3-no_q-IL-dp2] 39/384 games (1838/h, eta 11m)
  [s3-no_q-IL-dp2] 40/384 games (1859/h, eta 11m)
  [s3-no_q-IL-dp2] 41/384 games (1869/h, eta 11m)
  [s3-no_q-IL-dp2] 42/384 games (1908/h, eta 11m)
  [s3-no_q-IL-dp2] 43/384 games (1863/h, eta 11m)
  [s3-no_q-IL-dp2] 44/384 games (1816/h, eta 11m)
  [s3-no_q-IL-dp2] 45/384 games (1854/h, eta 11m)
  [s3-no_q-IL-dp2] 46/384 games (1819/h, eta 11m)
  [s3-no_q-IL-dp2] 47/384 games (1810/h, eta 11m)
  [s3-no_q-IL-dp2] 48/384 games (1824/h, eta 11m)
  [s3-no_q-IL-dp2] 49/384 games (1830/h, eta 11m)
  [s3-no_q-IL-dp2] 50/384 games (1847/h, eta 11m)
  [s3-no_q-IL-dp2] 51/384 games (1815/h, eta 11m)
  [s3-no_q-IL-dp2] 52/384 games (1831/h, eta 11m)
  [s3-no_q-IL-dp2] 53/384 games (1860/h, eta 11m)
  [s3-no_q-IL-dp2] 54/384 games (1874/h, eta 11m)
  [s3-no_q-IL-dp2] 55/384 games (1874/h, eta 11m)
  [s3-no_q-IL-dp2] 56/384 games (1881/h, eta 10m)
  [s3-no_q-IL-dp2] 57/384 games (1913/h, eta 10m)
  [s3-no_q-IL-dp2] 58/384 games (1915/h, eta 10m)
  [s3-no_q-IL-dp2] 59/384 games (1943/h, eta 10m)
  [s3-no_q-IL-dp2] 60/384 games (1966/h, eta 10m)
  [s3-no_q-IL-dp2] 61/384 games (1986/h, eta 10m)
  [s3-no_q-IL-dp2] 62/384 games (2017/h, eta 10m)
  [s3-no_q-IL-dp2] 63/384 games (2025/h, eta 10m)
  [s3-no_q-IL-dp2] 64/384 games (2009/h, eta 10m)
  [s3-no_q-IL-dp2] 65/384 games (2001/h, eta 10m)
  [s3-no_q-IL-dp2] 66/384 games (2005/h, eta 10m)
  [s3-no_q-IL-dp2] 67/384 games (1970/h, eta 10m)
  [s3-no_q-IL-dp2] 68/384 games (1989/h, eta 10m)
  [s3-no_q-IL-dp2] 69/384 games (1968/h, eta 10m)
  [s3-no_q-IL-dp2] 70/384 games (1994/h, eta 9m)
  [s3-no_q-IL-dp2] 71/384 games (2003/h, eta 9m)
  [s3-no_q-IL-dp2] 72/384 games (1978/h, eta 9m)
  [s3-no_q-IL-dp2] 73/384 games (1988/h, eta 9m)
  [s3-no_q-IL-dp2] 74/384 games (1922/h, eta 10m)
  [s3-no_q-IL-dp2] 75/384 games (1942/h, eta 10m)
  [s3-no_q-IL-dp2] 76/384 games (1873/h, eta 10m)
  [s3-no_q-IL-dp2] 77/384 games (1892/h, eta 10m)
  [s3-no_q-IL-dp2] 78/384 games (1888/h, eta 10m)
  [s3-no_q-IL-dp2] 79/384 games (1911/h, eta 10m)
  [s3-no_q-IL-dp2] 80/384 games (1935/h, eta 9m)
  [s3-no_q-IL-dp2] 81/384 games (1954/h, eta 9m)
  [s3-no_q-IL-dp2] 82/384 games (1965/h, eta 9m)
  [s3-no_q-IL-dp2] 83/384 games (1975/h, eta 9m)
  [s3-no_q-IL-dp2] 84/384 games (1995/h, eta 9m)
  [s3-no_q-IL-dp2] 85/384 games (2003/h, eta 9m)
  [s3-no_q-IL-dp2] 86/384 games (1992/h, eta 9m)
  [s3-no_q-IL-dp2] 87/384 games (2014/h, eta 9m)
  [s3-no_q-IL-dp2] 88/384 games (2031/h, eta 9m)
  [s3-no_q-IL-dp2] 89/384 games (2037/h, eta 9m)
  [s3-no_q-IL-dp2] 90/384 games (2023/h, eta 9m)
  [s3-no_q-IL-dp2] 91/384 games (2025/h, eta 9m)
  [s3-no_q-IL-dp2] 92/384 games (2042/h, eta 9m)
  [s3-no_q-IL-dp2] 93/384 games (2023/h, eta 9m)
  [s3-no_q-IL-dp2] 94/384 games (2024/h, eta 9m)
  [s3-no_q-IL-dp2] 95/384 games (2034/h, eta 9m)
  [s3-no_q-IL-dp2] 96/384 games (2055/h, eta 8m)
  [s3-no_q-IL-dp2] 97/384 games (2076/h, eta 8m)
  [s3-no_q-IL-dp2] 98/384 games (2087/h, eta 8m)
  [s3-no_q-IL-dp2] 99/384 games (2081/h, eta 8m)
  [s3-no_q-IL-dp2] 100/384 games (2072/h, eta 8m)
  [s3-no_q-IL-dp2] 101/384 games (2090/h, eta 8m)
  [s3-no_q-IL-dp2] 102/384 games (2094/h, eta 8m)
  [s3-no_q-IL-dp2] 103/384 games (2105/h, eta 8m)
  [s3-no_q-IL-dp2] 104/384 games (2061/h, eta 8m)
  [s3-no_q-IL-dp2] 105/384 games (1977/h, eta 8m)
  [s3-no_q-IL-dp2] 106/384 games (1993/h, eta 8m)
  [s3-no_q-IL-dp2] 107/384 games (2003/h, eta 8m)
  [s3-no_q-IL-dp2] 108/384 games (1996/h, eta 8m)
  [s3-no_q-IL-dp2] 109/384 games (2007/h, eta 8m)
  [s3-no_q-IL-dp2] 110/384 games (2016/h, eta 8m)
  [s3-no_q-IL-dp2] 111/384 games (2033/h, eta 8m)
  [s3-no_q-IL-dp2] 112/384 games (2046/h, eta 8m)
  [s3-no_q-IL-dp2] 113/384 games (2055/h, eta 8m)
  [s3-no_q-IL-dp2] 114/384 games (2059/h, eta 8m)
  [s3-no_q-IL-dp2] 115/384 games (2037/h, eta 8m)
  [s3-no_q-IL-dp2] 116/384 games (2026/h, eta 8m)
  [s3-no_q-IL-dp2] 117/384 games (2028/h, eta 8m)
  [s3-no_q-IL-dp2] 118/384 games (2039/h, eta 8m)
  [s3-no_q-IL-dp2] 119/384 games (2026/h, eta 8m)
  [s3-no_q-IL-dp2] 120/384 games (2027/h, eta 8m)
  [s3-no_q-IL-dp2] 121/384 games (2024/h, eta 8m)
  [s3-no_q-IL-dp2] 122/384 games (2026/h, eta 8m)
  [s3-no_q-IL-dp2] 123/384 games (2013/h, eta 8m)
  [s3-no_q-IL-dp2] 124/384 games (2008/h, eta 8m)
  [s3-no_q-IL-dp2] 125/384 games (2020/h, eta 8m)
  [s3-no_q-IL-dp2] 126/384 games (2036/h, eta 8m)
  [s3-no_q-IL-dp2] 127/384 games (2044/h, eta 8m)
  [s3-no_q-IL-dp2] 128/384 games (2039/h, eta 8m)
  [s3-no_q-IL-dp2] 129/384 games (2049/h, eta 7m)
  [s3-no_q-IL-dp2] 130/384 games (2060/h, eta 7m)
  [s3-no_q-IL-dp2] 131/384 games (2049/h, eta 7m)
  [s3-no_q-IL-dp2] 132/384 games (2041/h, eta 7m)
  [s3-no_q-IL-dp2] 133/384 games (2051/h, eta 7m)
  [s3-no_q-IL-dp2] 134/384 games (2059/h, eta 7m)
  [s3-no_q-IL-dp2] 135/384 games (2048/h, eta 7m)
  [s3-no_q-IL-dp2] 136/384 games (2045/h, eta 7m)
  [s3-no_q-IL-dp2] 137/384 games (2056/h, eta 7m)
  [s3-no_q-IL-dp2] 138/384 games (2066/h, eta 7m)
  [s3-no_q-IL-dp2] 139/384 games (2077/h, eta 7m)
  [s3-no_q-IL-dp2] 140/384 games (2089/h, eta 7m)
  [s3-no_q-IL-dp2] 141/384 games (2102/h, eta 7m)
  [s3-no_q-IL-dp2] 142/384 games (2108/h, eta 7m)
  [s3-no_q-IL-dp2] 143/384 games (2122/h, eta 7m)
  [s3-no_q-IL-dp2] 144/384 games (2134/h, eta 7m)
  [s3-no_q-IL-dp2] 145/384 games (2148/h, eta 7m)
  [s3-no_q-IL-dp2] 146/384 games (2162/h, eta 7m)
  [s3-no_q-IL-dp2] 147/384 games (2153/h, eta 7m)
  [s3-no_q-IL-dp2] 148/384 games (2162/h, eta 7m)
  [s3-no_q-IL-dp2] 149/384 games (2156/h, eta 7m)
  [s3-no_q-IL-dp2] 150/384 games (2115/h, eta 7m)
  [s3-no_q-IL-dp2] 151/384 games (2116/h, eta 7m)
  [s3-no_q-IL-dp2] 152/384 games (2113/h, eta 7m)
  [s3-no_q-IL-dp2] 153/384 games (2103/h, eta 7m)
  [s3-no_q-IL-dp2] 154/384 games (2104/h, eta 7m)
  [s3-no_q-IL-dp2] 155/384 games (2109/h, eta 7m)
  [s3-no_q-IL-dp2] 156/384 games (2120/h, eta 6m)
  [s3-no_q-IL-dp2] 157/384 games (2134/h, eta 6m)
  [s3-no_q-IL-dp2] 158/384 games (2130/h, eta 6m)
  [s3-no_q-IL-dp2] 159/384 games (2127/h, eta 6m)
  [s3-no_q-IL-dp2] 160/384 games (2135/h, eta 6m)
  [s3-no_q-IL-dp2] 161/384 games (2126/h, eta 6m)
  [s3-no_q-IL-dp2] 162/384 games (2133/h, eta 6m)
  [s3-no_q-IL-dp2] 163/384 games (2143/h, eta 6m)
  [s3-no_q-IL-dp2] 164/384 games (2129/h, eta 6m)
  [s3-no_q-IL-dp2] 165/384 games (2139/h, eta 6m)
  [s3-no_q-IL-dp2] 166/384 games (2146/h, eta 6m)
  [s3-no_q-IL-dp2] 167/384 games (2158/h, eta 6m)
  [s3-no_q-IL-dp2] 168/384 games (2162/h, eta 6m)
  [s3-no_q-IL-dp2] 169/384 games (2152/h, eta 6m)
  [s3-no_q-IL-dp2] 170/384 games (2157/h, eta 6m)
  [s3-no_q-IL-dp2] 171/384 games (2147/h, eta 6m)
  [s3-no_q-IL-dp2] 172/384 games (2159/h, eta 6m)
  [s3-no_q-IL-dp2] 173/384 games (2165/h, eta 6m)
  [s3-no_q-IL-dp2] 174/384 games (2169/h, eta 6m)
  [s3-no_q-IL-dp2] 175/384 games (2163/h, eta 6m)
  [s3-no_q-IL-dp2] 176/384 games (2149/h, eta 6m)
  [s3-no_q-IL-dp2] 177/384 games (2141/h, eta 6m)
  [s3-no_q-IL-dp2] 178/384 games (2144/h, eta 6m)
  [s3-no_q-IL-dp2] 179/384 games (2146/h, eta 6m)
  [s3-no_q-IL-dp2] 180/384 games (2148/h, eta 6m)
  [s3-no_q-IL-dp2] 181/384 games (2156/h, eta 6m)
  [s3-no_q-IL-dp2] 182/384 games (2161/h, eta 6m)
  [s3-no_q-IL-dp2] 183/384 games (2170/h, eta 6m)
  [s3-no_q-IL-dp2] 184/384 games (2175/h, eta 6m)
  [s3-no_q-IL-dp2] 185/384 games (2174/h, eta 5m)
  [s3-no_q-IL-dp2] 186/384 games (2180/h, eta 5m)
  [s3-no_q-IL-dp2] 187/384 games (2182/h, eta 5m)
  [s3-no_q-IL-dp2] 188/384 games (2187/h, eta 5m)
  [s3-no_q-IL-dp2] 189/384 games (2192/h, eta 5m)
  [s3-no_q-IL-dp2] 190/384 games (2202/h, eta 5m)
  [s3-no_q-IL-dp2] 191/384 games (2195/h, eta 5m)
  [s3-no_q-IL-dp2] 192/384 games (2200/h, eta 5m)
  [s3-no_q-IL-dp2] 193/384 games (2190/h, eta 5m)
  [s3-no_q-IL-dp2] 194/384 games (2173/h, eta 5m)
  [s3-no_q-IL-dp2] 195/384 games (2170/h, eta 5m)
  [s3-no_q-IL-dp2] 196/384 games (2179/h, eta 5m)
  [s3-no_q-IL-dp2] 197/384 games (2169/h, eta 5m)
  [s3-no_q-IL-dp2] 198/384 games (2105/h, eta 5m)
  [s3-no_q-IL-dp2] 199/384 games (2107/h, eta 5m)
  [s3-no_q-IL-dp2] 200/384 games (2112/h, eta 5m)
  [s3-no_q-IL-dp2] 201/384 games (2105/h, eta 5m)
  [s3-no_q-IL-dp2] 202/384 games (2113/h, eta 5m)
  [s3-no_q-IL-dp2] 203/384 games (2113/h, eta 5m)
  [s3-no_q-IL-dp2] 204/384 games (2106/h, eta 5m)
  [s3-no_q-IL-dp2] 205/384 games (2112/h, eta 5m)
  [s3-no_q-IL-dp2] 206/384 games (2108/h, eta 5m)
  [s3-no_q-IL-dp2] 207/384 games (2116/h, eta 5m)
  [s3-no_q-IL-dp2] 208/384 games (2117/h, eta 5m)
  [s3-no_q-IL-dp2] 209/384 games (2125/h, eta 5m)
  [s3-no_q-IL-dp2] 210/384 games (2127/h, eta 5m)
  [s3-no_q-IL-dp2] 211/384 games (2132/h, eta 5m)
  [s3-no_q-IL-dp2] 212/384 games (2140/h, eta 5m)
  [s3-no_q-IL-dp2] 213/384 games (2147/h, eta 5m)
  [s3-no_q-IL-dp2] 214/384 games (2151/h, eta 5m)
  [s3-no_q-IL-dp2] 215/384 games (2152/h, eta 5m)
  [s3-no_q-IL-dp2] 216/384 games (2158/h, eta 5m)
  [s3-no_q-IL-dp2] 217/384 games (2167/h, eta 5m)
  [s3-no_q-IL-dp2] 218/384 games (2145/h, eta 5m)
  [s3-no_q-IL-dp2] 219/384 games (2153/h, eta 5m)
  [s3-no_q-IL-dp2] 220/384 games (2125/h, eta 5m)
  [s3-no_q-IL-dp2] 221/384 games (2121/h, eta 5m)
  [s3-no_q-IL-dp2] 222/384 games (2121/h, eta 5m)
  [s3-no_q-IL-dp2] 223/384 games (2121/h, eta 5m)
  [s3-no_q-IL-dp2] 224/384 games (2106/h, eta 5m)
  [s3-no_q-IL-dp2] 225/384 games (2115/h, eta 5m)
  [s3-no_q-IL-dp2] 226/384 games (2122/h, eta 4m)
  [s3-no_q-IL-dp2] 227/384 games (2119/h, eta 4m)
  [s3-no_q-IL-dp2] 228/384 games (2105/h, eta 4m)
  [s3-no_q-IL-dp2] 229/384 games (2110/h, eta 4m)
  [s3-no_q-IL-dp2] 230/384 games (2115/h, eta 4m)
  [s3-no_q-IL-dp2] 231/384 games (2123/h, eta 4m)
  [s3-no_q-IL-dp2] 232/384 games (2129/h, eta 4m)
  [s3-no_q-IL-dp2] 233/384 games (2138/h, eta 4m)
  [s3-no_q-IL-dp2] 234/384 games (2146/h, eta 4m)
  [s3-no_q-IL-dp2] 235/384 games (2110/h, eta 4m)
  [s3-no_q-IL-dp2] 236/384 games (2118/h, eta 4m)
  [s3-no_q-IL-dp2] 237/384 games (2122/h, eta 4m)
  [s3-no_q-IL-dp2] 238/384 games (2127/h, eta 4m)
  [s3-no_q-IL-dp2] 239/384 games (2136/h, eta 4m)
  [s3-no_q-IL-dp2] 240/384 games (2124/h, eta 4m)
  [s3-no_q-IL-dp2] 241/384 games (2110/h, eta 4m)
  [s3-no_q-IL-dp2] 242/384 games (2113/h, eta 4m)
  [s3-no_q-IL-dp2] 243/384 games (2121/h, eta 4m)
  [s3-no_q-IL-dp2] 244/384 games (2120/h, eta 4m)
  [s3-no_q-IL-dp2] 245/384 games (2128/h, eta 4m)
  [s3-no_q-IL-dp2] 246/384 games (2133/h, eta 4m)
  [s3-no_q-IL-dp2] 247/384 games (2137/h, eta 4m)
  [s3-no_q-IL-dp2] 248/384 games (2125/h, eta 4m)
  [s3-no_q-IL-dp2] 249/384 games (2131/h, eta 4m)
  [s3-no_q-IL-dp2] 250/384 games (2127/h, eta 4m)
  [s3-no_q-IL-dp2] 251/384 games (2133/h, eta 4m)
  [s3-no_q-IL-dp2] 252/384 games (2141/h, eta 4m)
  [s3-no_q-IL-dp2] 253/384 games (2149/h, eta 4m)
  [s3-no_q-IL-dp2] 254/384 games (2106/h, eta 4m)
  [s3-no_q-IL-dp2] 255/384 games (2114/h, eta 4m)
  [s3-no_q-IL-dp2] 256/384 games (2113/h, eta 4m)
  [s3-no_q-IL-dp2] 257/384 games (2121/h, eta 4m)
  [s3-no_q-IL-dp2] 258/384 games (2123/h, eta 4m)
  [s3-no_q-IL-dp2] 259/384 games (2120/h, eta 4m)
  [s3-no_q-IL-dp2] 260/384 games (2126/h, eta 3m)
  [s3-no_q-IL-dp2] 261/384 games (2130/h, eta 3m)
  [s3-no_q-IL-dp2] 262/384 games (2124/h, eta 3m)
  [s3-no_q-IL-dp2] 263/384 games (2125/h, eta 3m)
  [s3-no_q-IL-dp2] 264/384 games (2125/h, eta 3m)
  [s3-no_q-IL-dp2] 265/384 games (2126/h, eta 3m)
  [s3-no_q-IL-dp2] 266/384 games (2133/h, eta 3m)
  [s3-no_q-IL-dp2] 267/384 games (2127/h, eta 3m)
  [s3-no_q-IL-dp2] 268/384 games (2132/h, eta 3m)
  [s3-no_q-IL-dp2] 269/384 games (2136/h, eta 3m)
  [s3-no_q-IL-dp2] 270/384 games (2141/h, eta 3m)
  [s3-no_q-IL-dp2] 271/384 games (2128/h, eta 3m)
  [s3-no_q-IL-dp2] 272/384 games (2103/h, eta 3m)
  [s3-no_q-IL-dp2] 273/384 games (2110/h, eta 3m)
  [s3-no_q-IL-dp2] 274/384 games (2117/h, eta 3m)
  [s3-no_q-IL-dp2] 275/384 games (2123/h, eta 3m)
  [s3-no_q-IL-dp2] 276/384 games (2129/h, eta 3m)
  [s3-no_q-IL-dp2] 277/384 games (2136/h, eta 3m)
  [s3-no_q-IL-dp2] 278/384 games (2143/h, eta 3m)
  [s3-no_q-IL-dp2] 279/384 games (2129/h, eta 3m)
  [s3-no_q-IL-dp2] 280/384 games (2136/h, eta 3m)
  [s3-no_q-IL-dp2] 281/384 games (2141/h, eta 3m)
  [s3-no_q-IL-dp2] 282/384 games (2145/h, eta 3m)
  [s3-no_q-IL-dp2] 283/384 games (2150/h, eta 3m)
  [s3-no_q-IL-dp2] 284/384 games (2147/h, eta 3m)
  [s3-no_q-IL-dp2] 285/384 games (2153/h, eta 3m)
  [s3-no_q-IL-dp2] 286/384 games (2160/h, eta 3m)
  [s3-no_q-IL-dp2] 287/384 games (2154/h, eta 3m)
  [s3-no_q-IL-dp2] 288/384 games (2148/h, eta 3m)
  [s3-no_q-IL-dp2] 289/384 games (2152/h, eta 3m)
  [s3-no_q-IL-dp2] 290/384 games (2152/h, eta 3m)
  [s3-no_q-IL-dp2] 291/384 games (2157/h, eta 3m)
  [s3-no_q-IL-dp2] 292/384 games (2140/h, eta 3m)
  [s3-no_q-IL-dp2] 293/384 games (2141/h, eta 3m)
  [s3-no_q-IL-dp2] 294/384 games (2141/h, eta 3m)
  [s3-no_q-IL-dp2] 295/384 games (2142/h, eta 2m)
  [s3-no_q-IL-dp2] 296/384 games (2142/h, eta 2m)
  [s3-no_q-IL-dp2] 297/384 games (2141/h, eta 2m)
  [s3-no_q-IL-dp2] 298/384 games (2134/h, eta 2m)
  [s3-no_q-IL-dp2] 299/384 games (2125/h, eta 2m)
  [s3-no_q-IL-dp2] 300/384 games (2129/h, eta 2m)
  [s3-no_q-IL-dp2] 301/384 games (2122/h, eta 2m)
  [s3-no_q-IL-dp2] 302/384 games (2121/h, eta 2m)
  [s3-no_q-IL-dp2] 303/384 games (2128/h, eta 2m)
  [s3-no_q-IL-dp2] 304/384 games (2132/h, eta 2m)
  [s3-no_q-IL-dp2] 305/384 games (2134/h, eta 2m)
  [s3-no_q-IL-dp2] 306/384 games (2140/h, eta 2m)
  [s3-no_q-IL-dp2] 307/384 games (2141/h, eta 2m)
  [s3-no_q-IL-dp2] 308/384 games (2145/h, eta 2m)
  [s3-no_q-IL-dp2] 309/384 games (2143/h, eta 2m)
  [s3-no_q-IL-dp2] 310/384 games (2147/h, eta 2m)
  [s3-no_q-IL-dp2] 311/384 games (2148/h, eta 2m)
  [s3-no_q-IL-dp2] 312/384 games (2151/h, eta 2m)
  [s3-no_q-IL-dp2] 313/384 games (2153/h, eta 2m)
  [s3-no_q-IL-dp2] 314/384 games (2159/h, eta 2m)
  [s3-no_q-IL-dp2] 315/384 games (2164/h, eta 2m)
  [s3-no_q-IL-dp2] 316/384 games (2158/h, eta 2m)
  [s3-no_q-IL-dp2] 317/384 games (2144/h, eta 2m)
  [s3-no_q-IL-dp2] 318/384 games (2136/h, eta 2m)
  [s3-no_q-IL-dp2] 319/384 games (2138/h, eta 2m)
  [s3-no_q-IL-dp2] 320/384 games (2142/h, eta 2m)
  [s3-no_q-IL-dp2] 321/384 games (2138/h, eta 2m)
  [s3-no_q-IL-dp2] 322/384 games (2141/h, eta 2m)
  [s3-no_q-IL-dp2] 323/384 games (2147/h, eta 2m)
  [s3-no_q-IL-dp2] 324/384 games (2151/h, eta 2m)
  [s3-no_q-IL-dp2] 325/384 games (2152/h, eta 2m)
  [s3-no_q-IL-dp2] 326/384 games (2154/h, eta 2m)
  [s3-no_q-IL-dp2] 327/384 games (2150/h, eta 2m)
  [s3-no_q-IL-dp2] 328/384 games (2150/h, eta 2m)
  [s3-no_q-IL-dp2] 329/384 games (2151/h, eta 2m)
  [s3-no_q-IL-dp2] 330/384 games (2149/h, eta 2m)
  [s3-no_q-IL-dp2] 331/384 games (2152/h, eta 1m)
  [s3-no_q-IL-dp2] 332/384 games (2158/h, eta 1m)
  [s3-no_q-IL-dp2] 333/384 games (2158/h, eta 1m)
  [s3-no_q-IL-dp2] 334/384 games (2162/h, eta 1m)
  [s3-no_q-IL-dp2] 335/384 games (2147/h, eta 1m)
  [s3-no_q-IL-dp2] 336/384 games (2153/h, eta 1m)
  [s3-no_q-IL-dp2] 337/384 games (2147/h, eta 1m)
  [s3-no_q-IL-dp2] 338/384 games (2147/h, eta 1m)
  [s3-no_q-IL-dp2] 339/384 games (2151/h, eta 1m)
  [s3-no_q-IL-dp2] 340/384 games (2155/h, eta 1m)
  [s3-no_q-IL-dp2] 341/384 games (2150/h, eta 1m)
  [s3-no_q-IL-dp2] 342/384 games (2150/h, eta 1m)
  [s3-no_q-IL-dp2] 343/384 games (2154/h, eta 1m)
  [s3-no_q-IL-dp2] 344/384 games (2158/h, eta 1m)
  [s3-no_q-IL-dp2] 345/384 games (2163/h, eta 1m)
  [s3-no_q-IL-dp2] 346/384 games (2167/h, eta 1m)
  [s3-no_q-IL-dp2] 347/384 games (2157/h, eta 1m)
  [s3-no_q-IL-dp2] 348/384 games (2161/h, eta 1m)
  [s3-no_q-IL-dp2] 349/384 games (2163/h, eta 1m)
  [s3-no_q-IL-dp2] 350/384 games (2150/h, eta 1m)
  [s3-no_q-IL-dp2] 351/384 games (2153/h, eta 1m)
  [s3-no_q-IL-dp2] 352/384 games (2158/h, eta 1m)
  [s3-no_q-IL-dp2] 353/384 games (2162/h, eta 1m)
  [s3-no_q-IL-dp2] 354/384 games (2167/h, eta 1m)
  [s3-no_q-IL-dp2] 355/384 games (2167/h, eta 1m)
  [s3-no_q-IL-dp2] 356/384 games (2172/h, eta 1m)
  [s3-no_q-IL-dp2] 357/384 games (2157/h, eta 1m)
  [s3-no_q-IL-dp2] 358/384 games (2157/h, eta 1m)
  [s3-no_q-IL-dp2] 359/384 games (2161/h, eta 1m)
  [s3-no_q-IL-dp2] 360/384 games (2160/h, eta 1m)
  [s3-no_q-IL-dp2] 361/384 games (2158/h, eta 1m)
  [s3-no_q-IL-dp2] 362/384 games (2160/h, eta 1m)
  [s3-no_q-IL-dp2] 363/384 games (2154/h, eta 1m)
  [s3-no_q-IL-dp2] 364/384 games (2146/h, eta 1m)
  [s3-no_q-IL-dp2] 365/384 games (2152/h, eta 1m)
  [s3-no_q-IL-dp2] 366/384 games (2134/h, eta 1m)
  [s3-no_q-IL-dp2] 367/384 games (2138/h, eta 0m)
  [s3-no_q-IL-dp2] 368/384 games (2141/h, eta 0m)
  [s3-no_q-IL-dp2] 369/384 games (2144/h, eta 0m)
  [s3-no_q-IL-dp2] 370/384 games (2141/h, eta 0m)
  [s3-no_q-IL-dp2] 371/384 games (2136/h, eta 0m)
  [s3-no_q-IL-dp2] 372/384 games (2140/h, eta 0m)
  [s3-no_q-IL-dp2] 373/384 games (2143/h, eta 0m)
  [s3-no_q-IL-dp2] 374/384 games (2147/h, eta 0m)
  [s3-no_q-IL-dp2] 375/384 games (2151/h, eta 0m)
  [s3-no_q-IL-dp2] 376/384 games (2155/h, eta 0m)
  [s3-no_q-IL-dp2] 377/384 games (2159/h, eta 0m)
  [s3-no_q-IL-dp2] 378/384 games (2163/h, eta 0m)
  [s3-no_q-IL-dp2] 379/384 games (2163/h, eta 0m)
  [s3-no_q-IL-dp2] 380/384 games (2168/h, eta 0m)
  [s3-no_q-IL-dp2] 381/384 games (2172/h, eta 0m)
  [s3-no_q-IL-dp2] 382/384 games (2167/h, eta 0m)
  [s3-no_q-IL-dp2] 383/384 games (2170/h, eta 0m)
  [s3-no_q-IL-dp2] 384/384 games (2099/h, eta 0m)
== s3-no_q-IL-nc2-dp2 -> experiments/results/perturbation/s3-no_q-IL-nc2-dp2.jsonl
  [s3-no_q-IL-nc2-dp2] 1/384 games (254/h, eta 91m)
  [s3-no_q-IL-nc2-dp2] 2/384 games (435/h, eta 53m)
  [s3-no_q-IL-nc2-dp2] 3/384 games (426/h, eta 54m)
  [s3-no_q-IL-nc2-dp2] 4/384 games (567/h, eta 40m)
  [s3-no_q-IL-nc2-dp2] 5/384 games (634/h, eta 36m)
  [s3-no_q-IL-nc2-dp2] 6/384 games (650/h, eta 35m)
  [s3-no_q-IL-nc2-dp2] 7/384 games (730/h, eta 31m)
  [s3-no_q-IL-nc2-dp2] 8/384 games (750/h, eta 30m)
  [s3-no_q-IL-nc2-dp2] 9/384 games (803/h, eta 28m)
  [s3-no_q-IL-nc2-dp2] 10/384 games (875/h, eta 26m)
  [s3-no_q-IL-nc2-dp2] 11/384 games (876/h, eta 26m)
  [s3-no_q-IL-nc2-dp2] 12/384 games (942/h, eta 24m)
  [s3-no_q-IL-nc2-dp2] 13/384 games (1009/h, eta 22m)
  [s3-no_q-IL-nc2-dp2] 14/384 games (1086/h, eta 20m)
  [s3-no_q-IL-nc2-dp2] 15/384 games (1133/h, eta 20m)
  [s3-no_q-IL-nc2-dp2] 16/384 games (1168/h, eta 19m)
  [s3-no_q-IL-nc2-dp2] 17/384 games (1234/h, eta 18m)
  [s3-no_q-IL-nc2-dp2] 18/384 games (1282/h, eta 17m)
  [s3-no_q-IL-nc2-dp2] 19/384 games (1303/h, eta 17m)
  [s3-no_q-IL-nc2-dp2] 20/384 games (1308/h, eta 17m)
  [s3-no_q-IL-nc2-dp2] 21/384 games (1369/h, eta 16m)
  [s3-no_q-IL-nc2-dp2] 22/384 games (1320/h, eta 16m)
  [s3-no_q-IL-nc2-dp2] 23/384 games (1343/h, eta 16m)
  [s3-no_q-IL-nc2-dp2] 24/384 games (1228/h, eta 18m)
  [s3-no_q-IL-nc2-dp2] 25/384 games (1128/h, eta 19m)
  [s3-no_q-IL-nc2-dp2] 26/384 games (1157/h, eta 19m)
  [s3-no_q-IL-nc2-dp2] 27/384 games (1200/h, eta 18m)
  [s3-no_q-IL-nc2-dp2] 28/384 games (1233/h, eta 17m)
  [s3-no_q-IL-nc2-dp2] 29/384 games (1267/h, eta 17m)
  [s3-no_q-IL-nc2-dp2] 30/384 games (1282/h, eta 17m)
  [s3-no_q-IL-nc2-dp2] 31/384 games (1291/h, eta 16m)
  [s3-no_q-IL-nc2-dp2] 32/384 games (1315/h, eta 16m)
  [s3-no_q-IL-nc2-dp2] 33/384 games (1298/h, eta 16m)
  [s3-no_q-IL-nc2-dp2] 34/384 games (1264/h, eta 17m)
  [s3-no_q-IL-nc2-dp2] 35/384 games (1284/h, eta 16m)
  [s3-no_q-IL-nc2-dp2] 36/384 games (1315/h, eta 16m)
  [s3-no_q-IL-nc2-dp2] 37/384 games (1325/h, eta 16m)
  [s3-no_q-IL-nc2-dp2] 38/384 games (1355/h, eta 15m)
  [s3-no_q-IL-nc2-dp2] 39/384 games (1383/h, eta 15m)
  [s3-no_q-IL-nc2-dp2] 40/384 games (1335/h, eta 15m)
  [s3-no_q-IL-nc2-dp2] 41/384 games (1286/h, eta 16m)
  [s3-no_q-IL-nc2-dp2] 42/384 games (1294/h, eta 16m)
  [s3-no_q-IL-nc2-dp2] 43/384 games (1300/h, eta 16m)
  [s3-no_q-IL-nc2-dp2] 44/384 games (1268/h, eta 16m)
  [s3-no_q-IL-nc2-dp2] 45/384 games (1284/h, eta 16m)
  [s3-no_q-IL-nc2-dp2] 46/384 games (1312/h, eta 15m)
  [s3-no_q-IL-nc2-dp2] 47/384 games (1338/h, eta 15m)
  [s3-no_q-IL-nc2-dp2] 48/384 games (1350/h, eta 15m)
  [s3-no_q-IL-nc2-dp2] 49/384 games (1369/h, eta 15m)
  [s3-no_q-IL-nc2-dp2] 50/384 games (1388/h, eta 14m)
  [s3-no_q-IL-nc2-dp2] 51/384 games (1389/h, eta 14m)
  [s3-no_q-IL-nc2-dp2] 52/384 games (1410/h, eta 14m)
  [s3-no_q-IL-nc2-dp2] 53/384 games (1424/h, eta 14m)
  [s3-no_q-IL-nc2-dp2] 54/384 games (1440/h, eta 14m)
  [s3-no_q-IL-nc2-dp2] 55/384 games (1450/h, eta 14m)
  [s3-no_q-IL-nc2-dp2] 56/384 games (1452/h, eta 14m)
  [s3-no_q-IL-nc2-dp2] 57/384 games (1437/h, eta 14m)
  [s3-no_q-IL-nc2-dp2] 58/384 games (1424/h, eta 14m)
  [s3-no_q-IL-nc2-dp2] 59/384 games (1445/h, eta 13m)
  [s3-no_q-IL-nc2-dp2] 60/384 games (1460/h, eta 13m)
  [s3-no_q-IL-nc2-dp2] 61/384 games (1428/h, eta 14m)
  [s3-no_q-IL-nc2-dp2] 62/384 games (1409/h, eta 14m)
  [s3-no_q-IL-nc2-dp2] 63/384 games (1420/h, eta 14m)
  [s3-no_q-IL-nc2-dp2] 64/384 games (1430/h, eta 13m)
  [s3-no_q-IL-nc2-dp2] 65/384 games (1447/h, eta 13m)
  [s3-no_q-IL-nc2-dp2] 66/384 games (1465/h, eta 13m)
  [s3-no_q-IL-nc2-dp2] 67/384 games (1481/h, eta 13m)
  [s3-no_q-IL-nc2-dp2] 68/384 games (1502/h, eta 13m)
  [s3-no_q-IL-nc2-dp2] 69/384 games (1514/h, eta 12m)
  [s3-no_q-IL-nc2-dp2] 70/384 games (1526/h, eta 12m)
  [s3-no_q-IL-nc2-dp2] 71/384 games (1520/h, eta 12m)
  [s3-no_q-IL-nc2-dp2] 72/384 games (1535/h, eta 12m)
  [s3-no_q-IL-nc2-dp2] 73/384 games (1540/h, eta 12m)
  [s3-no_q-IL-nc2-dp2] 74/384 games (1483/h, eta 13m)
  [s3-no_q-IL-nc2-dp2] 75/384 games (1465/h, eta 13m)
  [s3-no_q-IL-nc2-dp2] 76/384 games (1476/h, eta 13m)
  [s3-no_q-IL-nc2-dp2] 77/384 games (1491/h, eta 12m)
  [s3-no_q-IL-nc2-dp2] 78/384 games (1488/h, eta 12m)
  [s3-no_q-IL-nc2-dp2] 79/384 games (1507/h, eta 12m)
  [s3-no_q-IL-nc2-dp2] 80/384 games (1500/h, eta 12m)
  [s3-no_q-IL-nc2-dp2] 81/384 games (1515/h, eta 12m)
  [s3-no_q-IL-nc2-dp2] 82/384 games (1524/h, eta 12m)
  [s3-no_q-IL-nc2-dp2] 83/384 games (1541/h, eta 12m)
  [s3-no_q-IL-nc2-dp2] 84/384 games (1546/h, eta 12m)
  [s3-no_q-IL-nc2-dp2] 85/384 games (1536/h, eta 12m)
  [s3-no_q-IL-nc2-dp2] 86/384 games (1547/h, eta 12m)
  [s3-no_q-IL-nc2-dp2] 87/384 games (1538/h, eta 12m)
  [s3-no_q-IL-nc2-dp2] 88/384 games (1538/h, eta 12m)
  [s3-no_q-IL-nc2-dp2] 89/384 games (1549/h, eta 11m)
  [s3-no_q-IL-nc2-dp2] 90/384 games (1541/h, eta 11m)
  [s3-no_q-IL-nc2-dp2] 91/384 games (1553/h, eta 11m)
  [s3-no_q-IL-nc2-dp2] 92/384 games (1548/h, eta 11m)
  [s3-no_q-IL-nc2-dp2] 93/384 games (1549/h, eta 11m)
  [s3-no_q-IL-nc2-dp2] 94/384 games (1545/h, eta 11m)
  [s3-no_q-IL-nc2-dp2] 95/384 games (1548/h, eta 11m)
  [s3-no_q-IL-nc2-dp2] 96/384 games (1562/h, eta 11m)
  [s3-no_q-IL-nc2-dp2] 97/384 games (1575/h, eta 11m)
  [s3-no_q-IL-nc2-dp2] 98/384 games (1575/h, eta 11m)
  [s3-no_q-IL-nc2-dp2] 99/384 games (1589/h, eta 11m)
  [s3-no_q-IL-nc2-dp2] 100/384 games (1595/h, eta 11m)
  [s3-no_q-IL-nc2-dp2] 101/384 games (1611/h, eta 11m)
  [s3-no_q-IL-nc2-dp2] 102/384 games (1624/h, eta 10m)
  [s3-no_q-IL-nc2-dp2] 103/384 games (1630/h, eta 10m)
  [s3-no_q-IL-nc2-dp2] 104/384 games (1603/h, eta 10m)
  [s3-no_q-IL-nc2-dp2] 105/384 games (1602/h, eta 10m)
  [s3-no_q-IL-nc2-dp2] 106/384 games (1615/h, eta 10m)
  [s3-no_q-IL-nc2-dp2] 107/384 games (1574/h, eta 11m)
  [s3-no_q-IL-nc2-dp2] 108/384 games (1584/h, eta 10m)
  [s3-no_q-IL-nc2-dp2] 109/384 games (1586/h, eta 10m)
  [s3-no_q-IL-nc2-dp2] 110/384 games (1570/h, eta 10m)
  [s3-no_q-IL-nc2-dp2] 111/384 games (1581/h, eta 10m)
  [s3-no_q-IL-nc2-dp2] 112/384 games (1590/h, eta 10m)
  [s3-no_q-IL-nc2-dp2] 113/384 games (1551/h, eta 10m)
  [s3-no_q-IL-nc2-dp2] 114/384 games (1559/h, eta 10m)
  [s3-no_q-IL-nc2-dp2] 115/384 games (1571/h, eta 10m)
  [s3-no_q-IL-nc2-dp2] 116/384 games (1565/h, eta 10m)
  [s3-no_q-IL-nc2-dp2] 117/384 games (1571/h, eta 10m)
  [s3-no_q-IL-nc2-dp2] 118/384 games (1582/h, eta 10m)
  [s3-no_q-IL-nc2-dp2] 119/384 games (1575/h, eta 10m)
  [s3-no_q-IL-nc2-dp2] 120/384 games (1583/h, eta 10m)
  [s3-no_q-IL-nc2-dp2] 121/384 games (1594/h, eta 10m)
  [s3-no_q-IL-nc2-dp2] 122/384 games (1568/h, eta 10m)
  [s3-no_q-IL-nc2-dp2] 123/384 games (1581/h, eta 10m)
  [s3-no_q-IL-nc2-dp2] 124/384 games (1590/h, eta 10m)
  [s3-no_q-IL-nc2-dp2] 125/384 games (1600/h, eta 10m)
  [s3-no_q-IL-nc2-dp2] 126/384 games (1612/h, eta 10m)
  [s3-no_q-IL-nc2-dp2] 127/384 games (1596/h, eta 10m)
  [s3-no_q-IL-nc2-dp2] 128/384 games (1592/h, eta 10m)
  [s3-no_q-IL-nc2-dp2] 129/384 games (1591/h, eta 10m)
  [s3-no_q-IL-nc2-dp2] 130/384 games (1602/h, eta 10m)
  [s3-no_q-IL-nc2-dp2] 131/384 games (1614/h, eta 9m)
  [s3-no_q-IL-nc2-dp2] 132/384 games (1598/h, eta 9m)
  [s3-no_q-IL-nc2-dp2] 133/384 games (1596/h, eta 9m)
  [s3-no_q-IL-nc2-dp2] 134/384 games (1607/h, eta 9m)
  [s3-no_q-IL-nc2-dp2] 135/384 games (1607/h, eta 9m)
  [s3-no_q-IL-nc2-dp2] 136/384 games (1612/h, eta 9m)
  [s3-no_q-IL-nc2-dp2] 137/384 games (1621/h, eta 9m)
  [s3-no_q-IL-nc2-dp2] 138/384 games (1628/h, eta 9m)
  [s3-no_q-IL-nc2-dp2] 139/384 games (1627/h, eta 9m)
  [s3-no_q-IL-nc2-dp2] 140/384 games (1629/h, eta 9m)
  [s3-no_q-IL-nc2-dp2] 141/384 games (1624/h, eta 9m)
  [s3-no_q-IL-nc2-dp2] 142/384 games (1634/h, eta 9m)
  [s3-no_q-IL-nc2-dp2] 143/384 games (1620/h, eta 9m)
  [s3-no_q-IL-nc2-dp2] 144/384 games (1612/h, eta 9m)
  [s3-no_q-IL-nc2-dp2] 145/384 games (1623/h, eta 9m)
  [s3-no_q-IL-nc2-dp2] 146/384 games (1593/h, eta 9m)
  [s3-no_q-IL-nc2-dp2] 147/384 games (1593/h, eta 9m)
  [s3-no_q-IL-nc2-dp2] 148/384 games (1602/h, eta 9m)
  [s3-no_q-IL-nc2-dp2] 149/384 games (1603/h, eta 9m)
  [s3-no_q-IL-nc2-dp2] 150/384 games (1612/h, eta 9m)
  [s3-no_q-IL-nc2-dp2] 151/384 games (1617/h, eta 9m)
  [s3-no_q-IL-nc2-dp2] 152/384 games (1621/h, eta 9m)
  [s3-no_q-IL-nc2-dp2] 153/384 games (1628/h, eta 9m)
  [s3-no_q-IL-nc2-dp2] 154/384 games (1633/h, eta 8m)
  [s3-no_q-IL-nc2-dp2] 155/384 games (1642/h, eta 8m)
  [s3-no_q-IL-nc2-dp2] 156/384 games (1642/h, eta 8m)
  [s3-no_q-IL-nc2-dp2] 157/384 games (1647/h, eta 8m)
  [s3-no_q-IL-nc2-dp2] 158/384 games (1657/h, eta 8m)
  [s3-no_q-IL-nc2-dp2] 159/384 games (1664/h, eta 8m)
  [s3-no_q-IL-nc2-dp2] 160/384 games (1666/h, eta 8m)
  [s3-no_q-IL-nc2-dp2] 161/384 games (1668/h, eta 8m)
  [s3-no_q-IL-nc2-dp2] 162/384 games (1650/h, eta 8m)
  [s3-no_q-IL-nc2-dp2] 163/384 games (1652/h, eta 8m)
  [s3-no_q-IL-nc2-dp2] 164/384 games (1647/h, eta 8m)
  [s3-no_q-IL-nc2-dp2] 165/384 games (1657/h, eta 8m)
  [s3-no_q-IL-nc2-dp2] 166/384 games (1648/h, eta 8m)
  [s3-no_q-IL-nc2-dp2] 167/384 games (1655/h, eta 8m)
  [s3-no_q-IL-nc2-dp2] 168/384 games (1664/h, eta 8m)
  [s3-no_q-IL-nc2-dp2] 169/384 games (1661/h, eta 8m)
  [s3-no_q-IL-nc2-dp2] 170/384 games (1648/h, eta 8m)
  [s3-no_q-IL-nc2-dp2] 171/384 games (1646/h, eta 8m)
  [s3-no_q-IL-nc2-dp2] 172/384 games (1650/h, eta 8m)
  [s3-no_q-IL-nc2-dp2] 173/384 games (1656/h, eta 8m)
  [s3-no_q-IL-nc2-dp2] 174/384 games (1651/h, eta 8m)
  [s3-no_q-IL-nc2-dp2] 175/384 games (1639/h, eta 8m)
  [s3-no_q-IL-nc2-dp2] 176/384 games (1642/h, eta 8m)
  [s3-no_q-IL-nc2-dp2] 177/384 games (1644/h, eta 8m)
  [s3-no_q-IL-nc2-dp2] 178/384 games (1654/h, eta 7m)
  [s3-no_q-IL-nc2-dp2] 179/384 games (1655/h, eta 7m)
  [s3-no_q-IL-nc2-dp2] 180/384 games (1658/h, eta 7m)
  [s3-no_q-IL-nc2-dp2] 181/384 games (1661/h, eta 7m)
  [s3-no_q-IL-nc2-dp2] 182/384 games (1658/h, eta 7m)
  [s3-no_q-IL-nc2-dp2] 183/384 games (1665/h, eta 7m)
  [s3-no_q-IL-nc2-dp2] 184/384 games (1671/h, eta 7m)
  [s3-no_q-IL-nc2-dp2] 185/384 games (1676/h, eta 7m)
  [s3-no_q-IL-nc2-dp2] 186/384 games (1670/h, eta 7m)
  [s3-no_q-IL-nc2-dp2] 187/384 games (1678/h, eta 7m)
  [s3-no_q-IL-nc2-dp2] 188/384 games (1671/h, eta 7m)
  [s3-no_q-IL-nc2-dp2] 189/384 games (1670/h, eta 7m)
  [s3-no_q-IL-nc2-dp2] 190/384 games (1677/h, eta 7m)
  [s3-no_q-IL-nc2-dp2] 191/384 games (1680/h, eta 7m)
  [s3-no_q-IL-nc2-dp2] 192/384 games (1673/h, eta 7m)
  [s3-no_q-IL-nc2-dp2] 193/384 games (1681/h, eta 7m)
  [s3-no_q-IL-nc2-dp2] 194/384 games (1685/h, eta 7m)
  [s3-no_q-IL-nc2-dp2] 195/384 games (1679/h, eta 7m)
  [s3-no_q-IL-nc2-dp2] 196/384 games (1671/h, eta 7m)
  [s3-no_q-IL-nc2-dp2] 197/384 games (1676/h, eta 7m)
  [s3-no_q-IL-nc2-dp2] 198/384 games (1676/h, eta 7m)
  [s3-no_q-IL-nc2-dp2] 199/384 games (1683/h, eta 7m)
  [s3-no_q-IL-nc2-dp2] 200/384 games (1684/h, eta 7m)
  [s3-no_q-IL-nc2-dp2] 201/384 games (1682/h, eta 7m)
  [s3-no_q-IL-nc2-dp2] 202/384 games (1683/h, eta 6m)
  [s3-no_q-IL-nc2-dp2] 203/384 games (1679/h, eta 6m)
  [s3-no_q-IL-nc2-dp2] 204/384 games (1685/h, eta 6m)
  [s3-no_q-IL-nc2-dp2] 205/384 games (1678/h, eta 6m)
  [s3-no_q-IL-nc2-dp2] 206/384 games (1662/h, eta 6m)
  [s3-no_q-IL-nc2-dp2] 207/384 games (1667/h, eta 6m)
  [s3-no_q-IL-nc2-dp2] 208/384 games (1667/h, eta 6m)
  [s3-no_q-IL-nc2-dp2] 209/384 games (1669/h, eta 6m)
  [s3-no_q-IL-nc2-dp2] 210/384 games (1673/h, eta 6m)
  [s3-no_q-IL-nc2-dp2] 211/384 games (1678/h, eta 6m)
  [s3-no_q-IL-nc2-dp2] 212/384 games (1681/h, eta 6m)
  [s3-no_q-IL-nc2-dp2] 213/384 games (1684/h, eta 6m)
  [s3-no_q-IL-nc2-dp2] 214/384 games (1671/h, eta 6m)
  [s3-no_q-IL-nc2-dp2] 215/384 games (1676/h, eta 6m)
  [s3-no_q-IL-nc2-dp2] 216/384 games (1681/h, eta 6m)
  [s3-no_q-IL-nc2-dp2] 217/384 games (1688/h, eta 6m)
  [s3-no_q-IL-nc2-dp2] 218/384 games (1689/h, eta 6m)
  [s3-no_q-IL-nc2-dp2] 219/384 games (1693/h, eta 6m)
  [s3-no_q-IL-nc2-dp2] 220/384 games (1698/h, eta 6m)
  [s3-no_q-IL-nc2-dp2] 221/384 games (1691/h, eta 6m)
  [s3-no_q-IL-nc2-dp2] 222/384 games (1695/h, eta 6m)
  [s3-no_q-IL-nc2-dp2] 223/384 games (1692/h, eta 6m)
  [s3-no_q-IL-nc2-dp2] 224/384 games (1698/h, eta 6m)
  [s3-no_q-IL-nc2-dp2] 225/384 games (1704/h, eta 6m)
  [s3-no_q-IL-nc2-dp2] 226/384 games (1693/h, eta 6m)
  [s3-no_q-IL-nc2-dp2] 227/384 games (1682/h, eta 6m)
  [s3-no_q-IL-nc2-dp2] 228/384 games (1681/h, eta 6m)
  [s3-no_q-IL-nc2-dp2] 229/384 games (1684/h, eta 6m)
  [s3-no_q-IL-nc2-dp2] 230/384 games (1682/h, eta 5m)
  [s3-no_q-IL-nc2-dp2] 231/384 games (1685/h, eta 5m)
  [s3-no_q-IL-nc2-dp2] 232/384 games (1691/h, eta 5m)
  [s3-no_q-IL-nc2-dp2] 233/384 games (1682/h, eta 5m)
  [s3-no_q-IL-nc2-dp2] 234/384 games (1687/h, eta 5m)
  [s3-no_q-IL-nc2-dp2] 235/384 games (1691/h, eta 5m)
  [s3-no_q-IL-nc2-dp2] 236/384 games (1687/h, eta 5m)
  [s3-no_q-IL-nc2-dp2] 237/384 games (1693/h, eta 5m)
  [s3-no_q-IL-nc2-dp2] 238/384 games (1680/h, eta 5m)
  [s3-no_q-IL-nc2-dp2] 239/384 games (1683/h, eta 5m)
  [s3-no_q-IL-nc2-dp2] 240/384 games (1686/h, eta 5m)
  [s3-no_q-IL-nc2-dp2] 241/384 games (1692/h, eta 5m)
  [s3-no_q-IL-nc2-dp2] 242/384 games (1699/h, eta 5m)
  [s3-no_q-IL-nc2-dp2] 243/384 games (1705/h, eta 5m)
  [s3-no_q-IL-nc2-dp2] 244/384 games (1688/h, eta 5m)
  [s3-no_q-IL-nc2-dp2] 245/384 games (1692/h, eta 5m)
  [s3-no_q-IL-nc2-dp2] 246/384 games (1686/h, eta 5m)
  [s3-no_q-IL-nc2-dp2] 247/384 games (1690/h, eta 5m)
  [s3-no_q-IL-nc2-dp2] 248/384 games (1696/h, eta 5m)
  [s3-no_q-IL-nc2-dp2] 249/384 games (1686/h, eta 5m)
  [s3-no_q-IL-nc2-dp2] 250/384 games (1677/h, eta 5m)
  [s3-no_q-IL-nc2-dp2] 251/384 games (1676/h, eta 5m)
  [s3-no_q-IL-nc2-dp2] 252/384 games (1676/h, eta 5m)
  [s3-no_q-IL-nc2-dp2] 253/384 games (1671/h, eta 5m)
  [s3-no_q-IL-nc2-dp2] 254/384 games (1677/h, eta 5m)
  [s3-no_q-IL-nc2-dp2] 255/384 games (1681/h, eta 5m)
  [s3-no_q-IL-nc2-dp2] 256/384 games (1687/h, eta 5m)
  [s3-no_q-IL-nc2-dp2] 257/384 games (1692/h, eta 5m)
  [s3-no_q-IL-nc2-dp2] 258/384 games (1698/h, eta 4m)
  [s3-no_q-IL-nc2-dp2] 259/384 games (1703/h, eta 4m)
  [s3-no_q-IL-nc2-dp2] 260/384 games (1706/h, eta 4m)
  [s3-no_q-IL-nc2-dp2] 261/384 games (1707/h, eta 4m)
  [s3-no_q-IL-nc2-dp2] 262/384 games (1710/h, eta 4m)
  [s3-no_q-IL-nc2-dp2] 263/384 games (1713/h, eta 4m)
  [s3-no_q-IL-nc2-dp2] 264/384 games (1687/h, eta 4m)
  [s3-no_q-IL-nc2-dp2] 265/384 games (1691/h, eta 4m)
  [s3-no_q-IL-nc2-dp2] 266/384 games (1677/h, eta 4m)
  [s3-no_q-IL-nc2-dp2] 267/384 games (1681/h, eta 4m)
  [s3-no_q-IL-nc2-dp2] 268/384 games (1672/h, eta 4m)
  [s3-no_q-IL-nc2-dp2] 269/384 games (1678/h, eta 4m)
  [s3-no_q-IL-nc2-dp2] 270/384 games (1684/h, eta 4m)
  [s3-no_q-IL-nc2-dp2] 271/384 games (1684/h, eta 4m)
  [s3-no_q-IL-nc2-dp2] 272/384 games (1689/h, eta 4m)
  [s3-no_q-IL-nc2-dp2] 273/384 games (1693/h, eta 4m)
  [s3-no_q-IL-nc2-dp2] 274/384 games (1686/h, eta 4m)
  [s3-no_q-IL-nc2-dp2] 275/384 games (1691/h, eta 4m)
  [s3-no_q-IL-nc2-dp2] 276/384 games (1692/h, eta 4m)
  [s3-no_q-IL-nc2-dp2] 277/384 games (1693/h, eta 4m)
  [s3-no_q-IL-nc2-dp2] 278/384 games (1687/h, eta 4m)
  [s3-no_q-IL-nc2-dp2] 279/384 games (1686/h, eta 4m)
  [s3-no_q-IL-nc2-dp2] 280/384 games (1692/h, eta 4m)
  [s3-no_q-IL-nc2-dp2] 281/384 games (1696/h, eta 4m)
  [s3-no_q-IL-nc2-dp2] 282/384 games (1678/h, eta 4m)
  [s3-no_q-IL-nc2-dp2] 283/384 games (1679/h, eta 4m)
  [s3-no_q-IL-nc2-dp2] 284/384 games (1677/h, eta 4m)
  [s3-no_q-IL-nc2-dp2] 285/384 games (1682/h, eta 4m)
  [s3-no_q-IL-nc2-dp2] 286/384 games (1675/h, eta 4m)
  [s3-no_q-IL-nc2-dp2] 287/384 games (1659/h, eta 4m)
  [s3-no_q-IL-nc2-dp2] 288/384 games (1656/h, eta 3m)
  [s3-no_q-IL-nc2-dp2] 289/384 games (1661/h, eta 3m)
  [s3-no_q-IL-nc2-dp2] 290/384 games (1667/h, eta 3m)
  [s3-no_q-IL-nc2-dp2] 291/384 games (1665/h, eta 3m)
  [s3-no_q-IL-nc2-dp2] 292/384 games (1670/h, eta 3m)
  [s3-no_q-IL-nc2-dp2] 293/384 games (1673/h, eta 3m)
  [s3-no_q-IL-nc2-dp2] 294/384 games (1678/h, eta 3m)
  [s3-no_q-IL-nc2-dp2] 295/384 games (1681/h, eta 3m)
  [s3-no_q-IL-nc2-dp2] 296/384 games (1683/h, eta 3m)
  [s3-no_q-IL-nc2-dp2] 297/384 games (1676/h, eta 3m)
  [s3-no_q-IL-nc2-dp2] 298/384 games (1680/h, eta 3m)
  [s3-no_q-IL-nc2-dp2] 299/384 games (1680/h, eta 3m)
  [s3-no_q-IL-nc2-dp2] 300/384 games (1684/h, eta 3m)
  [s3-no_q-IL-nc2-dp2] 301/384 games (1684/h, eta 3m)
  [s3-no_q-IL-nc2-dp2] 302/384 games (1687/h, eta 3m)
  [s3-no_q-IL-nc2-dp2] 303/384 games (1682/h, eta 3m)
  [s3-no_q-IL-nc2-dp2] 304/384 games (1686/h, eta 3m)
  [s3-no_q-IL-nc2-dp2] 305/384 games (1691/h, eta 3m)
  [s3-no_q-IL-nc2-dp2] 306/384 games (1694/h, eta 3m)
  [s3-no_q-IL-nc2-dp2] 307/384 games (1697/h, eta 3m)
  [s3-no_q-IL-nc2-dp2] 308/384 games (1702/h, eta 3m)
  [s3-no_q-IL-nc2-dp2] 309/384 games (1704/h, eta 3m)
  [s3-no_q-IL-nc2-dp2] 310/384 games (1702/h, eta 3m)
  [s3-no_q-IL-nc2-dp2] 311/384 games (1707/h, eta 3m)
  [s3-no_q-IL-nc2-dp2] 312/384 games (1704/h, eta 3m)
  [s3-no_q-IL-nc2-dp2] 313/384 games (1705/h, eta 2m)
  [s3-no_q-IL-nc2-dp2] 314/384 games (1695/h, eta 2m)
  [s3-no_q-IL-nc2-dp2] 315/384 games (1691/h, eta 2m)
  [s3-no_q-IL-nc2-dp2] 316/384 games (1686/h, eta 2m)
  [s3-no_q-IL-nc2-dp2] 317/384 games (1690/h, eta 2m)
  [s3-no_q-IL-nc2-dp2] 318/384 games (1689/h, eta 2m)
  [s3-no_q-IL-nc2-dp2] 319/384 games (1689/h, eta 2m)
  [s3-no_q-IL-nc2-dp2] 320/384 games (1688/h, eta 2m)
  [s3-no_q-IL-nc2-dp2] 321/384 games (1680/h, eta 2m)
  [s3-no_q-IL-nc2-dp2] 322/384 games (1684/h, eta 2m)
  [s3-no_q-IL-nc2-dp2] 323/384 games (1678/h, eta 2m)
  [s3-no_q-IL-nc2-dp2] 324/384 games (1681/h, eta 2m)
  [s3-no_q-IL-nc2-dp2] 325/384 games (1682/h, eta 2m)
  [s3-no_q-IL-nc2-dp2] 326/384 games (1684/h, eta 2m)
  [s3-no_q-IL-nc2-dp2] 327/384 games (1687/h, eta 2m)
  [s3-no_q-IL-nc2-dp2] 328/384 games (1692/h, eta 2m)
  [s3-no_q-IL-nc2-dp2] 329/384 games (1689/h, eta 2m)
  [s3-no_q-IL-nc2-dp2] 330/384 games (1680/h, eta 2m)
  [s3-no_q-IL-nc2-dp2] 331/384 games (1677/h, eta 2m)
  [s3-no_q-IL-nc2-dp2] 332/384 games (1670/h, eta 2m)
  [s3-no_q-IL-nc2-dp2] 333/384 games (1675/h, eta 2m)
  [s3-no_q-IL-nc2-dp2] 334/384 games (1679/h, eta 2m)
  [s3-no_q-IL-nc2-dp2] 335/384 games (1684/h, eta 2m)
  [s3-no_q-IL-nc2-dp2] 336/384 games (1684/h, eta 2m)
  [s3-no_q-IL-nc2-dp2] 337/384 games (1688/h, eta 2m)
  [s3-no_q-IL-nc2-dp2] 338/384 games (1685/h, eta 2m)
  [s3-no_q-IL-nc2-dp2] 339/384 games (1690/h, eta 2m)
  [s3-no_q-IL-nc2-dp2] 340/384 games (1690/h, eta 2m)
  [s3-no_q-IL-nc2-dp2] 341/384 games (1692/h, eta 2m)
  [s3-no_q-IL-nc2-dp2] 342/384 games (1696/h, eta 1m)
  [s3-no_q-IL-nc2-dp2] 343/384 games (1700/h, eta 1m)
  [s3-no_q-IL-nc2-dp2] 344/384 games (1704/h, eta 1m)
  [s3-no_q-IL-nc2-dp2] 345/384 games (1706/h, eta 1m)
  [s3-no_q-IL-nc2-dp2] 346/384 games (1699/h, eta 1m)
  [s3-no_q-IL-nc2-dp2] 347/384 games (1703/h, eta 1m)
  [s3-no_q-IL-nc2-dp2] 348/384 games (1704/h, eta 1m)
  [s3-no_q-IL-nc2-dp2] 349/384 games (1697/h, eta 1m)
  [s3-no_q-IL-nc2-dp2] 350/384 games (1691/h, eta 1m)
  [s3-no_q-IL-nc2-dp2] 351/384 games (1681/h, eta 1m)
  [s3-no_q-IL-nc2-dp2] 352/384 games (1677/h, eta 1m)
  [s3-no_q-IL-nc2-dp2] 353/384 games (1681/h, eta 1m)
  [s3-no_q-IL-nc2-dp2] 354/384 games (1685/h, eta 1m)
  [s3-no_q-IL-nc2-dp2] 355/384 games (1685/h, eta 1m)
  [s3-no_q-IL-nc2-dp2] 356/384 games (1688/h, eta 1m)
  [s3-no_q-IL-nc2-dp2] 357/384 games (1692/h, eta 1m)
  [s3-no_q-IL-nc2-dp2] 358/384 games (1685/h, eta 1m)
  [s3-no_q-IL-nc2-dp2] 359/384 games (1690/h, eta 1m)
  [s3-no_q-IL-nc2-dp2] 360/384 games (1685/h, eta 1m)
  [s3-no_q-IL-nc2-dp2] 361/384 games (1685/h, eta 1m)
  [s3-no_q-IL-nc2-dp2] 362/384 games (1683/h, eta 1m)
  [s3-no_q-IL-nc2-dp2] 363/384 games (1688/h, eta 1m)
  [s3-no_q-IL-nc2-dp2] 364/384 games (1691/h, eta 1m)
  [s3-no_q-IL-nc2-dp2] 365/384 games (1695/h, eta 1m)
  [s3-no_q-IL-nc2-dp2] 366/384 games (1697/h, eta 1m)
  [s3-no_q-IL-nc2-dp2] 367/384 games (1700/h, eta 1m)
  [s3-no_q-IL-nc2-dp2] 368/384 games (1703/h, eta 1m)
  [s3-no_q-IL-nc2-dp2] 369/384 games (1706/h, eta 1m)
  [s3-no_q-IL-nc2-dp2] 370/384 games (1710/h, eta 0m)
  [s3-no_q-IL-nc2-dp2] 371/384 games (1706/h, eta 0m)
  [s3-no_q-IL-nc2-dp2] 372/384 games (1697/h, eta 0m)
  [s3-no_q-IL-nc2-dp2] 373/384 games (1698/h, eta 0m)
  [s3-no_q-IL-nc2-dp2] 374/384 games (1698/h, eta 0m)
  [s3-no_q-IL-nc2-dp2] 375/384 games (1700/h, eta 0m)
  [s3-no_q-IL-nc2-dp2] 376/384 games (1704/h, eta 0m)
  [s3-no_q-IL-nc2-dp2] 377/384 games (1708/h, eta 0m)
  [s3-no_q-IL-nc2-dp2] 378/384 games (1706/h, eta 0m)
  [s3-no_q-IL-nc2-dp2] 379/384 games (1697/h, eta 0m)
  [s3-no_q-IL-nc2-dp2] 380/384 games (1698/h, eta 0m)
  [s3-no_q-IL-nc2-dp2] 381/384 games (1701/h, eta 0m)
  [s3-no_q-IL-nc2-dp2] 382/384 games (1689/h, eta 0m)
  [s3-no_q-IL-nc2-dp2] 383/384 games (1687/h, eta 0m)
  [s3-no_q-IL-nc2-dp2] 384/384 games (1673/h, eta 0m)
== s3-no_r-IL-nc2 -> experiments/results/perturbation/s3-no_r-IL-nc2.jsonl
  [s3-no_r-IL-nc2] 1/384 games (504/h, eta 46m)
  [s3-no_r-IL-nc2] 2/384 games (790/h, eta 29m)
  [s3-no_r-IL-nc2] 3/384 games (1086/h, eta 21m)
  [s3-no_r-IL-nc2] 4/384 games (1242/h, eta 18m)
  [s3-no_r-IL-nc2] 5/384 games (1357/h, eta 17m)
  [s3-no_r-IL-nc2] 6/384 games (1570/h, eta 14m)
  [s3-no_r-IL-nc2] 7/384 games (1437/h, eta 16m)
  [s3-no_r-IL-nc2] 8/384 games (1514/h, eta 15m)
  [s3-no_r-IL-nc2] 9/384 games (1484/h, eta 15m)
  [s3-no_r-IL-nc2] 10/384 games (1599/h, eta 14m)
  [s3-no_r-IL-nc2] 11/384 games (1669/h, eta 13m)
  [s3-no_r-IL-nc2] 12/384 games (1734/h, eta 13m)
  [s3-no_r-IL-nc2] 13/384 games (1866/h, eta 12m)
  [s3-no_r-IL-nc2] 14/384 games (1997/h, eta 11m)
  [s3-no_r-IL-nc2] 15/384 games (2046/h, eta 11m)
  [s3-no_r-IL-nc2] 16/384 games (2121/h, eta 10m)
  [s3-no_r-IL-nc2] 17/384 games (2251/h, eta 10m)
  [s3-no_r-IL-nc2] 18/384 games (2366/h, eta 9m)
  [s3-no_r-IL-nc2] 19/384 games (2334/h, eta 9m)
  [s3-no_r-IL-nc2] 20/384 games (2293/h, eta 10m)
  [s3-no_r-IL-nc2] 21/384 games (2340/h, eta 9m)
  [s3-no_r-IL-nc2] 22/384 games (2305/h, eta 9m)
  [s3-no_r-IL-nc2] 23/384 games (2398/h, eta 9m)
  [s3-no_r-IL-nc2] 24/384 games (2484/h, eta 9m)
  [s3-no_r-IL-nc2] 25/384 games (2575/h, eta 8m)
  [s3-no_r-IL-nc2] 26/384 games (2596/h, eta 8m)
  [s3-no_r-IL-nc2] 27/384 games (2675/h, eta 8m)
  [s3-no_r-IL-nc2] 28/384 games (2570/h, eta 8m)
  [s3-no_r-IL-nc2] 29/384 games (2629/h, eta 8m)
  [s3-no_r-IL-nc2] 30/384 games (2662/h, eta 8m)
  [s3-no_r-IL-nc2] 31/384 games (2746/h, eta 8m)
  [s3-no_r-IL-nc2] 32/384 games (2742/h, eta 8m)
  [s3-no_r-IL-nc2] 33/384 games (2655/h, eta 8m)
  [s3-no_r-IL-nc2] 34/384 games (2707/h, eta 8m)
  [s3-no_r-IL-nc2] 35/384 games (2724/h, eta 8m)
  [s3-no_r-IL-nc2] 36/384 games (2778/h, eta 8m)
  [s3-no_r-IL-nc2] 37/384 games (2745/h, eta 8m)
  [s3-no_r-IL-nc2] 38/384 games (2770/h, eta 7m)
  [s3-no_r-IL-nc2] 39/384 games (2803/h, eta 7m)
  [s3-no_r-IL-nc2] 40/384 games (2801/h, eta 7m)
  [s3-no_r-IL-nc2] 41/384 games (2859/h, eta 7m)
  [s3-no_r-IL-nc2] 42/384 games (2923/h, eta 7m)
  [s3-no_r-IL-nc2] 43/384 games (2987/h, eta 7m)
  [s3-no_r-IL-nc2] 44/384 games (3020/h, eta 7m)
  [s3-no_r-IL-nc2] 45/384 games (3053/h, eta 7m)
  [s3-no_r-IL-nc2] 46/384 games (2982/h, eta 7m)
  [s3-no_r-IL-nc2] 47/384 games (2771/h, eta 7m)
  [s3-no_r-IL-nc2] 48/384 games (2828/h, eta 7m)
  [s3-no_r-IL-nc2] 49/384 games (2811/h, eta 7m)
  [s3-no_r-IL-nc2] 50/384 games (2845/h, eta 7m)
  [s3-no_r-IL-nc2] 51/384 games (2865/h, eta 7m)
  [s3-no_r-IL-nc2] 52/384 games (2903/h, eta 7m)
  [s3-no_r-IL-nc2] 53/384 games (2923/h, eta 7m)
  [s3-no_r-IL-nc2] 54/384 games (2914/h, eta 7m)
  [s3-no_r-IL-nc2] 55/384 games (2914/h, eta 7m)
  [s3-no_r-IL-nc2] 56/384 games (2855/h, eta 7m)
  [s3-no_r-IL-nc2] 57/384 games (2903/h, eta 7m)
  [s3-no_r-IL-nc2] 58/384 games (2936/h, eta 7m)
  [s3-no_r-IL-nc2] 59/384 games (2957/h, eta 7m)
  [s3-no_r-IL-nc2] 60/384 games (2976/h, eta 7m)
  [s3-no_r-IL-nc2] 61/384 games (2935/h, eta 7m)
  [s3-no_r-IL-nc2] 62/384 games (2968/h, eta 7m)
  [s3-no_r-IL-nc2] 63/384 games (2996/h, eta 6m)
  [s3-no_r-IL-nc2] 64/384 games (2976/h, eta 6m)
  [s3-no_r-IL-nc2] 65/384 games (2964/h, eta 6m)
  [s3-no_r-IL-nc2] 66/384 games (2980/h, eta 6m)
  [s3-no_r-IL-nc2] 67/384 games (2962/h, eta 6m)
  [s3-no_r-IL-nc2] 68/384 games (2979/h, eta 6m)
  [s3-no_r-IL-nc2] 69/384 games (3017/h, eta 6m)
  [s3-no_r-IL-nc2] 70/384 games (3043/h, eta 6m)
  [s3-no_r-IL-nc2] 71/384 games (3083/h, eta 6m)
  [s3-no_r-IL-nc2] 72/384 games (3059/h, eta 6m)
  [s3-no_r-IL-nc2] 73/384 games (3044/h, eta 6m)
  [s3-no_r-IL-nc2] 74/384 games (3066/h, eta 6m)
  [s3-no_r-IL-nc2] 75/384 games (3094/h, eta 6m)
  [s3-no_r-IL-nc2] 76/384 games (3119/h, eta 6m)
  [s3-no_r-IL-nc2] 77/384 games (3122/h, eta 6m)
  [s3-no_r-IL-nc2] 78/384 games (3158/h, eta 6m)
  [s3-no_r-IL-nc2] 79/384 games (3170/h, eta 6m)
  [s3-no_r-IL-nc2] 80/384 games (3152/h, eta 6m)
  [s3-no_r-IL-nc2] 81/384 games (3163/h, eta 6m)
  [s3-no_r-IL-nc2] 82/384 games (3129/h, eta 6m)
  [s3-no_r-IL-nc2] 83/384 games (3167/h, eta 6m)
  [s3-no_r-IL-nc2] 84/384 games (3139/h, eta 6m)
  [s3-no_r-IL-nc2] 85/384 games (3134/h, eta 6m)
  [s3-no_r-IL-nc2] 86/384 games (3132/h, eta 6m)
  [s3-no_r-IL-nc2] 87/384 games (3150/h, eta 6m)
  [s3-no_r-IL-nc2] 88/384 games (3174/h, eta 6m)
  [s3-no_r-IL-nc2] 89/384 games (3132/h, eta 6m)
  [s3-no_r-IL-nc2] 90/384 games (3165/h, eta 6m)
  [s3-no_r-IL-nc2] 91/384 games (3134/h, eta 6m)
  [s3-no_r-IL-nc2] 92/384 games (3128/h, eta 6m)
  [s3-no_r-IL-nc2] 93/384 games (3161/h, eta 6m)
  [s3-no_r-IL-nc2] 94/384 games (3191/h, eta 5m)
  [s3-no_r-IL-nc2] 95/384 games (3218/h, eta 5m)
  [s3-no_r-IL-nc2] 96/384 games (3249/h, eta 5m)
  [s3-no_r-IL-nc2] 97/384 games (3268/h, eta 5m)
  [s3-no_r-IL-nc2] 98/384 games (3296/h, eta 5m)
  [s3-no_r-IL-nc2] 99/384 games (3289/h, eta 5m)
  [s3-no_r-IL-nc2] 100/384 games (3282/h, eta 5m)
  [s3-no_r-IL-nc2] 101/384 games (3233/h, eta 5m)
  [s3-no_r-IL-nc2] 102/384 games (3181/h, eta 5m)
  [s3-no_r-IL-nc2] 103/384 games (3175/h, eta 5m)
  [s3-no_r-IL-nc2] 104/384 games (3192/h, eta 5m)
  [s3-no_r-IL-nc2] 105/384 games (3184/h, eta 5m)
  [s3-no_r-IL-nc2] 106/384 games (3184/h, eta 5m)
  [s3-no_r-IL-nc2] 107/384 games (3164/h, eta 5m)
  [s3-no_r-IL-nc2] 108/384 games (3162/h, eta 5m)
  [s3-no_r-IL-nc2] 109/384 games (3182/h, eta 5m)
  [s3-no_r-IL-nc2] 110/384 games (3207/h, eta 5m)
  [s3-no_r-IL-nc2] 111/384 games (3150/h, eta 5m)
  [s3-no_r-IL-nc2] 112/384 games (3177/h, eta 5m)
  [s3-no_r-IL-nc2] 113/384 games (3151/h, eta 5m)
  [s3-no_r-IL-nc2] 114/384 games (3157/h, eta 5m)
  [s3-no_r-IL-nc2] 115/384 games (3162/h, eta 5m)
  [s3-no_r-IL-nc2] 116/384 games (3103/h, eta 5m)
  [s3-no_r-IL-nc2] 117/384 games (3125/h, eta 5m)
  [s3-no_r-IL-nc2] 118/384 games (3150/h, eta 5m)
  [s3-no_r-IL-nc2] 119/384 games (3105/h, eta 5m)
  [s3-no_r-IL-nc2] 120/384 games (3121/h, eta 5m)
  [s3-no_r-IL-nc2] 121/384 games (3135/h, eta 5m)
  [s3-no_r-IL-nc2] 122/384 games (3142/h, eta 5m)
  [s3-no_r-IL-nc2] 123/384 games (3157/h, eta 5m)
  [s3-no_r-IL-nc2] 124/384 games (3170/h, eta 5m)
  [s3-no_r-IL-nc2] 125/384 games (3152/h, eta 5m)
  [s3-no_r-IL-nc2] 126/384 games (3173/h, eta 5m)
  [s3-no_r-IL-nc2] 127/384 games (3183/h, eta 5m)
  [s3-no_r-IL-nc2] 128/384 games (3201/h, eta 5m)
  [s3-no_r-IL-nc2] 129/384 games (3200/h, eta 5m)
  [s3-no_r-IL-nc2] 130/384 games (3211/h, eta 5m)
  [s3-no_r-IL-nc2] 131/384 games (3222/h, eta 5m)
  [s3-no_r-IL-nc2] 132/384 games (3195/h, eta 5m)
  [s3-no_r-IL-nc2] 133/384 games (3190/h, eta 5m)
  [s3-no_r-IL-nc2] 134/384 games (3209/h, eta 5m)
  [s3-no_r-IL-nc2] 135/384 games (3201/h, eta 5m)
  [s3-no_r-IL-nc2] 136/384 games (3221/h, eta 5m)
  [s3-no_r-IL-nc2] 137/384 games (3210/h, eta 5m)
  [s3-no_r-IL-nc2] 138/384 games (3207/h, eta 5m)
  [s3-no_r-IL-nc2] 139/384 games (3221/h, eta 5m)
  [s3-no_r-IL-nc2] 140/384 games (3224/h, eta 5m)
  [s3-no_r-IL-nc2] 141/384 games (3184/h, eta 5m)
  [s3-no_r-IL-nc2] 142/384 games (3176/h, eta 5m)
  [s3-no_r-IL-nc2] 143/384 games (3193/h, eta 5m)
  [s3-no_r-IL-nc2] 144/384 games (3179/h, eta 5m)
  [s3-no_r-IL-nc2] 145/384 games (3192/h, eta 4m)
  [s3-no_r-IL-nc2] 146/384 games (3211/h, eta 4m)
  [s3-no_r-IL-nc2] 147/384 games (3233/h, eta 4m)
  [s3-no_r-IL-nc2] 148/384 games (3211/h, eta 4m)
  [s3-no_r-IL-nc2] 149/384 games (3222/h, eta 4m)
  [s3-no_r-IL-nc2] 150/384 games (3225/h, eta 4m)
  [s3-no_r-IL-nc2] 151/384 games (3226/h, eta 4m)
  [s3-no_r-IL-nc2] 152/384 games (3201/h, eta 4m)
  [s3-no_r-IL-nc2] 153/384 games (3213/h, eta 4m)
  [s3-no_r-IL-nc2] 154/384 games (3220/h, eta 4m)
  [s3-no_r-IL-nc2] 155/384 games (3238/h, eta 4m)
  [s3-no_r-IL-nc2] 156/384 games (3237/h, eta 4m)
  [s3-no_r-IL-nc2] 157/384 games (3178/h, eta 4m)
  [s3-no_r-IL-nc2] 158/384 games (3192/h, eta 4m)
  [s3-no_r-IL-nc2] 159/384 games (3197/h, eta 4m)
  [s3-no_r-IL-nc2] 160/384 games (3207/h, eta 4m)
  [s3-no_r-IL-nc2] 161/384 games (3203/h, eta 4m)
  [s3-no_r-IL-nc2] 162/384 games (3221/h, eta 4m)
  [s3-no_r-IL-nc2] 163/384 games (3238/h, eta 4m)
  [s3-no_r-IL-nc2] 164/384 games (3250/h, eta 4m)
  [s3-no_r-IL-nc2] 165/384 games (3246/h, eta 4m)
  [s3-no_r-IL-nc2] 166/384 games (3258/h, eta 4m)
  [s3-no_r-IL-nc2] 167/384 games (3261/h, eta 4m)
  [s3-no_r-IL-nc2] 168/384 games (3252/h, eta 4m)
  [s3-no_r-IL-nc2] 169/384 games (3226/h, eta 4m)
  [s3-no_r-IL-nc2] 170/384 games (3231/h, eta 4m)
  [s3-no_r-IL-nc2] 171/384 games (3227/h, eta 4m)
  [s3-no_r-IL-nc2] 172/384 games (3235/h, eta 4m)
  [s3-no_r-IL-nc2] 173/384 games (3246/h, eta 4m)
  [s3-no_r-IL-nc2] 174/384 games (3259/h, eta 4m)
  [s3-no_r-IL-nc2] 175/384 games (3269/h, eta 4m)
  [s3-no_r-IL-nc2] 176/384 games (3276/h, eta 4m)
  [s3-no_r-IL-nc2] 177/384 games (3249/h, eta 4m)
  [s3-no_r-IL-nc2] 178/384 games (3243/h, eta 4m)
  [s3-no_r-IL-nc2] 179/384 games (3256/h, eta 4m)
  [s3-no_r-IL-nc2] 180/384 games (3252/h, eta 4m)
  [s3-no_r-IL-nc2] 181/384 games (3262/h, eta 4m)
  [s3-no_r-IL-nc2] 182/384 games (3278/h, eta 4m)
  [s3-no_r-IL-nc2] 183/384 games (3291/h, eta 4m)
  [s3-no_r-IL-nc2] 184/384 games (3231/h, eta 4m)
  [s3-no_r-IL-nc2] 185/384 games (3246/h, eta 4m)
  [s3-no_r-IL-nc2] 186/384 games (3259/h, eta 4m)
  [s3-no_r-IL-nc2] 187/384 games (3262/h, eta 4m)
  [s3-no_r-IL-nc2] 188/384 games (3276/h, eta 4m)
  [s3-no_r-IL-nc2] 189/384 games (3272/h, eta 4m)
  [s3-no_r-IL-nc2] 190/384 games (3257/h, eta 4m)
  [s3-no_r-IL-nc2] 191/384 games (3272/h, eta 4m)
  [s3-no_r-IL-nc2] 192/384 games (3287/h, eta 4m)
  [s3-no_r-IL-nc2] 193/384 games (3233/h, eta 4m)
  [s3-no_r-IL-nc2] 194/384 games (3246/h, eta 4m)
  [s3-no_r-IL-nc2] 195/384 games (3244/h, eta 3m)
  [s3-no_r-IL-nc2] 196/384 games (3244/h, eta 3m)
  [s3-no_r-IL-nc2] 197/384 games (3248/h, eta 3m)
  [s3-no_r-IL-nc2] 198/384 games (3242/h, eta 3m)
  [s3-no_r-IL-nc2] 199/384 games (3258/h, eta 3m)
  [s3-no_r-IL-nc2] 200/384 games (3267/h, eta 3m)
  [s3-no_r-IL-nc2] 201/384 games (3274/h, eta 3m)
  [s3-no_r-IL-nc2] 202/384 games (3255/h, eta 3m)
  [s3-no_r-IL-nc2] 203/384 games (3252/h, eta 3m)
  [s3-no_r-IL-nc2] 204/384 games (3263/h, eta 3m)
  [s3-no_r-IL-nc2] 205/384 games (3274/h, eta 3m)
  [s3-no_r-IL-nc2] 206/384 games (3260/h, eta 3m)
  [s3-no_r-IL-nc2] 207/384 games (3267/h, eta 3m)
  [s3-no_r-IL-nc2] 208/384 games (3279/h, eta 3m)
  [s3-no_r-IL-nc2] 209/384 games (3282/h, eta 3m)
  [s3-no_r-IL-nc2] 210/384 games (3283/h, eta 3m)
  [s3-no_r-IL-nc2] 211/384 games (3289/h, eta 3m)
  [s3-no_r-IL-nc2] 212/384 games (3304/h, eta 3m)
  [s3-no_r-IL-nc2] 213/384 games (3309/h, eta 3m)
  [s3-no_r-IL-nc2] 214/384 games (3320/h, eta 3m)
  [s3-no_r-IL-nc2] 215/384 games (3320/h, eta 3m)
  [s3-no_r-IL-nc2] 216/384 games (3322/h, eta 3m)
  [s3-no_r-IL-nc2] 217/384 games (3324/h, eta 3m)
  [s3-no_r-IL-nc2] 218/384 games (3320/h, eta 3m)
  [s3-no_r-IL-nc2] 219/384 games (3322/h, eta 3m)
  [s3-no_r-IL-nc2] 220/384 games (3333/h, eta 3m)
  [s3-no_r-IL-nc2] 221/384 games (3302/h, eta 3m)
  [s3-no_r-IL-nc2] 222/384 games (3297/h, eta 3m)
  [s3-no_r-IL-nc2] 223/384 games (3305/h, eta 3m)
  [s3-no_r-IL-nc2] 224/384 games (3314/h, eta 3m)
  [s3-no_r-IL-nc2] 225/384 games (3316/h, eta 3m)
  [s3-no_r-IL-nc2] 226/384 games (3326/h, eta 3m)
  [s3-no_r-IL-nc2] 227/384 games (3336/h, eta 3m)
  [s3-no_r-IL-nc2] 228/384 games (3333/h, eta 3m)
  [s3-no_r-IL-nc2] 229/384 games (3348/h, eta 3m)
  [s3-no_r-IL-nc2] 230/384 games (3351/h, eta 3m)
  [s3-no_r-IL-nc2] 231/384 games (3341/h, eta 3m)
  [s3-no_r-IL-nc2] 232/384 games (3340/h, eta 3m)
  [s3-no_r-IL-nc2] 233/384 games (3353/h, eta 3m)
  [s3-no_r-IL-nc2] 234/384 games (3353/h, eta 3m)
  [s3-no_r-IL-nc2] 235/384 games (3359/h, eta 3m)
  [s3-no_r-IL-nc2] 236/384 games (3367/h, eta 3m)
  [s3-no_r-IL-nc2] 237/384 games (3364/h, eta 3m)
  [s3-no_r-IL-nc2] 238/384 games (3358/h, eta 3m)
  [s3-no_r-IL-nc2] 239/384 games (3369/h, eta 3m)
  [s3-no_r-IL-nc2] 240/384 games (3376/h, eta 3m)
  [s3-no_r-IL-nc2] 241/384 games (3367/h, eta 3m)
  [s3-no_r-IL-nc2] 242/384 games (3346/h, eta 3m)
  [s3-no_r-IL-nc2] 243/384 games (3358/h, eta 3m)
  [s3-no_r-IL-nc2] 244/384 games (3351/h, eta 3m)
  [s3-no_r-IL-nc2] 245/384 games (3359/h, eta 2m)
  [s3-no_r-IL-nc2] 246/384 games (3357/h, eta 2m)
  [s3-no_r-IL-nc2] 247/384 games (3363/h, eta 2m)
  [s3-no_r-IL-nc2] 248/384 games (3364/h, eta 2m)
  [s3-no_r-IL-nc2] 249/384 games (3364/h, eta 2m)
  [s3-no_r-IL-nc2] 250/384 games (3358/h, eta 2m)
  [s3-no_r-IL-nc2] 251/384 games (3370/h, eta 2m)
  [s3-no_r-IL-nc2] 252/384 games (3379/h, eta 2m)
  [s3-no_r-IL-nc2] 253/384 games (3378/h, eta 2m)
  [s3-no_r-IL-nc2] 254/384 games (3388/h, eta 2m)
  [s3-no_r-IL-nc2] 255/384 games (3401/h, eta 2m)
  [s3-no_r-IL-nc2] 256/384 games (3412/h, eta 2m)
  [s3-no_r-IL-nc2] 257/384 games (3415/h, eta 2m)
  [s3-no_r-IL-nc2] 258/384 games (3378/h, eta 2m)
  [s3-no_r-IL-nc2] 259/384 games (3382/h, eta 2m)
  [s3-no_r-IL-nc2] 260/384 games (3377/h, eta 2m)
  [s3-no_r-IL-nc2] 261/384 games (3383/h, eta 2m)
  [s3-no_r-IL-nc2] 262/384 games (3394/h, eta 2m)
  [s3-no_r-IL-nc2] 263/384 games (3370/h, eta 2m)
  [s3-no_r-IL-nc2] 264/384 games (3377/h, eta 2m)
  [s3-no_r-IL-nc2] 265/384 games (3375/h, eta 2m)
  [s3-no_r-IL-nc2] 266/384 games (3386/h, eta 2m)
  [s3-no_r-IL-nc2] 267/384 games (3393/h, eta 2m)
  [s3-no_r-IL-nc2] 268/384 games (3404/h, eta 2m)
  [s3-no_r-IL-nc2] 269/384 games (3408/h, eta 2m)
  [s3-no_r-IL-nc2] 270/384 games (3389/h, eta 2m)
  [s3-no_r-IL-nc2] 271/384 games (3397/h, eta 2m)
  [s3-no_r-IL-nc2] 272/384 games (3372/h, eta 2m)
  [s3-no_r-IL-nc2] 273/384 games (3375/h, eta 2m)
  [s3-no_r-IL-nc2] 274/384 games (3386/h, eta 2m)
  [s3-no_r-IL-nc2] 275/384 games (3360/h, eta 2m)
  [s3-no_r-IL-nc2] 276/384 games (3371/h, eta 2m)
  [s3-no_r-IL-nc2] 277/384 games (3381/h, eta 2m)
  [s3-no_r-IL-nc2] 278/384 games (3388/h, eta 2m)
  [s3-no_r-IL-nc2] 279/384 games (3398/h, eta 2m)
  [s3-no_r-IL-nc2] 280/384 games (3402/h, eta 2m)
  [s3-no_r-IL-nc2] 281/384 games (3409/h, eta 2m)
  [s3-no_r-IL-nc2] 282/384 games (3407/h, eta 2m)
  [s3-no_r-IL-nc2] 283/384 games (3411/h, eta 2m)
  [s3-no_r-IL-nc2] 284/384 games (3412/h, eta 2m)
  [s3-no_r-IL-nc2] 285/384 games (3383/h, eta 2m)
  [s3-no_r-IL-nc2] 286/384 games (3380/h, eta 2m)
  [s3-no_r-IL-nc2] 287/384 games (3383/h, eta 2m)
  [s3-no_r-IL-nc2] 288/384 games (3376/h, eta 2m)
  [s3-no_r-IL-nc2] 289/384 games (3387/h, eta 2m)
  [s3-no_r-IL-nc2] 290/384 games (3391/h, eta 2m)
  [s3-no_r-IL-nc2] 291/384 games (3401/h, eta 2m)
  [s3-no_r-IL-nc2] 292/384 games (3399/h, eta 2m)
  [s3-no_r-IL-nc2] 293/384 games (3387/h, eta 2m)
  [s3-no_r-IL-nc2] 294/384 games (3392/h, eta 2m)
  [s3-no_r-IL-nc2] 295/384 games (3388/h, eta 2m)
  [s3-no_r-IL-nc2] 296/384 games (3395/h, eta 2m)
  [s3-no_r-IL-nc2] 297/384 games (3398/h, eta 2m)
  [s3-no_r-IL-nc2] 298/384 games (3408/h, eta 2m)
  [s3-no_r-IL-nc2] 299/384 games (3416/h, eta 1m)
  [s3-no_r-IL-nc2] 300/384 games (3418/h, eta 1m)
  [s3-no_r-IL-nc2] 301/384 games (3416/h, eta 1m)
  [s3-no_r-IL-nc2] 302/384 games (3426/h, eta 1m)
  [s3-no_r-IL-nc2] 303/384 games (3418/h, eta 1m)
  [s3-no_r-IL-nc2] 304/384 games (3425/h, eta 1m)
  [s3-no_r-IL-nc2] 305/384 games (3433/h, eta 1m)
  [s3-no_r-IL-nc2] 306/384 games (3435/h, eta 1m)
  [s3-no_r-IL-nc2] 307/384 games (3424/h, eta 1m)
  [s3-no_r-IL-nc2] 308/384 games (3432/h, eta 1m)
  [s3-no_r-IL-nc2] 309/384 games (3435/h, eta 1m)
  [s3-no_r-IL-nc2] 310/384 games (3444/h, eta 1m)
  [s3-no_r-IL-nc2] 311/384 games (3454/h, eta 1m)
  [s3-no_r-IL-nc2] 312/384 games (3433/h, eta 1m)
  [s3-no_r-IL-nc2] 313/384 games (3432/h, eta 1m)
  [s3-no_r-IL-nc2] 314/384 games (3439/h, eta 1m)
  [s3-no_r-IL-nc2] 315/384 games (3434/h, eta 1m)
  [s3-no_r-IL-nc2] 316/384 games (3435/h, eta 1m)
  [s3-no_r-IL-nc2] 317/384 games (3441/h, eta 1m)
  [s3-no_r-IL-nc2] 318/384 games (3442/h, eta 1m)
  [s3-no_r-IL-nc2] 319/384 games (3449/h, eta 1m)
  [s3-no_r-IL-nc2] 320/384 games (3445/h, eta 1m)
  [s3-no_r-IL-nc2] 321/384 games (3452/h, eta 1m)
  [s3-no_r-IL-nc2] 322/384 games (3450/h, eta 1m)
  [s3-no_r-IL-nc2] 323/384 games (3452/h, eta 1m)
  [s3-no_r-IL-nc2] 324/384 games (3458/h, eta 1m)
  [s3-no_r-IL-nc2] 325/384 games (3467/h, eta 1m)
  [s3-no_r-IL-nc2] 326/384 games (3460/h, eta 1m)
  [s3-no_r-IL-nc2] 327/384 games (3442/h, eta 1m)
  [s3-no_r-IL-nc2] 328/384 games (3433/h, eta 1m)
  [s3-no_r-IL-nc2] 329/384 games (3442/h, eta 1m)
  [s3-no_r-IL-nc2] 330/384 games (3450/h, eta 1m)
  [s3-no_r-IL-nc2] 331/384 games (3460/h, eta 1m)
  [s3-no_r-IL-nc2] 332/384 games (3469/h, eta 1m)
  [s3-no_r-IL-nc2] 333/384 games (3473/h, eta 1m)
  [s3-no_r-IL-nc2] 334/384 games (3478/h, eta 1m)
  [s3-no_r-IL-nc2] 335/384 games (3479/h, eta 1m)
  [s3-no_r-IL-nc2] 336/384 games (3470/h, eta 1m)
  [s3-no_r-IL-nc2] 337/384 games (3428/h, eta 1m)
  [s3-no_r-IL-nc2] 338/384 games (3433/h, eta 1m)
  [s3-no_r-IL-nc2] 339/384 games (3430/h, eta 1m)
  [s3-no_r-IL-nc2] 340/384 games (3420/h, eta 1m)
  [s3-no_r-IL-nc2] 341/384 games (3423/h, eta 1m)
  [s3-no_r-IL-nc2] 342/384 games (3420/h, eta 1m)
  [s3-no_r-IL-nc2] 343/384 games (3430/h, eta 1m)
  [s3-no_r-IL-nc2] 344/384 games (3425/h, eta 1m)
  [s3-no_r-IL-nc2] 345/384 games (3425/h, eta 1m)
  [s3-no_r-IL-nc2] 346/384 games (3434/h, eta 1m)
  [s3-no_r-IL-nc2] 347/384 games (3441/h, eta 1m)
  [s3-no_r-IL-nc2] 348/384 games (3437/h, eta 1m)
  [s3-no_r-IL-nc2] 349/384 games (3437/h, eta 1m)
  [s3-no_r-IL-nc2] 350/384 games (3442/h, eta 1m)
  [s3-no_r-IL-nc2] 351/384 games (3445/h, eta 1m)
  [s3-no_r-IL-nc2] 352/384 games (3431/h, eta 1m)
  [s3-no_r-IL-nc2] 353/384 games (3439/h, eta 1m)
  [s3-no_r-IL-nc2] 354/384 games (3441/h, eta 1m)
  [s3-no_r-IL-nc2] 355/384 games (3444/h, eta 1m)
  [s3-no_r-IL-nc2] 356/384 games (3452/h, eta 0m)
  [s3-no_r-IL-nc2] 357/384 games (3444/h, eta 0m)
  [s3-no_r-IL-nc2] 358/384 games (3448/h, eta 0m)
  [s3-no_r-IL-nc2] 359/384 games (3448/h, eta 0m)
  [s3-no_r-IL-nc2] 360/384 games (3450/h, eta 0m)
  [s3-no_r-IL-nc2] 361/384 games (3438/h, eta 0m)
  [s3-no_r-IL-nc2] 362/384 games (3445/h, eta 0m)
  [s3-no_r-IL-nc2] 363/384 games (3442/h, eta 0m)
  [s3-no_r-IL-nc2] 364/384 games (3447/h, eta 0m)
  [s3-no_r-IL-nc2] 365/384 games (3448/h, eta 0m)
  [s3-no_r-IL-nc2] 366/384 games (3443/h, eta 0m)
  [s3-no_r-IL-nc2] 367/384 games (3446/h, eta 0m)
  [s3-no_r-IL-nc2] 368/384 games (3449/h, eta 0m)
  [s3-no_r-IL-nc2] 369/384 games (3446/h, eta 0m)
  [s3-no_r-IL-nc2] 370/384 games (3452/h, eta 0m)
  [s3-no_r-IL-nc2] 371/384 games (3426/h, eta 0m)
  [s3-no_r-IL-nc2] 372/384 games (3420/h, eta 0m)
  [s3-no_r-IL-nc2] 373/384 games (3425/h, eta 0m)
  [s3-no_r-IL-nc2] 374/384 games (3430/h, eta 0m)
  [s3-no_r-IL-nc2] 375/384 games (3437/h, eta 0m)
  [s3-no_r-IL-nc2] 376/384 games (3433/h, eta 0m)
  [s3-no_r-IL-nc2] 377/384 games (3435/h, eta 0m)
  [s3-no_r-IL-nc2] 378/384 games (3440/h, eta 0m)
  [s3-no_r-IL-nc2] 379/384 games (3447/h, eta 0m)
  [s3-no_r-IL-nc2] 380/384 games (3452/h, eta 0m)
  [s3-no_r-IL-nc2] 381/384 games (3450/h, eta 0m)
  [s3-no_r-IL-nc2] 382/384 games (3447/h, eta 0m)
  [s3-no_r-IL-nc2] 383/384 games (3438/h, eta 0m)
  [s3-no_r-IL-nc2] 384/384 games (3444/h, eta 0m)
== s3-no_r-IL-dp2 -> experiments/results/perturbation/s3-no_r-IL-dp2.jsonl
  [s3-no_r-IL-dp2] 1/384 games (1307/h, eta 18m)
  [s3-no_r-IL-dp2] 2/384 games (2272/h, eta 10m)
  [s3-no_r-IL-dp2] 3/384 games (1706/h, eta 13m)
  [s3-no_r-IL-dp2] 4/384 games (1060/h, eta 22m)
  [s3-no_r-IL-dp2] 5/384 games (1309/h, eta 17m)
  [s3-no_r-IL-dp2] 6/384 games (1515/h, eta 15m)
  [s3-no_r-IL-dp2] 7/384 games (1457/h, eta 16m)
  [s3-no_r-IL-dp2] 8/384 games (1624/h, eta 14m)
  [s3-no_r-IL-dp2] 9/384 games (1701/h, eta 13m)
  [s3-no_r-IL-dp2] 10/384 games (1660/h, eta 14m)
  [s3-no_r-IL-dp2] 11/384 games (1812/h, eta 12m)
  [s3-no_r-IL-dp2] 12/384 games (1953/h, eta 11m)
  [s3-no_r-IL-dp2] 13/384 games (1951/h, eta 11m)
  [s3-no_r-IL-dp2] 14/384 games (2072/h, eta 11m)
  [s3-no_r-IL-dp2] 15/384 games (2177/h, eta 10m)
  [s3-no_r-IL-dp2] 16/384 games (2251/h, eta 10m)
  [s3-no_r-IL-dp2] 17/384 games (2320/h, eta 9m)
  [s3-no_r-IL-dp2] 18/384 games (2448/h, eta 9m)
  [s3-no_r-IL-dp2] 19/384 games (2477/h, eta 9m)
  [s3-no_r-IL-dp2] 20/384 games (2551/h, eta 9m)
  [s3-no_r-IL-dp2] 21/384 games (2636/h, eta 8m)
  [s3-no_r-IL-dp2] 22/384 games (2734/h, eta 8m)
  [s3-no_r-IL-dp2] 23/384 games (2650/h, eta 8m)
  [s3-no_r-IL-dp2] 24/384 games (2725/h, eta 8m)
  [s3-no_r-IL-dp2] 25/384 games (2707/h, eta 8m)
  [s3-no_r-IL-dp2] 26/384 games (2509/h, eta 9m)
  [s3-no_r-IL-dp2] 27/384 games (2354/h, eta 9m)
  [s3-no_r-IL-dp2] 28/384 games (2354/h, eta 9m)
  [s3-no_r-IL-dp2] 29/384 games (2283/h, eta 9m)
  [s3-no_r-IL-dp2] 30/384 games (2315/h, eta 9m)
  [s3-no_r-IL-dp2] 31/384 games (2378/h, eta 9m)
  [s3-no_r-IL-dp2] 32/384 games (2337/h, eta 9m)
  [s3-no_r-IL-dp2] 33/384 games (2395/h, eta 9m)
  [s3-no_r-IL-dp2] 34/384 games (2457/h, eta 9m)
  [s3-no_r-IL-dp2] 35/384 games (2527/h, eta 8m)
  [s3-no_r-IL-dp2] 36/384 games (2597/h, eta 8m)
  [s3-no_r-IL-dp2] 37/384 games (2595/h, eta 8m)
  [s3-no_r-IL-dp2] 38/384 games (2653/h, eta 8m)
  [s3-no_r-IL-dp2] 39/384 games (2657/h, eta 8m)
  [s3-no_r-IL-dp2] 40/384 games (2686/h, eta 8m)
  [s3-no_r-IL-dp2] 41/384 games (2712/h, eta 8m)
  [s3-no_r-IL-dp2] 42/384 games (2644/h, eta 8m)
  [s3-no_r-IL-dp2] 43/384 games (2699/h, eta 8m)
  [s3-no_r-IL-dp2] 44/384 games (2736/h, eta 7m)
  [s3-no_r-IL-dp2] 45/384 games (2711/h, eta 8m)
  [s3-no_r-IL-dp2] 46/384 games (2633/h, eta 8m)
  [s3-no_r-IL-dp2] 47/384 games (2661/h, eta 8m)
  [s3-no_r-IL-dp2] 48/384 games (2686/h, eta 8m)
  [s3-no_r-IL-dp2] 49/384 games (2543/h, eta 8m)
  [s3-no_r-IL-dp2] 50/384 games (2554/h, eta 8m)
  [s3-no_r-IL-dp2] 51/384 games (2598/h, eta 8m)
  [s3-no_r-IL-dp2] 52/384 games (2515/h, eta 8m)
  [s3-no_r-IL-dp2] 53/384 games (2528/h, eta 8m)
  [s3-no_r-IL-dp2] 54/384 games (2555/h, eta 8m)
  [s3-no_r-IL-dp2] 55/384 games (2591/h, eta 8m)
  [s3-no_r-IL-dp2] 56/384 games (2612/h, eta 8m)
  [s3-no_r-IL-dp2] 57/384 games (2602/h, eta 8m)
  [s3-no_r-IL-dp2] 58/384 games (2633/h, eta 7m)
  [s3-no_r-IL-dp2] 59/384 games (2675/h, eta 7m)
  [s3-no_r-IL-dp2] 60/384 games (2703/h, eta 7m)
  [s3-no_r-IL-dp2] 61/384 games (2697/h, eta 7m)
  [s3-no_r-IL-dp2] 62/384 games (2736/h, eta 7m)
  [s3-no_r-IL-dp2] 63/384 games (2716/h, eta 7m)
  [s3-no_r-IL-dp2] 64/384 games (2693/h, eta 7m)
  [s3-no_r-IL-dp2] 65/384 games (2701/h, eta 7m)
  [s3-no_r-IL-dp2] 66/384 games (2713/h, eta 7m)
  [s3-no_r-IL-dp2] 67/384 games (2690/h, eta 7m)
  [s3-no_r-IL-dp2] 68/384 games (2717/h, eta 7m)
  [s3-no_r-IL-dp2] 69/384 games (2745/h, eta 7m)
  [s3-no_r-IL-dp2] 70/384 games (2757/h, eta 7m)
  [s3-no_r-IL-dp2] 71/384 games (2780/h, eta 7m)
  [s3-no_r-IL-dp2] 72/384 games (2805/h, eta 7m)
  [s3-no_r-IL-dp2] 73/384 games (2830/h, eta 7m)
  [s3-no_r-IL-dp2] 74/384 games (2805/h, eta 7m)
  [s3-no_r-IL-dp2] 75/384 games (2784/h, eta 7m)
  [s3-no_r-IL-dp2] 76/384 games (2799/h, eta 7m)
  [s3-no_r-IL-dp2] 77/384 games (2761/h, eta 7m)
  [s3-no_r-IL-dp2] 78/384 games (2771/h, eta 7m)
  [s3-no_r-IL-dp2] 79/384 games (2793/h, eta 7m)
  [s3-no_r-IL-dp2] 80/384 games (2797/h, eta 7m)
  [s3-no_r-IL-dp2] 81/384 games (2809/h, eta 6m)
  [s3-no_r-IL-dp2] 82/384 games (2789/h, eta 6m)
  [s3-no_r-IL-dp2] 83/384 games (2796/h, eta 6m)
  [s3-no_r-IL-dp2] 84/384 games (2819/h, eta 6m)
  [s3-no_r-IL-dp2] 85/384 games (2849/h, eta 6m)
  [s3-no_r-IL-dp2] 86/384 games (2797/h, eta 6m)
  [s3-no_r-IL-dp2] 87/384 games (2827/h, eta 6m)
  [s3-no_r-IL-dp2] 88/384 games (2850/h, eta 6m)
  [s3-no_r-IL-dp2] 89/384 games (2807/h, eta 6m)
  [s3-no_r-IL-dp2] 90/384 games (2834/h, eta 6m)
  [s3-no_r-IL-dp2] 91/384 games (2853/h, eta 6m)
  [s3-no_r-IL-dp2] 92/384 games (2878/h, eta 6m)
  [s3-no_r-IL-dp2] 93/384 games (2878/h, eta 6m)
  [s3-no_r-IL-dp2] 94/384 games (2908/h, eta 6m)
  [s3-no_r-IL-dp2] 95/384 games (2909/h, eta 6m)
  [s3-no_r-IL-dp2] 96/384 games (2918/h, eta 6m)
  [s3-no_r-IL-dp2] 97/384 games (2934/h, eta 6m)
  [s3-no_r-IL-dp2] 98/384 games (2931/h, eta 6m)
  [s3-no_r-IL-dp2] 99/384 games (2960/h, eta 6m)
  [s3-no_r-IL-dp2] 100/384 games (2983/h, eta 6m)
  [s3-no_r-IL-dp2] 101/384 games (3008/h, eta 6m)
  [s3-no_r-IL-dp2] 102/384 games (3031/h, eta 6m)
  [s3-no_r-IL-dp2] 103/384 games (3058/h, eta 6m)
  [s3-no_r-IL-dp2] 104/384 games (3033/h, eta 6m)
  [s3-no_r-IL-dp2] 105/384 games (3062/h, eta 5m)
  [s3-no_r-IL-dp2] 106/384 games (3085/h, eta 5m)
  [s3-no_r-IL-dp2] 107/384 games (3065/h, eta 5m)
  [s3-no_r-IL-dp2] 108/384 games (3084/h, eta 5m)
  [s3-no_r-IL-dp2] 109/384 games (3084/h, eta 5m)
  [s3-no_r-IL-dp2] 110/384 games (3065/h, eta 5m)
  [s3-no_r-IL-dp2] 111/384 games (3087/h, eta 5m)
  [s3-no_r-IL-dp2] 112/384 games (3111/h, eta 5m)
  [s3-no_r-IL-dp2] 113/384 games (3086/h, eta 5m)
  [s3-no_r-IL-dp2] 114/384 games (3109/h, eta 5m)
  [s3-no_r-IL-dp2] 115/384 games (3130/h, eta 5m)
  [s3-no_r-IL-dp2] 116/384 games (3116/h, eta 5m)
  [s3-no_r-IL-dp2] 117/384 games (3117/h, eta 5m)
  [s3-no_r-IL-dp2] 118/384 games (3142/h, eta 5m)
  [s3-no_r-IL-dp2] 119/384 games (3166/h, eta 5m)
  [s3-no_r-IL-dp2] 120/384 games (3174/h, eta 5m)
  [s3-no_r-IL-dp2] 121/384 games (3156/h, eta 5m)
  [s3-no_r-IL-dp2] 122/384 games (3172/h, eta 5m)
  [s3-no_r-IL-dp2] 123/384 games (3187/h, eta 5m)
  [s3-no_r-IL-dp2] 124/384 games (3206/h, eta 5m)
  [s3-no_r-IL-dp2] 125/384 games (3217/h, eta 5m)
  [s3-no_r-IL-dp2] 126/384 games (3108/h, eta 5m)
  [s3-no_r-IL-dp2] 127/384 games (3132/h, eta 5m)
  [s3-no_r-IL-dp2] 128/384 games (3154/h, eta 5m)
  [s3-no_r-IL-dp2] 129/384 games (3140/h, eta 5m)
  [s3-no_r-IL-dp2] 130/384 games (3103/h, eta 5m)
  [s3-no_r-IL-dp2] 131/384 games (3078/h, eta 5m)
  [s3-no_r-IL-dp2] 132/384 games (3073/h, eta 5m)
  [s3-no_r-IL-dp2] 133/384 games (3096/h, eta 5m)
  [s3-no_r-IL-dp2] 134/384 games (3100/h, eta 5m)
  [s3-no_r-IL-dp2] 135/384 games (3098/h, eta 5m)
  [s3-no_r-IL-dp2] 136/384 games (3074/h, eta 5m)
  [s3-no_r-IL-dp2] 137/384 games (3074/h, eta 5m)
  [s3-no_r-IL-dp2] 138/384 games (3090/h, eta 5m)
  [s3-no_r-IL-dp2] 139/384 games (3086/h, eta 5m)
  [s3-no_r-IL-dp2] 140/384 games (3107/h, eta 5m)
  [s3-no_r-IL-dp2] 141/384 games (3098/h, eta 5m)
  [s3-no_r-IL-dp2] 142/384 games (3111/h, eta 5m)
  [s3-no_r-IL-dp2] 143/384 games (3125/h, eta 5m)
  [s3-no_r-IL-dp2] 144/384 games (3118/h, eta 5m)
  [s3-no_r-IL-dp2] 145/384 games (3136/h, eta 5m)
  [s3-no_r-IL-dp2] 146/384 games (3114/h, eta 5m)
  [s3-no_r-IL-dp2] 147/384 games (3090/h, eta 5m)
  [s3-no_r-IL-dp2] 148/384 games (3108/h, eta 5m)
  [s3-no_r-IL-dp2] 149/384 games (3093/h, eta 5m)
  [s3-no_r-IL-dp2] 150/384 games (3064/h, eta 5m)
  [s3-no_r-IL-dp2] 151/384 games (3079/h, eta 5m)
  [s3-no_r-IL-dp2] 152/384 games (3089/h, eta 5m)
  [s3-no_r-IL-dp2] 153/384 games (3089/h, eta 4m)
  [s3-no_r-IL-dp2] 154/384 games (3107/h, eta 4m)
  [s3-no_r-IL-dp2] 155/384 games (3109/h, eta 4m)
  [s3-no_r-IL-dp2] 156/384 games (3091/h, eta 4m)
  [s3-no_r-IL-dp2] 157/384 games (3110/h, eta 4m)
  [s3-no_r-IL-dp2] 158/384 games (3113/h, eta 4m)
  [s3-no_r-IL-dp2] 159/384 games (3125/h, eta 4m)
  [s3-no_r-IL-dp2] 160/384 games (3123/h, eta 4m)
  [s3-no_r-IL-dp2] 161/384 games (3116/h, eta 4m)
  [s3-no_r-IL-dp2] 162/384 games (3129/h, eta 4m)
  [s3-no_r-IL-dp2] 163/384 games (3146/h, eta 4m)
  [s3-no_r-IL-dp2] 164/384 games (3143/h, eta 4m)
  [s3-no_r-IL-dp2] 165/384 games (3143/h, eta 4m)
  [s3-no_r-IL-dp2] 166/384 games (3144/h, eta 4m)
  [s3-no_r-IL-dp2] 167/384 games (3122/h, eta 4m)
  [s3-no_r-IL-dp2] 168/384 games (3130/h, eta 4m)
  [s3-no_r-IL-dp2] 169/384 games (3149/h, eta 4m)
  [s3-no_r-IL-dp2] 170/384 games (3128/h, eta 4m)
  [s3-no_r-IL-dp2] 171/384 games (3140/h, eta 4m)
  [s3-no_r-IL-dp2] 172/384 games (3149/h, eta 4m)
  [s3-no_r-IL-dp2] 173/384 games (3146/h, eta 4m)
  [s3-no_r-IL-dp2] 174/384 games (3081/h, eta 4m)
  [s3-no_r-IL-dp2] 175/384 games (3082/h, eta 4m)
  [s3-no_r-IL-dp2] 176/384 games (3094/h, eta 4m)
  [s3-no_r-IL-dp2] 177/384 games (3108/h, eta 4m)
  [s3-no_r-IL-dp2] 178/384 games (3122/h, eta 4m)
  [s3-no_r-IL-dp2] 179/384 games (3101/h, eta 4m)
  [s3-no_r-IL-dp2] 180/384 games (3116/h, eta 4m)
  [s3-no_r-IL-dp2] 181/384 games (3133/h, eta 4m)
  [s3-no_r-IL-dp2] 182/384 games (3134/h, eta 4m)
  [s3-no_r-IL-dp2] 183/384 games (3145/h, eta 4m)
  [s3-no_r-IL-dp2] 184/384 games (3158/h, eta 4m)
  [s3-no_r-IL-dp2] 185/384 games (3164/h, eta 4m)
  [s3-no_r-IL-dp2] 186/384 games (3164/h, eta 4m)
  [s3-no_r-IL-dp2] 187/384 games (3174/h, eta 4m)
  [s3-no_r-IL-dp2] 188/384 games (3179/h, eta 4m)
  [s3-no_r-IL-dp2] 189/384 games (3186/h, eta 4m)
  [s3-no_r-IL-dp2] 190/384 games (3186/h, eta 4m)
  [s3-no_r-IL-dp2] 191/384 games (3192/h, eta 4m)
  [s3-no_r-IL-dp2] 192/384 games (3146/h, eta 4m)
  [s3-no_r-IL-dp2] 193/384 games (3151/h, eta 4m)
  [s3-no_r-IL-dp2] 194/384 games (3146/h, eta 4m)
  [s3-no_r-IL-dp2] 195/384 games (3127/h, eta 4m)
  [s3-no_r-IL-dp2] 196/384 games (3137/h, eta 4m)
  [s3-no_r-IL-dp2] 197/384 games (3152/h, eta 4m)
  [s3-no_r-IL-dp2] 198/384 games (3134/h, eta 4m)
  [s3-no_r-IL-dp2] 199/384 games (3138/h, eta 4m)
  [s3-no_r-IL-dp2] 200/384 games (3140/h, eta 4m)
  [s3-no_r-IL-dp2] 201/384 games (3145/h, eta 3m)
  [s3-no_r-IL-dp2] 202/384 games (3157/h, eta 3m)
  [s3-no_r-IL-dp2] 203/384 games (3160/h, eta 3m)
  [s3-no_r-IL-dp2] 204/384 games (3174/h, eta 3m)
  [s3-no_r-IL-dp2] 205/384 games (3175/h, eta 3m)
  [s3-no_r-IL-dp2] 206/384 games (3167/h, eta 3m)
  [s3-no_r-IL-dp2] 207/384 games (3176/h, eta 3m)
  [s3-no_r-IL-dp2] 208/384 games (3192/h, eta 3m)
  [s3-no_r-IL-dp2] 209/384 games (3204/h, eta 3m)
  [s3-no_r-IL-dp2] 210/384 games (3203/h, eta 3m)
  [s3-no_r-IL-dp2] 211/384 games (3215/h, eta 3m)
  [s3-no_r-IL-dp2] 212/384 games (3219/h, eta 3m)
  [s3-no_r-IL-dp2] 213/384 games (3210/h, eta 3m)
  [s3-no_r-IL-dp2] 214/384 games (3208/h, eta 3m)
  [s3-no_r-IL-dp2] 215/384 games (3220/h, eta 3m)
  [s3-no_r-IL-dp2] 216/384 games (3208/h, eta 3m)
  [s3-no_r-IL-dp2] 217/384 games (3216/h, eta 3m)
  [s3-no_r-IL-dp2] 218/384 games (3219/h, eta 3m)
  [s3-no_r-IL-dp2] 219/384 games (3206/h, eta 3m)
  [s3-no_r-IL-dp2] 220/384 games (3176/h, eta 3m)
  [s3-no_r-IL-dp2] 221/384 games (3183/h, eta 3m)
  [s3-no_r-IL-dp2] 222/384 games (3193/h, eta 3m)
  [s3-no_r-IL-dp2] 223/384 games (3187/h, eta 3m)
  [s3-no_r-IL-dp2] 224/384 games (3198/h, eta 3m)
  [s3-no_r-IL-dp2] 225/384 games (3203/h, eta 3m)
  [s3-no_r-IL-dp2] 226/384 games (3210/h, eta 3m)
  [s3-no_r-IL-dp2] 227/384 games (3202/h, eta 3m)
  [s3-no_r-IL-dp2] 228/384 games (3202/h, eta 3m)
  [s3-no_r-IL-dp2] 229/384 games (3181/h, eta 3m)
  [s3-no_r-IL-dp2] 230/384 games (3187/h, eta 3m)
  [s3-no_r-IL-dp2] 231/384 games (3200/h, eta 3m)
  [s3-no_r-IL-dp2] 232/384 games (3213/h, eta 3m)
  [s3-no_r-IL-dp2] 233/384 games (3183/h, eta 3m)
  [s3-no_r-IL-dp2] 234/384 games (3184/h, eta 3m)
  [s3-no_r-IL-dp2] 235/384 games (3191/h, eta 3m)
  [s3-no_r-IL-dp2] 236/384 games (3204/h, eta 3m)
  [s3-no_r-IL-dp2] 237/384 games (3193/h, eta 3m)
  [s3-no_r-IL-dp2] 238/384 games (3204/h, eta 3m)
  [s3-no_r-IL-dp2] 239/384 games (3204/h, eta 3m)
  [s3-no_r-IL-dp2] 240/384 games (3187/h, eta 3m)
  [s3-no_r-IL-dp2] 241/384 games (3187/h, eta 3m)
  [s3-no_r-IL-dp2] 242/384 games (3181/h, eta 3m)
  [s3-no_r-IL-dp2] 243/384 games (3183/h, eta 3m)
  [s3-no_r-IL-dp2] 244/384 games (3172/h, eta 3m)
  [s3-no_r-IL-dp2] 245/384 games (3180/h, eta 3m)
  [s3-no_r-IL-dp2] 246/384 games (3180/h, eta 3m)
  [s3-no_r-IL-dp2] 247/384 games (3180/h, eta 3m)
  [s3-no_r-IL-dp2] 248/384 games (3189/h, eta 3m)
  [s3-no_r-IL-dp2] 249/384 games (3201/h, eta 3m)
  [s3-no_r-IL-dp2] 250/384 games (3208/h, eta 3m)
  [s3-no_r-IL-dp2] 251/384 games (3212/h, eta 2m)
  [s3-no_r-IL-dp2] 252/384 games (3215/h, eta 2m)
  [s3-no_r-IL-dp2] 253/384 games (3218/h, eta 2m)
  [s3-no_r-IL-dp2] 254/384 games (3206/h, eta 2m)
  [s3-no_r-IL-dp2] 255/384 games (3217/h, eta 2m)
  [s3-no_r-IL-dp2] 256/384 games (3227/h, eta 2m)
  [s3-no_r-IL-dp2] 257/384 games (3210/h, eta 2m)
  [s3-no_r-IL-dp2] 258/384 games (3218/h, eta 2m)
  [s3-no_r-IL-dp2] 259/384 games (3228/h, eta 2m)
  [s3-no_r-IL-dp2] 260/384 games (3240/h, eta 2m)
  [s3-no_r-IL-dp2] 261/384 games (3247/h, eta 2m)
  [s3-no_r-IL-dp2] 262/384 games (3252/h, eta 2m)
  [s3-no_r-IL-dp2] 263/384 games (3245/h, eta 2m)
  [s3-no_r-IL-dp2] 264/384 games (3240/h, eta 2m)
  [s3-no_r-IL-dp2] 265/384 games (3248/h, eta 2m)
  [s3-no_r-IL-dp2] 266/384 games (3257/h, eta 2m)
  [s3-no_r-IL-dp2] 267/384 games (3259/h, eta 2m)
  [s3-no_r-IL-dp2] 268/384 games (3207/h, eta 2m)
  [s3-no_r-IL-dp2] 269/384 games (3215/h, eta 2m)
  [s3-no_r-IL-dp2] 270/384 games (3225/h, eta 2m)
  [s3-no_r-IL-dp2] 271/384 games (3236/h, eta 2m)
  [s3-no_r-IL-dp2] 272/384 games (3240/h, eta 2m)
  [s3-no_r-IL-dp2] 273/384 games (3236/h, eta 2m)
  [s3-no_r-IL-dp2] 274/384 games (3246/h, eta 2m)
  [s3-no_r-IL-dp2] 275/384 games (3245/h, eta 2m)
  [s3-no_r-IL-dp2] 276/384 games (3244/h, eta 2m)
  [s3-no_r-IL-dp2] 277/384 games (3188/h, eta 2m)
  [s3-no_r-IL-dp2] 278/384 games (3197/h, eta 2m)
  [s3-no_r-IL-dp2] 279/384 games (3198/h, eta 2m)
  [s3-no_r-IL-dp2] 280/384 games (3202/h, eta 2m)
  [s3-no_r-IL-dp2] 281/384 games (3210/h, eta 2m)
  [s3-no_r-IL-dp2] 282/384 games (3220/h, eta 2m)
  [s3-no_r-IL-dp2] 283/384 games (3228/h, eta 2m)
  [s3-no_r-IL-dp2] 284/384 games (3233/h, eta 2m)
  [s3-no_r-IL-dp2] 285/384 games (3244/h, eta 2m)
  [s3-no_r-IL-dp2] 286/384 games (3252/h, eta 2m)
  [s3-no_r-IL-dp2] 287/384 games (3258/h, eta 2m)
  [s3-no_r-IL-dp2] 288/384 games (3259/h, eta 2m)
  [s3-no_r-IL-dp2] 289/384 games (3270/h, eta 2m)
  [s3-no_r-IL-dp2] 290/384 games (3274/h, eta 2m)
  [s3-no_r-IL-dp2] 291/384 games (3283/h, eta 2m)
  [s3-no_r-IL-dp2] 292/384 games (3281/h, eta 2m)
  [s3-no_r-IL-dp2] 293/384 games (3262/h, eta 2m)
  [s3-no_r-IL-dp2] 294/384 games (3259/h, eta 2m)
  [s3-no_r-IL-dp2] 295/384 games (3270/h, eta 2m)
  [s3-no_r-IL-dp2] 296/384 games (3280/h, eta 2m)
  [s3-no_r-IL-dp2] 297/384 games (3282/h, eta 2m)
  [s3-no_r-IL-dp2] 298/384 games (3292/h, eta 2m)
  [s3-no_r-IL-dp2] 299/384 games (3271/h, eta 2m)
  [s3-no_r-IL-dp2] 300/384 games (3274/h, eta 2m)
  [s3-no_r-IL-dp2] 301/384 games (3246/h, eta 2m)
  [s3-no_r-IL-dp2] 302/384 games (3246/h, eta 2m)
  [s3-no_r-IL-dp2] 303/384 games (3253/h, eta 1m)
  [s3-no_r-IL-dp2] 304/384 games (3246/h, eta 1m)
  [s3-no_r-IL-dp2] 305/384 games (3253/h, eta 1m)
  [s3-no_r-IL-dp2] 306/384 games (3246/h, eta 1m)
  [s3-no_r-IL-dp2] 307/384 games (3251/h, eta 1m)
  [s3-no_r-IL-dp2] 308/384 games (3248/h, eta 1m)
  [s3-no_r-IL-dp2] 309/384 games (3258/h, eta 1m)
  [s3-no_r-IL-dp2] 310/384 games (3266/h, eta 1m)
  [s3-no_r-IL-dp2] 311/384 games (3267/h, eta 1m)
  [s3-no_r-IL-dp2] 312/384 games (3265/h, eta 1m)
  [s3-no_r-IL-dp2] 313/384 games (3246/h, eta 1m)
  [s3-no_r-IL-dp2] 314/384 games (3248/h, eta 1m)
  [s3-no_r-IL-dp2] 315/384 games (3247/h, eta 1m)
  [s3-no_r-IL-dp2] 316/384 games (3239/h, eta 1m)
  [s3-no_r-IL-dp2] 317/384 games (3232/h, eta 1m)
  [s3-no_r-IL-dp2] 318/384 games (3240/h, eta 1m)
  [s3-no_r-IL-dp2] 319/384 games (3250/h, eta 1m)
  [s3-no_r-IL-dp2] 320/384 games (3253/h, eta 1m)
  [s3-no_r-IL-dp2] 321/384 games (3260/h, eta 1m)
  [s3-no_r-IL-dp2] 322/384 games (3253/h, eta 1m)
  [s3-no_r-IL-dp2] 323/384 games (3229/h, eta 1m)
  [s3-no_r-IL-dp2] 324/384 games (3235/h, eta 1m)
  [s3-no_r-IL-dp2] 325/384 games (3244/h, eta 1m)
  [s3-no_r-IL-dp2] 326/384 games (3250/h, eta 1m)
  [s3-no_r-IL-dp2] 327/384 games (3260/h, eta 1m)
  [s3-no_r-IL-dp2] 328/384 games (3260/h, eta 1m)
  [s3-no_r-IL-dp2] 329/384 games (3264/h, eta 1m)
  [s3-no_r-IL-dp2] 330/384 games (3256/h, eta 1m)
  [s3-no_r-IL-dp2] 331/384 games (3263/h, eta 1m)
  [s3-no_r-IL-dp2] 332/384 games (3272/h, eta 1m)
  [s3-no_r-IL-dp2] 333/384 games (3266/h, eta 1m)
  [s3-no_r-IL-dp2] 334/384 games (3274/h, eta 1m)
  [s3-no_r-IL-dp2] 335/384 games (3282/h, eta 1m)
  [s3-no_r-IL-dp2] 336/384 games (3270/h, eta 1m)
  [s3-no_r-IL-dp2] 337/384 games (3277/h, eta 1m)
  [s3-no_r-IL-dp2] 338/384 games (3285/h, eta 1m)
  [s3-no_r-IL-dp2] 339/384 games (3277/h, eta 1m)
  [s3-no_r-IL-dp2] 340/384 games (3285/h, eta 1m)
  [s3-no_r-IL-dp2] 341/384 games (3277/h, eta 1m)
  [s3-no_r-IL-dp2] 342/384 games (3280/h, eta 1m)
  [s3-no_r-IL-dp2] 343/384 games (3282/h, eta 1m)
  [s3-no_r-IL-dp2] 344/384 games (3287/h, eta 1m)
  [s3-no_r-IL-dp2] 345/384 games (3293/h, eta 1m)
  [s3-no_r-IL-dp2] 346/384 games (3302/h, eta 1m)
  [s3-no_r-IL-dp2] 347/384 games (3309/h, eta 1m)
  [s3-no_r-IL-dp2] 348/384 games (3317/h, eta 1m)
  [s3-no_r-IL-dp2] 349/384 games (3307/h, eta 1m)
  [s3-no_r-IL-dp2] 350/384 games (3316/h, eta 1m)
  [s3-no_r-IL-dp2] 351/384 games (3325/h, eta 1m)
  [s3-no_r-IL-dp2] 352/384 games (3295/h, eta 1m)
  [s3-no_r-IL-dp2] 353/384 games (3277/h, eta 1m)
  [s3-no_r-IL-dp2] 354/384 games (3283/h, eta 1m)
  [s3-no_r-IL-dp2] 355/384 games (3289/h, eta 1m)
  [s3-no_r-IL-dp2] 356/384 games (3295/h, eta 1m)
  [s3-no_r-IL-dp2] 357/384 games (3304/h, eta 0m)
  [s3-no_r-IL-dp2] 358/384 games (3311/h, eta 0m)
  [s3-no_r-IL-dp2] 359/384 games (3316/h, eta 0m)
  [s3-no_r-IL-dp2] 360/384 games (3323/h, eta 0m)
  [s3-no_r-IL-dp2] 361/384 games (3330/h, eta 0m)
  [s3-no_r-IL-dp2] 362/384 games (3330/h, eta 0m)
  [s3-no_r-IL-dp2] 363/384 games (3326/h, eta 0m)
  [s3-no_r-IL-dp2] 364/384 games (3323/h, eta 0m)
  [s3-no_r-IL-dp2] 365/384 games (3312/h, eta 0m)
  [s3-no_r-IL-dp2] 366/384 games (3316/h, eta 0m)
  [s3-no_r-IL-dp2] 367/384 games (3321/h, eta 0m)
  [s3-no_r-IL-dp2] 368/384 games (3325/h, eta 0m)
  [s3-no_r-IL-dp2] 369/384 games (3325/h, eta 0m)
  [s3-no_r-IL-dp2] 370/384 games (3322/h, eta 0m)
  [s3-no_r-IL-dp2] 371/384 games (3331/h, eta 0m)
  [s3-no_r-IL-dp2] 372/384 games (3340/h, eta 0m)
  [s3-no_r-IL-dp2] 373/384 games (3333/h, eta 0m)
  [s3-no_r-IL-dp2] 374/384 games (3318/h, eta 0m)
  [s3-no_r-IL-dp2] 375/384 games (3318/h, eta 0m)
  [s3-no_r-IL-dp2] 376/384 games (3320/h, eta 0m)
  [s3-no_r-IL-dp2] 377/384 games (3328/h, eta 0m)
  [s3-no_r-IL-dp2] 378/384 games (3333/h, eta 0m)
  [s3-no_r-IL-dp2] 379/384 games (3324/h, eta 0m)
  [s3-no_r-IL-dp2] 380/384 games (3326/h, eta 0m)
  [s3-no_r-IL-dp2] 381/384 games (3327/h, eta 0m)
  [s3-no_r-IL-dp2] 382/384 games (3322/h, eta 0m)
  [s3-no_r-IL-dp2] 383/384 games (3269/h, eta 0m)
  [s3-no_r-IL-dp2] 384/384 games (3159/h, eta 0m)
== s3-no_r-IL-nc2-dp2 -> experiments/results/perturbation/s3-no_r-IL-nc2-dp2.jsonl
  [s3-no_r-IL-nc2-dp2] 1/384 games (495/h, eta 46m)
  [s3-no_r-IL-nc2-dp2] 2/384 games (522/h, eta 44m)
  [s3-no_r-IL-nc2-dp2] 3/384 games (760/h, eta 30m)
  [s3-no_r-IL-nc2-dp2] 4/384 games (742/h, eta 31m)
  [s3-no_r-IL-nc2-dp2] 5/384 games (864/h, eta 26m)
  [s3-no_r-IL-nc2-dp2] 6/384 games (965/h, eta 23m)
  [s3-no_r-IL-nc2-dp2] 7/384 games (1091/h, eta 21m)
  [s3-no_r-IL-nc2-dp2] 8/384 games (954/h, eta 24m)
  [s3-no_r-IL-nc2-dp2] 9/384 games (1036/h, eta 22m)
  [s3-no_r-IL-nc2-dp2] 10/384 games (1149/h, eta 20m)
  [s3-no_r-IL-nc2-dp2] 11/384 games (1260/h, eta 18m)
  [s3-no_r-IL-nc2-dp2] 12/384 games (1356/h, eta 16m)
  [s3-no_r-IL-nc2-dp2] 13/384 games (1433/h, eta 16m)
  [s3-no_r-IL-nc2-dp2] 14/384 games (1483/h, eta 15m)
  [s3-no_r-IL-nc2-dp2] 15/384 games (1578/h, eta 14m)
  [s3-no_r-IL-nc2-dp2] 16/384 games (1560/h, eta 14m)
  [s3-no_r-IL-nc2-dp2] 17/384 games (1624/h, eta 14m)
  [s3-no_r-IL-nc2-dp2] 18/384 games (1667/h, eta 13m)
  [s3-no_r-IL-nc2-dp2] 19/384 games (1693/h, eta 13m)
  [s3-no_r-IL-nc2-dp2] 20/384 games (1772/h, eta 12m)
  [s3-no_r-IL-nc2-dp2] 21/384 games (1837/h, eta 12m)
  [s3-no_r-IL-nc2-dp2] 22/384 games (1904/h, eta 11m)
  [s3-no_r-IL-nc2-dp2] 23/384 games (1948/h, eta 11m)
  [s3-no_r-IL-nc2-dp2] 24/384 games (1981/h, eta 11m)
  [s3-no_r-IL-nc2-dp2] 25/384 games (1990/h, eta 11m)
  [s3-no_r-IL-nc2-dp2] 26/384 games (1896/h, eta 11m)
  [s3-no_r-IL-nc2-dp2] 27/384 games (1937/h, eta 11m)
  [s3-no_r-IL-nc2-dp2] 28/384 games (1990/h, eta 11m)
  [s3-no_r-IL-nc2-dp2] 29/384 games (1920/h, eta 11m)
  [s3-no_r-IL-nc2-dp2] 30/384 games (1841/h, eta 12m)
  [s3-no_r-IL-nc2-dp2] 31/384 games (1883/h, eta 11m)
  [s3-no_r-IL-nc2-dp2] 32/384 games (1941/h, eta 11m)
  [s3-no_r-IL-nc2-dp2] 33/384 games (1902/h, eta 11m)
  [s3-no_r-IL-nc2-dp2] 34/384 games (1870/h, eta 11m)
  [s3-no_r-IL-nc2-dp2] 35/384 games (1861/h, eta 11m)
  [s3-no_r-IL-nc2-dp2] 36/384 games (1819/h, eta 11m)
  [s3-no_r-IL-nc2-dp2] 37/384 games (1847/h, eta 11m)
  [s3-no_r-IL-nc2-dp2] 38/384 games (1880/h, eta 11m)
  [s3-no_r-IL-nc2-dp2] 39/384 games (1922/h, eta 11m)
  [s3-no_r-IL-nc2-dp2] 40/384 games (1968/h, eta 10m)
  [s3-no_r-IL-nc2-dp2] 41/384 games (1981/h, eta 10m)
  [s3-no_r-IL-nc2-dp2] 42/384 games (1945/h, eta 11m)
  [s3-no_r-IL-nc2-dp2] 43/384 games (1990/h, eta 10m)
  [s3-no_r-IL-nc2-dp2] 44/384 games (1988/h, eta 10m)
  [s3-no_r-IL-nc2-dp2] 45/384 games (2022/h, eta 10m)
  [s3-no_r-IL-nc2-dp2] 46/384 games (1947/h, eta 10m)
  [s3-no_r-IL-nc2-dp2] 47/384 games (1984/h, eta 10m)
  [s3-no_r-IL-nc2-dp2] 48/384 games (1954/h, eta 10m)
  [s3-no_r-IL-nc2-dp2] 49/384 games (1991/h, eta 10m)
  [s3-no_r-IL-nc2-dp2] 50/384 games (2009/h, eta 10m)
  [s3-no_r-IL-nc2-dp2] 51/384 games (1997/h, eta 10m)
  [s3-no_r-IL-nc2-dp2] 52/384 games (2029/h, eta 10m)
  [s3-no_r-IL-nc2-dp2] 53/384 games (2027/h, eta 10m)
  [s3-no_r-IL-nc2-dp2] 54/384 games (2038/h, eta 10m)
  [s3-no_r-IL-nc2-dp2] 55/384 games (2022/h, eta 10m)
  [s3-no_r-IL-nc2-dp2] 56/384 games (2045/h, eta 10m)
  [s3-no_r-IL-nc2-dp2] 57/384 games (2049/h, eta 10m)
  [s3-no_r-IL-nc2-dp2] 58/384 games (2072/h, eta 9m)
  [s3-no_r-IL-nc2-dp2] 59/384 games (2091/h, eta 9m)
  [s3-no_r-IL-nc2-dp2] 60/384 games (2116/h, eta 9m)
  [s3-no_r-IL-nc2-dp2] 61/384 games (2126/h, eta 9m)
  [s3-no_r-IL-nc2-dp2] 62/384 games (2093/h, eta 9m)
  [s3-no_r-IL-nc2-dp2] 63/384 games (2124/h, eta 9m)
  [s3-no_r-IL-nc2-dp2] 64/384 games (2154/h, eta 9m)
  [s3-no_r-IL-nc2-dp2] 65/384 games (2146/h, eta 9m)
  [s3-no_r-IL-nc2-dp2] 66/384 games (2162/h, eta 9m)
  [s3-no_r-IL-nc2-dp2] 67/384 games (2155/h, eta 9m)
  [s3-no_r-IL-nc2-dp2] 68/384 games (2177/h, eta 9m)
  [s3-no_r-IL-nc2-dp2] 69/384 games (2178/h, eta 9m)
  [s3-no_r-IL-nc2-dp2] 70/384 games (2182/h, eta 9m)
  [s3-no_r-IL-nc2-dp2] 71/384 games (2169/h, eta 9m)
  [s3-no_r-IL-nc2-dp2] 72/384 games (2168/h, eta 9m)
  [s3-no_r-IL-nc2-dp2] 73/384 games (2140/h, eta 9m)
  [s3-no_r-IL-nc2-dp2] 74/384 games (2159/h, eta 9m)
  [s3-no_r-IL-nc2-dp2] 75/384 games (2178/h, eta 9m)
  [s3-no_r-IL-nc2-dp2] 76/384 games (2133/h, eta 9m)
  [s3-no_r-IL-nc2-dp2] 77/384 games (2152/h, eta 9m)
  [s3-no_r-IL-nc2-dp2] 78/384 games (2179/h, eta 8m)
  [s3-no_r-IL-nc2-dp2] 79/384 games (2182/h, eta 8m)
  [s3-no_r-IL-nc2-dp2] 80/384 games (2205/h, eta 8m)
  [s3-no_r-IL-nc2-dp2] 81/384 games (2223/h, eta 8m)
  [s3-no_r-IL-nc2-dp2] 82/384 games (2149/h, eta 8m)
  [s3-no_r-IL-nc2-dp2] 83/384 games (2166/h, eta 8m)
  [s3-no_r-IL-nc2-dp2] 84/384 games (2173/h, eta 8m)
  [s3-no_r-IL-nc2-dp2] 85/384 games (2178/h, eta 8m)
  [s3-no_r-IL-nc2-dp2] 86/384 games (2202/h, eta 8m)
  [s3-no_r-IL-nc2-dp2] 87/384 games (2227/h, eta 8m)
  [s3-no_r-IL-nc2-dp2] 88/384 games (2252/h, eta 8m)
  [s3-no_r-IL-nc2-dp2] 89/384 games (2251/h, eta 8m)
  [s3-no_r-IL-nc2-dp2] 90/384 games (2263/h, eta 8m)
  [s3-no_r-IL-nc2-dp2] 91/384 games (2268/h, eta 8m)
  [s3-no_r-IL-nc2-dp2] 92/384 games (2257/h, eta 8m)
  [s3-no_r-IL-nc2-dp2] 93/384 games (2281/h, eta 8m)
  [s3-no_r-IL-nc2-dp2] 94/384 games (2303/h, eta 8m)
  [s3-no_r-IL-nc2-dp2] 95/384 games (2322/h, eta 7m)
  [s3-no_r-IL-nc2-dp2] 96/384 games (2345/h, eta 7m)
  [s3-no_r-IL-nc2-dp2] 97/384 games (2342/h, eta 7m)
  [s3-no_r-IL-nc2-dp2] 98/384 games (2322/h, eta 7m)
  [s3-no_r-IL-nc2-dp2] 99/384 games (2342/h, eta 7m)
  [s3-no_r-IL-nc2-dp2] 100/384 games (2305/h, eta 7m)
  [s3-no_r-IL-nc2-dp2] 101/384 games (2311/h, eta 7m)
  [s3-no_r-IL-nc2-dp2] 102/384 games (2279/h, eta 7m)
  [s3-no_r-IL-nc2-dp2] 103/384 games (2294/h, eta 7m)
  [s3-no_r-IL-nc2-dp2] 104/384 games (2300/h, eta 7m)
  [s3-no_r-IL-nc2-dp2] 105/384 games (2278/h, eta 7m)
  [s3-no_r-IL-nc2-dp2] 106/384 games (2297/h, eta 7m)
  [s3-no_r-IL-nc2-dp2] 107/384 games (2316/h, eta 7m)
  [s3-no_r-IL-nc2-dp2] 108/384 games (2317/h, eta 7m)
  [s3-no_r-IL-nc2-dp2] 109/384 games (2332/h, eta 7m)
  [s3-no_r-IL-nc2-dp2] 110/384 games (2314/h, eta 7m)
  [s3-no_r-IL-nc2-dp2] 111/384 games (2326/h, eta 7m)
  [s3-no_r-IL-nc2-dp2] 112/384 games (2332/h, eta 7m)
  [s3-no_r-IL-nc2-dp2] 113/384 games (2301/h, eta 7m)
  [s3-no_r-IL-nc2-dp2] 114/384 games (2320/h, eta 7m)
  [s3-no_r-IL-nc2-dp2] 115/384 games (2316/h, eta 7m)
  [s3-no_r-IL-nc2-dp2] 116/384 games (2330/h, eta 7m)
  [s3-no_r-IL-nc2-dp2] 117/384 games (2312/h, eta 7m)
  [s3-no_r-IL-nc2-dp2] 118/384 games (2319/h, eta 7m)
  [s3-no_r-IL-nc2-dp2] 119/384 games (2334/h, eta 7m)
  [s3-no_r-IL-nc2-dp2] 120/384 games (2352/h, eta 7m)
  [s3-no_r-IL-nc2-dp2] 121/384 games (2323/h, eta 7m)
  [s3-no_r-IL-nc2-dp2] 122/384 games (2317/h, eta 7m)
  [s3-no_r-IL-nc2-dp2] 123/384 games (2310/h, eta 7m)
  [s3-no_r-IL-nc2-dp2] 124/384 games (2325/h, eta 7m)
  [s3-no_r-IL-nc2-dp2] 125/384 games (2303/h, eta 7m)
  [s3-no_r-IL-nc2-dp2] 126/384 games (2286/h, eta 7m)
  [s3-no_r-IL-nc2-dp2] 127/384 games (2296/h, eta 7m)
  [s3-no_r-IL-nc2-dp2] 128/384 games (2293/h, eta 7m)
  [s3-no_r-IL-nc2-dp2] 129/384 games (2311/h, eta 7m)
  [s3-no_r-IL-nc2-dp2] 130/384 games (2310/h, eta 7m)
  [s3-no_r-IL-nc2-dp2] 131/384 games (2326/h, eta 7m)
  [s3-no_r-IL-nc2-dp2] 132/384 games (2305/h, eta 7m)
  [s3-no_r-IL-nc2-dp2] 133/384 games (2320/h, eta 6m)
  [s3-no_r-IL-nc2-dp2] 134/384 games (2329/h, eta 6m)
  [s3-no_r-IL-nc2-dp2] 135/384 games (2343/h, eta 6m)
  [s3-no_r-IL-nc2-dp2] 136/384 games (2334/h, eta 6m)
  [s3-no_r-IL-nc2-dp2] 137/384 games (2337/h, eta 6m)
  [s3-no_r-IL-nc2-dp2] 138/384 games (2353/h, eta 6m)
  [s3-no_r-IL-nc2-dp2] 139/384 games (2345/h, eta 6m)
  [s3-no_r-IL-nc2-dp2] 140/384 games (2354/h, eta 6m)
  [s3-no_r-IL-nc2-dp2] 141/384 games (2338/h, eta 6m)
  [s3-no_r-IL-nc2-dp2] 142/384 games (2341/h, eta 6m)
  [s3-no_r-IL-nc2-dp2] 143/384 games (2343/h, eta 6m)
  [s3-no_r-IL-nc2-dp2] 144/384 games (2299/h, eta 6m)
  [s3-no_r-IL-nc2-dp2] 145/384 games (2301/h, eta 6m)
  [s3-no_r-IL-nc2-dp2] 146/384 games (2309/h, eta 6m)
  [s3-no_r-IL-nc2-dp2] 147/384 games (2287/h, eta 6m)
  [s3-no_r-IL-nc2-dp2] 148/384 games (2274/h, eta 6m)
  [s3-no_r-IL-nc2-dp2] 149/384 games (2287/h, eta 6m)
  [s3-no_r-IL-nc2-dp2] 150/384 games (2282/h, eta 6m)
  [s3-no_r-IL-nc2-dp2] 151/384 games (2263/h, eta 6m)
  [s3-no_r-IL-nc2-dp2] 152/384 games (2274/h, eta 6m)
  [s3-no_r-IL-nc2-dp2] 153/384 games (2283/h, eta 6m)
  [s3-no_r-IL-nc2-dp2] 154/384 games (2277/h, eta 6m)
  [s3-no_r-IL-nc2-dp2] 155/384 games (2286/h, eta 6m)
  [s3-no_r-IL-nc2-dp2] 156/384 games (2261/h, eta 6m)
  [s3-no_r-IL-nc2-dp2] 157/384 games (2255/h, eta 6m)
  [s3-no_r-IL-nc2-dp2] 158/384 games (2254/h, eta 6m)
  [s3-no_r-IL-nc2-dp2] 159/384 games (2244/h, eta 6m)
  [s3-no_r-IL-nc2-dp2] 160/384 games (2235/h, eta 6m)
  [s3-no_r-IL-nc2-dp2] 161/384 games (2246/h, eta 6m)
  [s3-no_r-IL-nc2-dp2] 162/384 games (2257/h, eta 6m)
  [s3-no_r-IL-nc2-dp2] 163/384 games (2204/h, eta 6m)
  [s3-no_r-IL-nc2-dp2] 164/384 games (2218/h, eta 6m)
  [s3-no_r-IL-nc2-dp2] 165/384 games (2225/h, eta 6m)
  [s3-no_r-IL-nc2-dp2] 166/384 games (2227/h, eta 6m)
  [s3-no_r-IL-nc2-dp2] 167/384 games (2241/h, eta 6m)
  [s3-no_r-IL-nc2-dp2] 168/384 games (2240/h, eta 6m)
  [s3-no_r-IL-nc2-dp2] 169/384 games (2238/h, eta 6m)
  [s3-no_r-IL-nc2-dp2] 170/384 games (2251/h, eta 6m)
  [s3-no_r-IL-nc2-dp2] 171/384 games (2263/h, eta 6m)
  [s3-no_r-IL-nc2-dp2] 172/384 games (2272/h, eta 6m)
  [s3-no_r-IL-nc2-dp2] 173/384 games (2274/h, eta 6m)
  [s3-no_r-IL-nc2-dp2] 174/384 games (2282/h, eta 6m)
  [s3-no_r-IL-nc2-dp2] 175/384 games (2291/h, eta 5m)
  [s3-no_r-IL-nc2-dp2] 176/384 games (2298/h, eta 5m)
  [s3-no_r-IL-nc2-dp2] 177/384 games (2287/h, eta 5m)
  [s3-no_r-IL-nc2-dp2] 178/384 games (2271/h, eta 5m)
  [s3-no_r-IL-nc2-dp2] 179/384 games (2273/h, eta 5m)
  [s3-no_r-IL-nc2-dp2] 180/384 games (2282/h, eta 5m)
  [s3-no_r-IL-nc2-dp2] 181/384 games (2278/h, eta 5m)
  [s3-no_r-IL-nc2-dp2] 182/384 games (2279/h, eta 5m)
  [s3-no_r-IL-nc2-dp2] 183/384 games (2291/h, eta 5m)
  [s3-no_r-IL-nc2-dp2] 184/384 games (2300/h, eta 5m)
  [s3-no_r-IL-nc2-dp2] 185/384 games (2302/h, eta 5m)
  [s3-no_r-IL-nc2-dp2] 186/384 games (2311/h, eta 5m)
  [s3-no_r-IL-nc2-dp2] 187/384 games (2323/h, eta 5m)
  [s3-no_r-IL-nc2-dp2] 188/384 games (2317/h, eta 5m)
  [s3-no_r-IL-nc2-dp2] 189/384 games (2326/h, eta 5m)
  [s3-no_r-IL-nc2-dp2] 190/384 games (2337/h, eta 5m)
  [s3-no_r-IL-nc2-dp2] 191/384 games (2316/h, eta 5m)
  [s3-no_r-IL-nc2-dp2] 192/384 games (2322/h, eta 5m)
  [s3-no_r-IL-nc2-dp2] 193/384 games (2313/h, eta 5m)
  [s3-no_r-IL-nc2-dp2] 194/384 games (2319/h, eta 5m)
  [s3-no_r-IL-nc2-dp2] 195/384 games (2300/h, eta 5m)
  [s3-no_r-IL-nc2-dp2] 196/384 games (2310/h, eta 5m)
  [s3-no_r-IL-nc2-dp2] 197/384 games (2305/h, eta 5m)
  [s3-no_r-IL-nc2-dp2] 198/384 games (2306/h, eta 5m)
  [s3-no_r-IL-nc2-dp2] 199/384 games (2312/h, eta 5m)
  [s3-no_r-IL-nc2-dp2] 200/384 games (2304/h, eta 5m)
  [s3-no_r-IL-nc2-dp2] 201/384 games (2275/h, eta 5m)
  [s3-no_r-IL-nc2-dp2] 202/384 games (2255/h, eta 5m)
  [s3-no_r-IL-nc2-dp2] 203/384 games (2247/h, eta 5m)
  [s3-no_r-IL-nc2-dp2] 204/384 games (2252/h, eta 5m)
  [s3-no_r-IL-nc2-dp2] 205/384 games (2260/h, eta 5m)
  [s3-no_r-IL-nc2-dp2] 206/384 games (2270/h, eta 5m)
  [s3-no_r-IL-nc2-dp2] 207/384 games (2280/h, eta 5m)
  [s3-no_r-IL-nc2-dp2] 208/384 games (2286/h, eta 5m)
  [s3-no_r-IL-nc2-dp2] 209/384 games (2295/h, eta 5m)
  [s3-no_r-IL-nc2-dp2] 210/384 games (2285/h, eta 5m)
  [s3-no_r-IL-nc2-dp2] 211/384 games (2293/h, eta 5m)
  [s3-no_r-IL-nc2-dp2] 212/384 games (2302/h, eta 4m)
  [s3-no_r-IL-nc2-dp2] 213/384 games (2307/h, eta 4m)
  [s3-no_r-IL-nc2-dp2] 214/384 games (2308/h, eta 4m)
  [s3-no_r-IL-nc2-dp2] 215/384 games (2299/h, eta 4m)
  [s3-no_r-IL-nc2-dp2] 216/384 games (2301/h, eta 4m)
  [s3-no_r-IL-nc2-dp2] 217/384 games (2297/h, eta 4m)
  [s3-no_r-IL-nc2-dp2] 218/384 games (2302/h, eta 4m)
  [s3-no_r-IL-nc2-dp2] 219/384 games (2309/h, eta 4m)
  [s3-no_r-IL-nc2-dp2] 220/384 games (2312/h, eta 4m)
  [s3-no_r-IL-nc2-dp2] 221/384 games (2320/h, eta 4m)
  [s3-no_r-IL-nc2-dp2] 222/384 games (2327/h, eta 4m)
  [s3-no_r-IL-nc2-dp2] 223/384 games (2332/h, eta 4m)
  [s3-no_r-IL-nc2-dp2] 224/384 games (2316/h, eta 4m)
  [s3-no_r-IL-nc2-dp2] 225/384 games (2323/h, eta 4m)
  [s3-no_r-IL-nc2-dp2] 226/384 games (2325/h, eta 4m)
  [s3-no_r-IL-nc2-dp2] 227/384 games (2330/h, eta 4m)
  [s3-no_r-IL-nc2-dp2] 228/384 games (2332/h, eta 4m)
  [s3-no_r-IL-nc2-dp2] 229/384 games (2340/h, eta 4m)
  [s3-no_r-IL-nc2-dp2] 230/384 games (2344/h, eta 4m)
  [s3-no_r-IL-nc2-dp2] 231/384 games (2321/h, eta 4m)
  [s3-no_r-IL-nc2-dp2] 232/384 games (2330/h, eta 4m)
  [s3-no_r-IL-nc2-dp2] 233/384 games (2307/h, eta 4m)
  [s3-no_r-IL-nc2-dp2] 234/384 games (2309/h, eta 4m)
  [s3-no_r-IL-nc2-dp2] 235/384 games (2312/h, eta 4m)
  [s3-no_r-IL-nc2-dp2] 236/384 games (2305/h, eta 4m)
  [s3-no_r-IL-nc2-dp2] 237/384 games (2308/h, eta 4m)
  [s3-no_r-IL-nc2-dp2] 238/384 games (2316/h, eta 4m)
  [s3-no_r-IL-nc2-dp2] 239/384 games (2324/h, eta 4m)
  [s3-no_r-IL-nc2-dp2] 240/384 games (2329/h, eta 4m)
  [s3-no_r-IL-nc2-dp2] 241/384 games (2333/h, eta 4m)
  [s3-no_r-IL-nc2-dp2] 242/384 games (2305/h, eta 4m)
  [s3-no_r-IL-nc2-dp2] 243/384 games (2308/h, eta 4m)
  [s3-no_r-IL-nc2-dp2] 244/384 games (2317/h, eta 4m)
  [s3-no_r-IL-nc2-dp2] 245/384 games (2320/h, eta 4m)
  [s3-no_r-IL-nc2-dp2] 246/384 games (2327/h, eta 4m)
  [s3-no_r-IL-nc2-dp2] 247/384 games (2326/h, eta 4m)
  [s3-no_r-IL-nc2-dp2] 248/384 games (2329/h, eta 4m)
  [s3-no_r-IL-nc2-dp2] 249/384 games (2331/h, eta 3m)
  [s3-no_r-IL-nc2-dp2] 250/384 games (2336/h, eta 3m)
  [s3-no_r-IL-nc2-dp2] 251/384 games (2338/h, eta 3m)
  [s3-no_r-IL-nc2-dp2] 252/384 games (2321/h, eta 3m)
  [s3-no_r-IL-nc2-dp2] 253/384 games (2327/h, eta 3m)
  [s3-no_r-IL-nc2-dp2] 254/384 games (2336/h, eta 3m)
  [s3-no_r-IL-nc2-dp2] 255/384 games (2330/h, eta 3m)
  [s3-no_r-IL-nc2-dp2] 256/384 games (2313/h, eta 3m)
  [s3-no_r-IL-nc2-dp2] 257/384 games (2316/h, eta 3m)
  [s3-no_r-IL-nc2-dp2] 258/384 games (2325/h, eta 3m)
  [s3-no_r-IL-nc2-dp2] 259/384 games (2321/h, eta 3m)
  [s3-no_r-IL-nc2-dp2] 260/384 games (2329/h, eta 3m)
  [s3-no_r-IL-nc2-dp2] 261/384 games (2322/h, eta 3m)
  [s3-no_r-IL-nc2-dp2] 262/384 games (2316/h, eta 3m)
  [s3-no_r-IL-nc2-dp2] 263/384 games (2303/h, eta 3m)
  [s3-no_r-IL-nc2-dp2] 264/384 games (2303/h, eta 3m)
  [s3-no_r-IL-nc2-dp2] 265/384 games (2311/h, eta 3m)
  [s3-no_r-IL-nc2-dp2] 266/384 games (2314/h, eta 3m)
  [s3-no_r-IL-nc2-dp2] 267/384 games (2312/h, eta 3m)
  [s3-no_r-IL-nc2-dp2] 268/384 games (2314/h, eta 3m)
  [s3-no_r-IL-nc2-dp2] 269/384 games (2293/h, eta 3m)
  [s3-no_r-IL-nc2-dp2] 270/384 games (2299/h, eta 3m)
  [s3-no_r-IL-nc2-dp2] 271/384 games (2299/h, eta 3m)
  [s3-no_r-IL-nc2-dp2] 272/384 games (2308/h, eta 3m)
  [s3-no_r-IL-nc2-dp2] 273/384 games (2307/h, eta 3m)
  [s3-no_r-IL-nc2-dp2] 274/384 games (2313/h, eta 3m)
  [s3-no_r-IL-nc2-dp2] 275/384 games (2304/h, eta 3m)
  [s3-no_r-IL-nc2-dp2] 276/384 games (2310/h, eta 3m)
  [s3-no_r-IL-nc2-dp2] 277/384 games (2316/h, eta 3m)
  [s3-no_r-IL-nc2-dp2] 278/384 games (2312/h, eta 3m)
  [s3-no_r-IL-nc2-dp2] 279/384 games (2312/h, eta 3m)
  [s3-no_r-IL-nc2-dp2] 280/384 games (2318/h, eta 3m)
  [s3-no_r-IL-nc2-dp2] 281/384 games (2324/h, eta 3m)
  [s3-no_r-IL-nc2-dp2] 282/384 games (2320/h, eta 3m)
  [s3-no_r-IL-nc2-dp2] 283/384 games (2323/h, eta 3m)
  [s3-no_r-IL-nc2-dp2] 284/384 games (2319/h, eta 3m)
  [s3-no_r-IL-nc2-dp2] 285/384 games (2317/h, eta 3m)
  [s3-no_r-IL-nc2-dp2] 286/384 games (2320/h, eta 3m)
  [s3-no_r-IL-nc2-dp2] 287/384 games (2308/h, eta 3m)
  [s3-no_r-IL-nc2-dp2] 288/384 games (2315/h, eta 2m)
  [s3-no_r-IL-nc2-dp2] 289/384 games (2315/h, eta 2m)
  [s3-no_r-IL-nc2-dp2] 290/384 games (2307/h, eta 2m)
  [s3-no_r-IL-nc2-dp2] 291/384 games (2305/h, eta 2m)
  [s3-no_r-IL-nc2-dp2] 292/384 games (2310/h, eta 2m)
  [s3-no_r-IL-nc2-dp2] 293/384 games (2310/h, eta 2m)
  [s3-no_r-IL-nc2-dp2] 294/384 games (2285/h, eta 2m)
  [s3-no_r-IL-nc2-dp2] 295/384 games (2291/h, eta 2m)
  [s3-no_r-IL-nc2-dp2] 296/384 games (2291/h, eta 2m)
  [s3-no_r-IL-nc2-dp2] 297/384 games (2293/h, eta 2m)
  [s3-no_r-IL-nc2-dp2] 298/384 games (2275/h, eta 2m)
  [s3-no_r-IL-nc2-dp2] 299/384 games (2279/h, eta 2m)
  [s3-no_r-IL-nc2-dp2] 300/384 games (2272/h, eta 2m)
  [s3-no_r-IL-nc2-dp2] 301/384 games (2277/h, eta 2m)
  [s3-no_r-IL-nc2-dp2] 302/384 games (2283/h, eta 2m)
  [s3-no_r-IL-nc2-dp2] 303/384 games (2272/h, eta 2m)
  [s3-no_r-IL-nc2-dp2] 304/384 games (2280/h, eta 2m)
  [s3-no_r-IL-nc2-dp2] 305/384 games (2285/h, eta 2m)
  [s3-no_r-IL-nc2-dp2] 306/384 games (2293/h, eta 2m)
  [s3-no_r-IL-nc2-dp2] 307/384 games (2291/h, eta 2m)
  [s3-no_r-IL-nc2-dp2] 308/384 games (2288/h, eta 2m)
  [s3-no_r-IL-nc2-dp2] 309/384 games (2281/h, eta 2m)
  [s3-no_r-IL-nc2-dp2] 310/384 games (2288/h, eta 2m)
  [s3-no_r-IL-nc2-dp2] 311/384 games (2290/h, eta 2m)
  [s3-no_r-IL-nc2-dp2] 312/384 games (2291/h, eta 2m)
  [s3-no_r-IL-nc2-dp2] 313/384 games (2281/h, eta 2m)
  [s3-no_r-IL-nc2-dp2] 314/384 games (2275/h, eta 2m)
  [s3-no_r-IL-nc2-dp2] 315/384 games (2282/h, eta 2m)
  [s3-no_r-IL-nc2-dp2] 316/384 games (2273/h, eta 2m)
  [s3-no_r-IL-nc2-dp2] 317/384 games (2273/h, eta 2m)
  [s3-no_r-IL-nc2-dp2] 318/384 games (2274/h, eta 2m)
  [s3-no_r-IL-nc2-dp2] 319/384 games (2278/h, eta 2m)
  [s3-no_r-IL-nc2-dp2] 320/384 games (2272/h, eta 2m)
  [s3-no_r-IL-nc2-dp2] 321/384 games (2277/h, eta 2m)
  [s3-no_r-IL-nc2-dp2] 322/384 games (2273/h, eta 2m)
  [s3-no_r-IL-nc2-dp2] 323/384 games (2259/h, eta 2m)
  [s3-no_r-IL-nc2-dp2] 324/384 games (2264/h, eta 2m)
  [s3-no_r-IL-nc2-dp2] 325/384 games (2249/h, eta 2m)
  [s3-no_r-IL-nc2-dp2] 326/384 games (2249/h, eta 2m)
  [s3-no_r-IL-nc2-dp2] 327/384 games (2256/h, eta 2m)
  [s3-no_r-IL-nc2-dp2] 328/384 games (2253/h, eta 1m)
  [s3-no_r-IL-nc2-dp2] 329/384 games (2254/h, eta 1m)
  [s3-no_r-IL-nc2-dp2] 330/384 games (2254/h, eta 1m)
  [s3-no_r-IL-nc2-dp2] 331/384 games (2248/h, eta 1m)
  [s3-no_r-IL-nc2-dp2] 332/384 games (2242/h, eta 1m)
  [s3-no_r-IL-nc2-dp2] 333/384 games (2246/h, eta 1m)
  [s3-no_r-IL-nc2-dp2] 334/384 games (2249/h, eta 1m)
  [s3-no_r-IL-nc2-dp2] 335/384 games (2252/h, eta 1m)
  [s3-no_r-IL-nc2-dp2] 336/384 games (2253/h, eta 1m)
  [s3-no_r-IL-nc2-dp2] 337/384 games (2257/h, eta 1m)
  [s3-no_r-IL-nc2-dp2] 338/384 games (2255/h, eta 1m)
  [s3-no_r-IL-nc2-dp2] 339/384 games (2257/h, eta 1m)
  [s3-no_r-IL-nc2-dp2] 340/384 games (2254/h, eta 1m)
  [s3-no_r-IL-nc2-dp2] 341/384 games (2255/h, eta 1m)
  [s3-no_r-IL-nc2-dp2] 342/384 games (2261/h, eta 1m)
  [s3-no_r-IL-nc2-dp2] 343/384 games (2262/h, eta 1m)
  [s3-no_r-IL-nc2-dp2] 344/384 games (2263/h, eta 1m)
  [s3-no_r-IL-nc2-dp2] 345/384 games (2266/h, eta 1m)
  [s3-no_r-IL-nc2-dp2] 346/384 games (2271/h, eta 1m)
  [s3-no_r-IL-nc2-dp2] 347/384 games (2270/h, eta 1m)
  [s3-no_r-IL-nc2-dp2] 348/384 games (2271/h, eta 1m)
  [s3-no_r-IL-nc2-dp2] 349/384 games (2271/h, eta 1m)
  [s3-no_r-IL-nc2-dp2] 350/384 games (2273/h, eta 1m)
  [s3-no_r-IL-nc2-dp2] 351/384 games (2260/h, eta 1m)
  [s3-no_r-IL-nc2-dp2] 352/384 games (2266/h, eta 1m)
  [s3-no_r-IL-nc2-dp2] 353/384 games (2255/h, eta 1m)
  [s3-no_r-IL-nc2-dp2] 354/384 games (2259/h, eta 1m)
  [s3-no_r-IL-nc2-dp2] 355/384 games (2262/h, eta 1m)
  [s3-no_r-IL-nc2-dp2] 356/384 games (2265/h, eta 1m)
  [s3-no_r-IL-nc2-dp2] 357/384 games (2259/h, eta 1m)
  [s3-no_r-IL-nc2-dp2] 358/384 games (2251/h, eta 1m)
  [s3-no_r-IL-nc2-dp2] 359/384 games (2258/h, eta 1m)
  [s3-no_r-IL-nc2-dp2] 360/384 games (2249/h, eta 1m)
  [s3-no_r-IL-nc2-dp2] 361/384 games (2253/h, eta 1m)
  [s3-no_r-IL-nc2-dp2] 362/384 games (2257/h, eta 1m)
  [s3-no_r-IL-nc2-dp2] 363/384 games (2263/h, eta 1m)
  [s3-no_r-IL-nc2-dp2] 364/384 games (2255/h, eta 1m)
  [s3-no_r-IL-nc2-dp2] 365/384 games (2260/h, eta 1m)
  [s3-no_r-IL-nc2-dp2] 366/384 games (2261/h, eta 0m)
  [s3-no_r-IL-nc2-dp2] 367/384 games (2265/h, eta 0m)
  [s3-no_r-IL-nc2-dp2] 368/384 games (2256/h, eta 0m)
  [s3-no_r-IL-nc2-dp2] 369/384 games (2256/h, eta 0m)
  [s3-no_r-IL-nc2-dp2] 370/384 games (2259/h, eta 0m)
  [s3-no_r-IL-nc2-dp2] 371/384 games (2265/h, eta 0m)
  [s3-no_r-IL-nc2-dp2] 372/384 games (2258/h, eta 0m)
  [s3-no_r-IL-nc2-dp2] 373/384 games (2262/h, eta 0m)
  [s3-no_r-IL-nc2-dp2] 374/384 games (2264/h, eta 0m)
  [s3-no_r-IL-nc2-dp2] 375/384 games (2270/h, eta 0m)
  [s3-no_r-IL-nc2-dp2] 376/384 games (2274/h, eta 0m)
  [s3-no_r-IL-nc2-dp2] 377/384 games (2280/h, eta 0m)
  [s3-no_r-IL-nc2-dp2] 378/384 games (2286/h, eta 0m)
  [s3-no_r-IL-nc2-dp2] 379/384 games (2290/h, eta 0m)
  [s3-no_r-IL-nc2-dp2] 380/384 games (2275/h, eta 0m)
  [s3-no_r-IL-nc2-dp2] 381/384 games (2253/h, eta 0m)
  [s3-no_r-IL-nc2-dp2] 382/384 games (2251/h, eta 0m)
  [s3-no_r-IL-nc2-dp2] 383/384 games (2256/h, eta 0m)
  [s3-no_r-IL-nc2-dp2] 384/384 games (2201/h, eta 0m)
== s3-no_rr-IL-nc2 -> experiments/results/perturbation/s3-no_rr-IL-nc2.jsonl
  [s3-no_rr-IL-nc2] 1/384 games (707/h, eta 33m)
  [s3-no_rr-IL-nc2] 2/384 games (744/h, eta 31m)
  [s3-no_rr-IL-nc2] 3/384 games (945/h, eta 24m)
  [s3-no_rr-IL-nc2] 4/384 games (1155/h, eta 20m)
  [s3-no_rr-IL-nc2] 5/384 games (1411/h, eta 16m)
  [s3-no_rr-IL-nc2] 6/384 games (1459/h, eta 16m)
  [s3-no_rr-IL-nc2] 7/384 games (1660/h, eta 14m)
  [s3-no_rr-IL-nc2] 8/384 games (1808/h, eta 12m)
  [s3-no_rr-IL-nc2] 9/384 games (1893/h, eta 12m)
  [s3-no_rr-IL-nc2] 10/384 games (2074/h, eta 11m)
  [s3-no_rr-IL-nc2] 11/384 games (2278/h, eta 10m)
  [s3-no_rr-IL-nc2] 12/384 games (2403/h, eta 9m)
  [s3-no_rr-IL-nc2] 13/384 games (2499/h, eta 9m)
  [s3-no_rr-IL-nc2] 14/384 games (2654/h, eta 8m)
  [s3-no_rr-IL-nc2] 15/384 games (2718/h, eta 8m)
  [s3-no_rr-IL-nc2] 16/384 games (2873/h, eta 8m)
  [s3-no_rr-IL-nc2] 17/384 games (2941/h, eta 7m)
  [s3-no_rr-IL-nc2] 18/384 games (2820/h, eta 8m)
  [s3-no_rr-IL-nc2] 19/384 games (2743/h, eta 8m)
  [s3-no_rr-IL-nc2] 20/384 games (2370/h, eta 9m)
  [s3-no_rr-IL-nc2] 21/384 games (2150/h, eta 10m)
  [s3-no_rr-IL-nc2] 22/384 games (2219/h, eta 10m)
  [s3-no_rr-IL-nc2] 23/384 games (2310/h, eta 9m)
  [s3-no_rr-IL-nc2] 24/384 games (2378/h, eta 9m)
  [s3-no_rr-IL-nc2] 25/384 games (2398/h, eta 9m)
  [s3-no_rr-IL-nc2] 26/384 games (2401/h, eta 9m)
  [s3-no_rr-IL-nc2] 27/384 games (2451/h, eta 9m)
  [s3-no_rr-IL-nc2] 28/384 games (2494/h, eta 9m)
  [s3-no_rr-IL-nc2] 29/384 games (2507/h, eta 8m)
  [s3-no_rr-IL-nc2] 30/384 games (2573/h, eta 8m)
  [s3-no_rr-IL-nc2] 31/384 games (2603/h, eta 8m)
  [s3-no_rr-IL-nc2] 32/384 games (2625/h, eta 8m)
  [s3-no_rr-IL-nc2] 33/384 games (2541/h, eta 8m)
  [s3-no_rr-IL-nc2] 34/384 games (2573/h, eta 8m)
  [s3-no_rr-IL-nc2] 35/384 games (2609/h, eta 8m)
  [s3-no_rr-IL-nc2] 36/384 games (2650/h, eta 8m)
  [s3-no_rr-IL-nc2] 37/384 games (2705/h, eta 8m)
  [s3-no_rr-IL-nc2] 38/384 games (2740/h, eta 8m)
  [s3-no_rr-IL-nc2] 39/384 games (2674/h, eta 8m)
  [s3-no_rr-IL-nc2] 40/384 games (2737/h, eta 8m)
  [s3-no_rr-IL-nc2] 41/384 games (2801/h, eta 7m)
  [s3-no_rr-IL-nc2] 42/384 games (2831/h, eta 7m)
  [s3-no_rr-IL-nc2] 43/384 games (2896/h, eta 7m)
  [s3-no_rr-IL-nc2] 44/384 games (2659/h, eta 8m)
  [s3-no_rr-IL-nc2] 45/384 games (2716/h, eta 7m)
  [s3-no_rr-IL-nc2] 46/384 games (2758/h, eta 7m)
  [s3-no_rr-IL-nc2] 47/384 games (2742/h, eta 7m)
  [s3-no_rr-IL-nc2] 48/384 games (2792/h, eta 7m)
  [s3-no_rr-IL-nc2] 49/384 games (2816/h, eta 7m)
  [s3-no_rr-IL-nc2] 50/384 games (2870/h, eta 7m)
  [s3-no_rr-IL-nc2] 51/384 games (2872/h, eta 7m)
  [s3-no_rr-IL-nc2] 52/384 games (2897/h, eta 7m)
  [s3-no_rr-IL-nc2] 53/384 games (2938/h, eta 7m)
  [s3-no_rr-IL-nc2] 54/384 games (2988/h, eta 7m)
  [s3-no_rr-IL-nc2] 55/384 games (3005/h, eta 7m)
  [s3-no_rr-IL-nc2] 56/384 games (2996/h, eta 7m)
  [s3-no_rr-IL-nc2] 57/384 games (2981/h, eta 7m)
  [s3-no_rr-IL-nc2] 58/384 games (3026/h, eta 6m)
  [s3-no_rr-IL-nc2] 59/384 games (3041/h, eta 6m)
  [s3-no_rr-IL-nc2] 60/384 games (3004/h, eta 6m)
  [s3-no_rr-IL-nc2] 61/384 games (3038/h, eta 6m)
  [s3-no_rr-IL-nc2] 62/384 games (3054/h, eta 6m)
  [s3-no_rr-IL-nc2] 63/384 games (3103/h, eta 6m)
  [s3-no_rr-IL-nc2] 64/384 games (3139/h, eta 6m)
  [s3-no_rr-IL-nc2] 65/384 games (3114/h, eta 6m)
  [s3-no_rr-IL-nc2] 66/384 games (3110/h, eta 6m)
  [s3-no_rr-IL-nc2] 67/384 games (3085/h, eta 6m)
  [s3-no_rr-IL-nc2] 68/384 games (3045/h, eta 6m)
  [s3-no_rr-IL-nc2] 69/384 games (3061/h, eta 6m)
  [s3-no_rr-IL-nc2] 70/384 games (3061/h, eta 6m)
  [s3-no_rr-IL-nc2] 71/384 games (3082/h, eta 6m)
  [s3-no_rr-IL-nc2] 72/384 games (3040/h, eta 6m)
  [s3-no_rr-IL-nc2] 73/384 games (3074/h, eta 6m)
  [s3-no_rr-IL-nc2] 74/384 games (3088/h, eta 6m)
  [s3-no_rr-IL-nc2] 75/384 games (3106/h, eta 6m)
  [s3-no_rr-IL-nc2] 76/384 games (3133/h, eta 6m)
  [s3-no_rr-IL-nc2] 77/384 games (3155/h, eta 6m)
  [s3-no_rr-IL-nc2] 78/384 games (3188/h, eta 6m)
  [s3-no_rr-IL-nc2] 79/384 games (3156/h, eta 6m)
  [s3-no_rr-IL-nc2] 80/384 games (3135/h, eta 6m)
  [s3-no_rr-IL-nc2] 81/384 games (3151/h, eta 6m)
  [s3-no_rr-IL-nc2] 82/384 games (3165/h, eta 6m)
  [s3-no_rr-IL-nc2] 83/384 games (3190/h, eta 6m)
  [s3-no_rr-IL-nc2] 84/384 games (3222/h, eta 6m)
  [s3-no_rr-IL-nc2] 85/384 games (3245/h, eta 6m)
  [s3-no_rr-IL-nc2] 86/384 games (3194/h, eta 6m)
  [s3-no_rr-IL-nc2] 87/384 games (3179/h, eta 6m)
  [s3-no_rr-IL-nc2] 88/384 games (3171/h, eta 6m)
  [s3-no_rr-IL-nc2] 89/384 games (3073/h, eta 6m)
  [s3-no_rr-IL-nc2] 90/384 games (3054/h, eta 6m)
  [s3-no_rr-IL-nc2] 91/384 games (3024/h, eta 6m)
  [s3-no_rr-IL-nc2] 92/384 games (3032/h, eta 6m)
  [s3-no_rr-IL-nc2] 93/384 games (2978/h, eta 6m)
  [s3-no_rr-IL-nc2] 94/384 games (2993/h, eta 6m)
  [s3-no_rr-IL-nc2] 95/384 games (3021/h, eta 6m)
  [s3-no_rr-IL-nc2] 96/384 games (3014/h, eta 6m)
  [s3-no_rr-IL-nc2] 97/384 games (3039/h, eta 6m)
  [s3-no_rr-IL-nc2] 98/384 games (3047/h, eta 6m)
  [s3-no_rr-IL-nc2] 99/384 games (3073/h, eta 6m)
  [s3-no_rr-IL-nc2] 100/384 games (3089/h, eta 6m)
  [s3-no_rr-IL-nc2] 101/384 games (3095/h, eta 5m)
  [s3-no_rr-IL-nc2] 102/384 games (3100/h, eta 5m)
  [s3-no_rr-IL-nc2] 103/384 games (3111/h, eta 5m)
  [s3-no_rr-IL-nc2] 104/384 games (3129/h, eta 5m)
  [s3-no_rr-IL-nc2] 105/384 games (3156/h, eta 5m)
  [s3-no_rr-IL-nc2] 106/384 games (3168/h, eta 5m)
  [s3-no_rr-IL-nc2] 107/384 games (3121/h, eta 5m)
  [s3-no_rr-IL-nc2] 108/384 games (3149/h, eta 5m)
  [s3-no_rr-IL-nc2] 109/384 games (3160/h, eta 5m)
  [s3-no_rr-IL-nc2] 110/384 games (3179/h, eta 5m)
  [s3-no_rr-IL-nc2] 111/384 games (3207/h, eta 5m)
  [s3-no_rr-IL-nc2] 112/384 games (3222/h, eta 5m)
  [s3-no_rr-IL-nc2] 113/384 games (3205/h, eta 5m)
  [s3-no_rr-IL-nc2] 114/384 games (3220/h, eta 5m)
  [s3-no_rr-IL-nc2] 115/384 games (3235/h, eta 5m)
  [s3-no_rr-IL-nc2] 116/384 games (3257/h, eta 5m)
  [s3-no_rr-IL-nc2] 117/384 games (3263/h, eta 5m)
  [s3-no_rr-IL-nc2] 118/384 games (3218/h, eta 5m)
  [s3-no_rr-IL-nc2] 119/384 games (3228/h, eta 5m)
  [s3-no_rr-IL-nc2] 120/384 games (3146/h, eta 5m)
  [s3-no_rr-IL-nc2] 121/384 games (3145/h, eta 5m)
  [s3-no_rr-IL-nc2] 122/384 games (3137/h, eta 5m)
  [s3-no_rr-IL-nc2] 123/384 games (3155/h, eta 5m)
  [s3-no_rr-IL-nc2] 124/384 games (3179/h, eta 5m)
  [s3-no_rr-IL-nc2] 125/384 games (3187/h, eta 5m)
  [s3-no_rr-IL-nc2] 126/384 games (3211/h, eta 5m)
  [s3-no_rr-IL-nc2] 127/384 games (3226/h, eta 5m)
  [s3-no_rr-IL-nc2] 128/384 games (3224/h, eta 5m)
  [s3-no_rr-IL-nc2] 129/384 games (3223/h, eta 5m)
  [s3-no_rr-IL-nc2] 130/384 games (3232/h, eta 5m)
  [s3-no_rr-IL-nc2] 131/384 games (3254/h, eta 5m)
  [s3-no_rr-IL-nc2] 132/384 games (3262/h, eta 5m)
  [s3-no_rr-IL-nc2] 133/384 games (3283/h, eta 5m)
  [s3-no_rr-IL-nc2] 134/384 games (3286/h, eta 5m)
  [s3-no_rr-IL-nc2] 135/384 games (3310/h, eta 5m)
  [s3-no_rr-IL-nc2] 136/384 games (3328/h, eta 4m)
  [s3-no_rr-IL-nc2] 137/384 games (3328/h, eta 4m)
  [s3-no_rr-IL-nc2] 138/384 games (3314/h, eta 4m)
  [s3-no_rr-IL-nc2] 139/384 games (3328/h, eta 4m)
  [s3-no_rr-IL-nc2] 140/384 games (3332/h, eta 4m)
  [s3-no_rr-IL-nc2] 141/384 games (3314/h, eta 4m)
  [s3-no_rr-IL-nc2] 142/384 games (3317/h, eta 4m)
  [s3-no_rr-IL-nc2] 143/384 games (3334/h, eta 4m)
  [s3-no_rr-IL-nc2] 144/384 games (3336/h, eta 4m)
  [s3-no_rr-IL-nc2] 145/384 games (3358/h, eta 4m)
  [s3-no_rr-IL-nc2] 146/384 games (3376/h, eta 4m)
  [s3-no_rr-IL-nc2] 147/384 games (3369/h, eta 4m)
  [s3-no_rr-IL-nc2] 148/384 games (3389/h, eta 4m)
  [s3-no_rr-IL-nc2] 149/384 games (3381/h, eta 4m)
  [s3-no_rr-IL-nc2] 150/384 games (3344/h, eta 4m)
  [s3-no_rr-IL-nc2] 151/384 games (3361/h, eta 4m)
  [s3-no_rr-IL-nc2] 152/384 games (3312/h, eta 4m)
  [s3-no_rr-IL-nc2] 153/384 games (3331/h, eta 4m)
  [s3-no_rr-IL-nc2] 154/384 games (3341/h, eta 4m)
  [s3-no_rr-IL-nc2] 155/384 games (3327/h, eta 4m)
  [s3-no_rr-IL-nc2] 156/384 games (3321/h, eta 4m)
  [s3-no_rr-IL-nc2] 157/384 games (3314/h, eta 4m)
  [s3-no_rr-IL-nc2] 158/384 games (3241/h, eta 4m)
  [s3-no_rr-IL-nc2] 159/384 games (3255/h, eta 4m)
  [s3-no_rr-IL-nc2] 160/384 games (3273/h, eta 4m)
  [s3-no_rr-IL-nc2] 161/384 games (3293/h, eta 4m)
  [s3-no_rr-IL-nc2] 162/384 games (3279/h, eta 4m)
  [s3-no_rr-IL-nc2] 163/384 games (3262/h, eta 4m)
  [s3-no_rr-IL-nc2] 164/384 games (3257/h, eta 4m)
  [s3-no_rr-IL-nc2] 165/384 games (3273/h, eta 4m)
  [s3-no_rr-IL-nc2] 166/384 games (3293/h, eta 4m)
  [s3-no_rr-IL-nc2] 167/384 games (3302/h, eta 4m)
  [s3-no_rr-IL-nc2] 168/384 games (3288/h, eta 4m)
  [s3-no_rr-IL-nc2] 169/384 games (3306/h, eta 4m)
  [s3-no_rr-IL-nc2] 170/384 games (3273/h, eta 4m)
  [s3-no_rr-IL-nc2] 171/384 games (3284/h, eta 4m)
  [s3-no_rr-IL-nc2] 172/384 games (3299/h, eta 4m)
  [s3-no_rr-IL-nc2] 173/384 games (3311/h, eta 4m)
  [s3-no_rr-IL-nc2] 174/384 games (3314/h, eta 4m)
  [s3-no_rr-IL-nc2] 175/384 games (3304/h, eta 4m)
  [s3-no_rr-IL-nc2] 176/384 games (3312/h, eta 4m)
  [s3-no_rr-IL-nc2] 177/384 games (3316/h, eta 4m)
  [s3-no_rr-IL-nc2] 178/384 games (3288/h, eta 4m)
  [s3-no_rr-IL-nc2] 179/384 games (3286/h, eta 4m)
  [s3-no_rr-IL-nc2] 180/384 games (3304/h, eta 4m)
  [s3-no_rr-IL-nc2] 181/384 games (3312/h, eta 4m)
  [s3-no_rr-IL-nc2] 182/384 games (3302/h, eta 4m)
  [s3-no_rr-IL-nc2] 183/384 games (3310/h, eta 4m)
  [s3-no_rr-IL-nc2] 184/384 games (3320/h, eta 4m)
  [s3-no_rr-IL-nc2] 185/384 games (3329/h, eta 4m)
  [s3-no_rr-IL-nc2] 186/384 games (3347/h, eta 4m)
  [s3-no_rr-IL-nc2] 187/384 games (3360/h, eta 4m)
  [s3-no_rr-IL-nc2] 188/384 games (3341/h, eta 4m)
  [s3-no_rr-IL-nc2] 189/384 games (3349/h, eta 3m)
  [s3-no_rr-IL-nc2] 190/384 games (3356/h, eta 3m)
  [s3-no_rr-IL-nc2] 191/384 games (3300/h, eta 4m)
  [s3-no_rr-IL-nc2] 192/384 games (3313/h, eta 3m)
  [s3-no_rr-IL-nc2] 193/384 games (3255/h, eta 4m)
  [s3-no_rr-IL-nc2] 194/384 games (3262/h, eta 3m)
  [s3-no_rr-IL-nc2] 195/384 games (3249/h, eta 3m)
  [s3-no_rr-IL-nc2] 196/384 games (3259/h, eta 3m)
  [s3-no_rr-IL-nc2] 197/384 games (3271/h, eta 3m)
  [s3-no_rr-IL-nc2] 198/384 games (3287/h, eta 3m)
  [s3-no_rr-IL-nc2] 199/384 games (3293/h, eta 3m)
  [s3-no_rr-IL-nc2] 200/384 games (3289/h, eta 3m)
  [s3-no_rr-IL-nc2] 201/384 games (3300/h, eta 3m)
  [s3-no_rr-IL-nc2] 202/384 games (3271/h, eta 3m)
  [s3-no_rr-IL-nc2] 203/384 games (3274/h, eta 3m)
  [s3-no_rr-IL-nc2] 204/384 games (3276/h, eta 3m)
  [s3-no_rr-IL-nc2] 205/384 games (3260/h, eta 3m)
  [s3-no_rr-IL-nc2] 206/384 games (3268/h, eta 3m)
  [s3-no_rr-IL-nc2] 207/384 games (3268/h, eta 3m)
  [s3-no_rr-IL-nc2] 208/384 games (3268/h, eta 3m)
  [s3-no_rr-IL-nc2] 209/384 games (3273/h, eta 3m)
  [s3-no_rr-IL-nc2] 210/384 games (3288/h, eta 3m)
  [s3-no_rr-IL-nc2] 211/384 games (3300/h, eta 3m)
  [s3-no_rr-IL-nc2] 212/384 games (3314/h, eta 3m)
  [s3-no_rr-IL-nc2] 213/384 games (3328/h, eta 3m)
  [s3-no_rr-IL-nc2] 214/384 games (3333/h, eta 3m)
  [s3-no_rr-IL-nc2] 215/384 games (3334/h, eta 3m)
  [s3-no_rr-IL-nc2] 216/384 games (3328/h, eta 3m)
  [s3-no_rr-IL-nc2] 217/384 games (3312/h, eta 3m)
  [s3-no_rr-IL-nc2] 218/384 games (3284/h, eta 3m)
  [s3-no_rr-IL-nc2] 219/384 games (3280/h, eta 3m)
  [s3-no_rr-IL-nc2] 220/384 games (3293/h, eta 3m)
  [s3-no_rr-IL-nc2] 221/384 games (3305/h, eta 3m)
  [s3-no_rr-IL-nc2] 222/384 games (3302/h, eta 3m)
  [s3-no_rr-IL-nc2] 223/384 games (3311/h, eta 3m)
  [s3-no_rr-IL-nc2] 224/384 games (3325/h, eta 3m)
  [s3-no_rr-IL-nc2] 225/384 games (3306/h, eta 3m)
  [s3-no_rr-IL-nc2] 226/384 games (3310/h, eta 3m)
  [s3-no_rr-IL-nc2] 227/384 games (3320/h, eta 3m)
  [s3-no_rr-IL-nc2] 228/384 games (3324/h, eta 3m)
  [s3-no_rr-IL-nc2] 229/384 games (3328/h, eta 3m)
  [s3-no_rr-IL-nc2] 230/384 games (3314/h, eta 3m)
  [s3-no_rr-IL-nc2] 231/384 games (3326/h, eta 3m)
  [s3-no_rr-IL-nc2] 232/384 games (3281/h, eta 3m)
  [s3-no_rr-IL-nc2] 233/384 games (3291/h, eta 3m)
  [s3-no_rr-IL-nc2] 234/384 games (3300/h, eta 3m)
  [s3-no_rr-IL-nc2] 235/384 games (3303/h, eta 3m)
  [s3-no_rr-IL-nc2] 236/384 games (3298/h, eta 3m)
  [s3-no_rr-IL-nc2] 237/384 games (3284/h, eta 3m)
  [s3-no_rr-IL-nc2] 238/384 games (3297/h, eta 3m)
  [s3-no_rr-IL-nc2] 239/384 games (3299/h, eta 3m)
  [s3-no_rr-IL-nc2] 240/384 games (3296/h, eta 3m)
  [s3-no_rr-IL-nc2] 241/384 games (3309/h, eta 3m)
  [s3-no_rr-IL-nc2] 242/384 games (3308/h, eta 3m)
  [s3-no_rr-IL-nc2] 243/384 games (3310/h, eta 3m)
  [s3-no_rr-IL-nc2] 244/384 games (3304/h, eta 3m)
  [s3-no_rr-IL-nc2] 245/384 games (3312/h, eta 3m)
  [s3-no_rr-IL-nc2] 246/384 games (3320/h, eta 2m)
  [s3-no_rr-IL-nc2] 247/384 games (3331/h, eta 2m)
  [s3-no_rr-IL-nc2] 248/384 games (3344/h, eta 2m)
  [s3-no_rr-IL-nc2] 249/384 games (3354/h, eta 2m)
  [s3-no_rr-IL-nc2] 250/384 games (3351/h, eta 2m)
  [s3-no_rr-IL-nc2] 251/384 games (3333/h, eta 2m)
  [s3-no_rr-IL-nc2] 252/384 games (3336/h, eta 2m)
  [s3-no_rr-IL-nc2] 253/384 games (3305/h, eta 2m)
  [s3-no_rr-IL-nc2] 254/384 games (3312/h, eta 2m)
  [s3-no_rr-IL-nc2] 255/384 games (3324/h, eta 2m)
  [s3-no_rr-IL-nc2] 256/384 games (3330/h, eta 2m)
  [s3-no_rr-IL-nc2] 257/384 games (3301/h, eta 2m)
  [s3-no_rr-IL-nc2] 258/384 games (3304/h, eta 2m)
  [s3-no_rr-IL-nc2] 259/384 games (3304/h, eta 2m)
  [s3-no_rr-IL-nc2] 260/384 games (3304/h, eta 2m)
  [s3-no_rr-IL-nc2] 261/384 games (3316/h, eta 2m)
  [s3-no_rr-IL-nc2] 262/384 games (3314/h, eta 2m)
  [s3-no_rr-IL-nc2] 263/384 games (3318/h, eta 2m)
  [s3-no_rr-IL-nc2] 264/384 games (3304/h, eta 2m)
  [s3-no_rr-IL-nc2] 265/384 games (3301/h, eta 2m)
  [s3-no_rr-IL-nc2] 266/384 games (3305/h, eta 2m)
  [s3-no_rr-IL-nc2] 267/384 games (3304/h, eta 2m)
  [s3-no_rr-IL-nc2] 268/384 games (3311/h, eta 2m)
  [s3-no_rr-IL-nc2] 269/384 games (3315/h, eta 2m)
  [s3-no_rr-IL-nc2] 270/384 games (3305/h, eta 2m)
  [s3-no_rr-IL-nc2] 271/384 games (3298/h, eta 2m)
  [s3-no_rr-IL-nc2] 272/384 games (3308/h, eta 2m)
  [s3-no_rr-IL-nc2] 273/384 games (3313/h, eta 2m)
  [s3-no_rr-IL-nc2] 274/384 games (3306/h, eta 2m)
  [s3-no_rr-IL-nc2] 275/384 games (3293/h, eta 2m)
  [s3-no_rr-IL-nc2] 276/384 games (3304/h, eta 2m)
  [s3-no_rr-IL-nc2] 277/384 games (3303/h, eta 2m)
  [s3-no_rr-IL-nc2] 278/384 games (3292/h, eta 2m)
  [s3-no_rr-IL-nc2] 279/384 games (3294/h, eta 2m)
  [s3-no_rr-IL-nc2] 280/384 games (3286/h, eta 2m)
  [s3-no_rr-IL-nc2] 281/384 games (3289/h, eta 2m)
  [s3-no_rr-IL-nc2] 282/384 games (3283/h, eta 2m)
  [s3-no_rr-IL-nc2] 283/384 games (3295/h, eta 2m)
  [s3-no_rr-IL-nc2] 284/384 games (3246/h, eta 2m)
  [s3-no_rr-IL-nc2] 285/384 games (3249/h, eta 2m)
  [s3-no_rr-IL-nc2] 286/384 games (3244/h, eta 2m)
  [s3-no_rr-IL-nc2] 287/384 games (3237/h, eta 2m)
  [s3-no_rr-IL-nc2] 288/384 games (3241/h, eta 2m)
  [s3-no_rr-IL-nc2] 289/384 games (3244/h, eta 2m)
  [s3-no_rr-IL-nc2] 290/384 games (3242/h, eta 2m)
  [s3-no_rr-IL-nc2] 291/384 games (3247/h, eta 2m)
  [s3-no_rr-IL-nc2] 292/384 games (3245/h, eta 2m)
  [s3-no_rr-IL-nc2] 293/384 games (3249/h, eta 2m)
  [s3-no_rr-IL-nc2] 294/384 games (3252/h, eta 2m)
  [s3-no_rr-IL-nc2] 295/384 games (3262/h, eta 2m)
  [s3-no_rr-IL-nc2] 296/384 games (3273/h, eta 2m)
  [s3-no_rr-IL-nc2] 297/384 games (3280/h, eta 2m)
  [s3-no_rr-IL-nc2] 298/384 games (3278/h, eta 2m)
  [s3-no_rr-IL-nc2] 299/384 games (3267/h, eta 2m)
  [s3-no_rr-IL-nc2] 300/384 games (3277/h, eta 2m)
  [s3-no_rr-IL-nc2] 301/384 games (3279/h, eta 2m)
  [s3-no_rr-IL-nc2] 302/384 games (3289/h, eta 1m)
  [s3-no_rr-IL-nc2] 303/384 games (3279/h, eta 1m)
  [s3-no_rr-IL-nc2] 304/384 games (3243/h, eta 1m)
  [s3-no_rr-IL-nc2] 305/384 games (3243/h, eta 1m)
  [s3-no_rr-IL-nc2] 306/384 games (3251/h, eta 1m)
  [s3-no_rr-IL-nc2] 307/384 games (3257/h, eta 1m)
  [s3-no_rr-IL-nc2] 308/384 games (3250/h, eta 1m)
  [s3-no_rr-IL-nc2] 309/384 games (3248/h, eta 1m)
  [s3-no_rr-IL-nc2] 310/384 games (3226/h, eta 1m)
  [s3-no_rr-IL-nc2] 311/384 games (3232/h, eta 1m)
  [s3-no_rr-IL-nc2] 312/384 games (3238/h, eta 1m)
  [s3-no_rr-IL-nc2] 313/384 games (3247/h, eta 1m)
  [s3-no_rr-IL-nc2] 314/384 games (3254/h, eta 1m)
  [s3-no_rr-IL-nc2] 315/384 games (3256/h, eta 1m)
  [s3-no_rr-IL-nc2] 316/384 games (3266/h, eta 1m)
  [s3-no_rr-IL-nc2] 317/384 games (3263/h, eta 1m)
  [s3-no_rr-IL-nc2] 318/384 games (3263/h, eta 1m)
  [s3-no_rr-IL-nc2] 319/384 games (3273/h, eta 1m)
  [s3-no_rr-IL-nc2] 320/384 games (3270/h, eta 1m)
  [s3-no_rr-IL-nc2] 321/384 games (3270/h, eta 1m)
  [s3-no_rr-IL-nc2] 322/384 games (3258/h, eta 1m)
  [s3-no_rr-IL-nc2] 323/384 games (3262/h, eta 1m)
  [s3-no_rr-IL-nc2] 324/384 games (3267/h, eta 1m)
  [s3-no_rr-IL-nc2] 325/384 games (3260/h, eta 1m)
  [s3-no_rr-IL-nc2] 326/384 games (3267/h, eta 1m)
  [s3-no_rr-IL-nc2] 327/384 games (3258/h, eta 1m)
  [s3-no_rr-IL-nc2] 328/384 games (3266/h, eta 1m)
  [s3-no_rr-IL-nc2] 329/384 games (3267/h, eta 1m)
  [s3-no_rr-IL-nc2] 330/384 games (3264/h, eta 1m)
  [s3-no_rr-IL-nc2] 331/384 games (3270/h, eta 1m)
  [s3-no_rr-IL-nc2] 332/384 games (3267/h, eta 1m)
  [s3-no_rr-IL-nc2] 333/384 games (3269/h, eta 1m)
  [s3-no_rr-IL-nc2] 334/384 games (3277/h, eta 1m)
  [s3-no_rr-IL-nc2] 335/384 games (3275/h, eta 1m)
  [s3-no_rr-IL-nc2] 336/384 games (3261/h, eta 1m)
  [s3-no_rr-IL-nc2] 337/384 games (3269/h, eta 1m)
  [s3-no_rr-IL-nc2] 338/384 games (3275/h, eta 1m)
  [s3-no_rr-IL-nc2] 339/384 games (3282/h, eta 1m)
  [s3-no_rr-IL-nc2] 340/384 games (3251/h, eta 1m)
  [s3-no_rr-IL-nc2] 341/384 games (3253/h, eta 1m)
  [s3-no_rr-IL-nc2] 342/384 games (3253/h, eta 1m)
  [s3-no_rr-IL-nc2] 343/384 games (3253/h, eta 1m)
  [s3-no_rr-IL-nc2] 344/384 games (3251/h, eta 1m)
  [s3-no_rr-IL-nc2] 345/384 games (3256/h, eta 1m)
  [s3-no_rr-IL-nc2] 346/384 games (3244/h, eta 1m)
  [s3-no_rr-IL-nc2] 347/384 games (3247/h, eta 1m)
  [s3-no_rr-IL-nc2] 348/384 games (3252/h, eta 1m)
  [s3-no_rr-IL-nc2] 349/384 games (3260/h, eta 1m)
  [s3-no_rr-IL-nc2] 350/384 games (3240/h, eta 1m)
  [s3-no_rr-IL-nc2] 351/384 games (3247/h, eta 1m)
  [s3-no_rr-IL-nc2] 352/384 games (3255/h, eta 1m)
  [s3-no_rr-IL-nc2] 353/384 games (3252/h, eta 1m)
  [s3-no_rr-IL-nc2] 354/384 games (3255/h, eta 1m)
  [s3-no_rr-IL-nc2] 355/384 games (3264/h, eta 1m)
  [s3-no_rr-IL-nc2] 356/384 games (3255/h, eta 1m)
  [s3-no_rr-IL-nc2] 357/384 games (3257/h, eta 0m)
  [s3-no_rr-IL-nc2] 358/384 games (3257/h, eta 0m)
  [s3-no_rr-IL-nc2] 359/384 games (3264/h, eta 0m)
  [s3-no_rr-IL-nc2] 360/384 games (3268/h, eta 0m)
  [s3-no_rr-IL-nc2] 361/384 games (3269/h, eta 0m)
  [s3-no_rr-IL-nc2] 362/384 games (3265/h, eta 0m)
  [s3-no_rr-IL-nc2] 363/384 games (3259/h, eta 0m)
  [s3-no_rr-IL-nc2] 364/384 games (3263/h, eta 0m)
  [s3-no_rr-IL-nc2] 365/384 games (3264/h, eta 0m)
  [s3-no_rr-IL-nc2] 366/384 games (3273/h, eta 0m)
  [s3-no_rr-IL-nc2] 367/384 games (3278/h, eta 0m)
  [s3-no_rr-IL-nc2] 368/384 games (3285/h, eta 0m)
  [s3-no_rr-IL-nc2] 369/384 games (3294/h, eta 0m)
  [s3-no_rr-IL-nc2] 370/384 games (3297/h, eta 0m)
  [s3-no_rr-IL-nc2] 371/384 games (3303/h, eta 0m)
  [s3-no_rr-IL-nc2] 372/384 games (3308/h, eta 0m)
  [s3-no_rr-IL-nc2] 373/384 games (3306/h, eta 0m)
  [s3-no_rr-IL-nc2] 374/384 games (3309/h, eta 0m)
  [s3-no_rr-IL-nc2] 375/384 games (3315/h, eta 0m)
  [s3-no_rr-IL-nc2] 376/384 games (3316/h, eta 0m)
  [s3-no_rr-IL-nc2] 377/384 games (3325/h, eta 0m)
  [s3-no_rr-IL-nc2] 378/384 games (3327/h, eta 0m)
  [s3-no_rr-IL-nc2] 379/384 games (3325/h, eta 0m)
  [s3-no_rr-IL-nc2] 380/384 games (3332/h, eta 0m)
  [s3-no_rr-IL-nc2] 381/384 games (3328/h, eta 0m)
  [s3-no_rr-IL-nc2] 382/384 games (3323/h, eta 0m)
  [s3-no_rr-IL-nc2] 383/384 games (3328/h, eta 0m)
  [s3-no_rr-IL-nc2] 384/384 games (3335/h, eta 0m)
== s3-no_rr-IL-dp2 -> experiments/results/perturbation/s3-no_rr-IL-dp2.jsonl
  [s3-no_rr-IL-dp2] 1/384 games (1737/h, eta 13m)
  [s3-no_rr-IL-dp2] 2/384 games (2430/h, eta 9m)
  [s3-no_rr-IL-dp2] 3/384 games (1926/h, eta 12m)
  [s3-no_rr-IL-dp2] 4/384 games (2209/h, eta 10m)
  [s3-no_rr-IL-dp2] 5/384 games (2409/h, eta 9m)
  [s3-no_rr-IL-dp2] 6/384 games (1696/h, eta 13m)
  [s3-no_rr-IL-dp2] 7/384 games (1763/h, eta 13m)
  [s3-no_rr-IL-dp2] 8/384 games (1938/h, eta 12m)
  [s3-no_rr-IL-dp2] 9/384 games (2142/h, eta 11m)
  [s3-no_rr-IL-dp2] 10/384 games (2151/h, eta 10m)
  [s3-no_rr-IL-dp2] 11/384 games (2214/h, eta 10m)
  [s3-no_rr-IL-dp2] 12/384 games (2319/h, eta 10m)
  [s3-no_rr-IL-dp2] 13/384 games (2250/h, eta 10m)
  [s3-no_rr-IL-dp2] 14/384 games (2378/h, eta 9m)
  [s3-no_rr-IL-dp2] 15/384 games (2437/h, eta 9m)
  [s3-no_rr-IL-dp2] 16/384 games (2584/h, eta 9m)
  [s3-no_rr-IL-dp2] 17/384 games (2737/h, eta 8m)
  [s3-no_rr-IL-dp2] 18/384 games (2689/h, eta 8m)
  [s3-no_rr-IL-dp2] 19/384 games (2623/h, eta 8m)
  [s3-no_rr-IL-dp2] 20/384 games (2442/h, eta 9m)
  [s3-no_rr-IL-dp2] 21/384 games (2524/h, eta 9m)
  [s3-no_rr-IL-dp2] 22/384 games (2606/h, eta 8m)
  [s3-no_rr-IL-dp2] 23/384 games (2467/h, eta 9m)
  [s3-no_rr-IL-dp2] 24/384 games (2571/h, eta 8m)
  [s3-no_rr-IL-dp2] 25/384 games (2672/h, eta 8m)
  [s3-no_rr-IL-dp2] 26/384 games (2689/h, eta 8m)
  [s3-no_rr-IL-dp2] 27/384 games (2729/h, eta 8m)
  [s3-no_rr-IL-dp2] 28/384 games (2652/h, eta 8m)
  [s3-no_rr-IL-dp2] 29/384 games (2659/h, eta 8m)
  [s3-no_rr-IL-dp2] 30/384 games (2576/h, eta 8m)
  [s3-no_rr-IL-dp2] 31/384 games (2635/h, eta 8m)
  [s3-no_rr-IL-dp2] 32/384 games (2718/h, eta 8m)
  [s3-no_rr-IL-dp2] 33/384 games (2705/h, eta 8m)
  [s3-no_rr-IL-dp2] 34/384 games (2680/h, eta 8m)
  [s3-no_rr-IL-dp2] 35/384 games (2744/h, eta 8m)
  [s3-no_rr-IL-dp2] 36/384 games (2805/h, eta 7m)
  [s3-no_rr-IL-dp2] 37/384 games (2849/h, eta 7m)
  [s3-no_rr-IL-dp2] 38/384 games (2860/h, eta 7m)
  [s3-no_rr-IL-dp2] 39/384 games (2888/h, eta 7m)
  [s3-no_rr-IL-dp2] 40/384 games (2898/h, eta 7m)
  [s3-no_rr-IL-dp2] 41/384 games (2943/h, eta 7m)
  [s3-no_rr-IL-dp2] 42/384 games (2962/h, eta 7m)
  [s3-no_rr-IL-dp2] 43/384 games (2877/h, eta 7m)
  [s3-no_rr-IL-dp2] 44/384 games (2940/h, eta 7m)
  [s3-no_rr-IL-dp2] 45/384 games (2991/h, eta 7m)
  [s3-no_rr-IL-dp2] 46/384 games (3049/h, eta 7m)
  [s3-no_rr-IL-dp2] 47/384 games (2958/h, eta 7m)
  [s3-no_rr-IL-dp2] 48/384 games (2984/h, eta 7m)
  [s3-no_rr-IL-dp2] 49/384 games (3032/h, eta 7m)
  [s3-no_rr-IL-dp2] 50/384 games (3022/h, eta 7m)
  [s3-no_rr-IL-dp2] 51/384 games (3034/h, eta 7m)
  [s3-no_rr-IL-dp2] 52/384 games (3057/h, eta 7m)
  [s3-no_rr-IL-dp2] 53/384 games (3086/h, eta 6m)
  [s3-no_rr-IL-dp2] 54/384 games (3049/h, eta 6m)
  [s3-no_rr-IL-dp2] 55/384 games (2997/h, eta 7m)
  [s3-no_rr-IL-dp2] 56/384 games (3007/h, eta 7m)
  [s3-no_rr-IL-dp2] 57/384 games (3040/h, eta 6m)
  [s3-no_rr-IL-dp2] 58/384 games (3056/h, eta 6m)
  [s3-no_rr-IL-dp2] 59/384 games (3066/h, eta 6m)
  [s3-no_rr-IL-dp2] 60/384 games (3080/h, eta 6m)
  [s3-no_rr-IL-dp2] 61/384 games (3062/h, eta 6m)
  [s3-no_rr-IL-dp2] 62/384 games (3066/h, eta 6m)
  [s3-no_rr-IL-dp2] 63/384 games (3061/h, eta 6m)
  [s3-no_rr-IL-dp2] 64/384 games (2929/h, eta 7m)
  [s3-no_rr-IL-dp2] 65/384 games (2963/h, eta 6m)
  [s3-no_rr-IL-dp2] 66/384 games (2985/h, eta 6m)
  [s3-no_rr-IL-dp2] 67/384 games (3002/h, eta 6m)
  [s3-no_rr-IL-dp2] 68/384 games (3036/h, eta 6m)
  [s3-no_rr-IL-dp2] 69/384 games (3059/h, eta 6m)
  [s3-no_rr-IL-dp2] 70/384 games (3088/h, eta 6m)
  [s3-no_rr-IL-dp2] 71/384 games (3126/h, eta 6m)
  [s3-no_rr-IL-dp2] 72/384 games (3094/h, eta 6m)
  [s3-no_rr-IL-dp2] 73/384 games (3058/h, eta 6m)
  [s3-no_rr-IL-dp2] 74/384 games (3067/h, eta 6m)
  [s3-no_rr-IL-dp2] 75/384 games (3015/h, eta 6m)
  [s3-no_rr-IL-dp2] 76/384 games (2985/h, eta 6m)
  [s3-no_rr-IL-dp2] 77/384 games (3002/h, eta 6m)
  [s3-no_rr-IL-dp2] 78/384 games (3026/h, eta 6m)
  [s3-no_rr-IL-dp2] 79/384 games (3062/h, eta 6m)
  [s3-no_rr-IL-dp2] 80/384 games (3095/h, eta 6m)
  [s3-no_rr-IL-dp2] 81/384 games (3104/h, eta 6m)
  [s3-no_rr-IL-dp2] 82/384 games (3131/h, eta 6m)
  [s3-no_rr-IL-dp2] 83/384 games (3145/h, eta 6m)
  [s3-no_rr-IL-dp2] 84/384 games (3114/h, eta 6m)
  [s3-no_rr-IL-dp2] 85/384 games (3097/h, eta 6m)
  [s3-no_rr-IL-dp2] 86/384 games (3085/h, eta 6m)
  [s3-no_rr-IL-dp2] 87/384 games (3101/h, eta 6m)
  [s3-no_rr-IL-dp2] 88/384 games (3042/h, eta 6m)
  [s3-no_rr-IL-dp2] 89/384 games (3074/h, eta 6m)
  [s3-no_rr-IL-dp2] 90/384 games (3086/h, eta 6m)
  [s3-no_rr-IL-dp2] 91/384 games (3070/h, eta 6m)
  [s3-no_rr-IL-dp2] 92/384 games (3048/h, eta 6m)
  [s3-no_rr-IL-dp2] 93/384 games (3033/h, eta 6m)
  [s3-no_rr-IL-dp2] 94/384 games (3060/h, eta 6m)
  [s3-no_rr-IL-dp2] 95/384 games (3088/h, eta 6m)
  [s3-no_rr-IL-dp2] 96/384 games (3113/h, eta 6m)
  [s3-no_rr-IL-dp2] 97/384 games (3142/h, eta 5m)
  [s3-no_rr-IL-dp2] 98/384 games (3164/h, eta 5m)
  [s3-no_rr-IL-dp2] 99/384 games (3177/h, eta 5m)
  [s3-no_rr-IL-dp2] 100/384 games (3159/h, eta 5m)
  [s3-no_rr-IL-dp2] 101/384 games (3129/h, eta 5m)
  [s3-no_rr-IL-dp2] 102/384 games (3098/h, eta 5m)
  [s3-no_rr-IL-dp2] 103/384 games (3105/h, eta 5m)
  [s3-no_rr-IL-dp2] 104/384 games (3130/h, eta 5m)
  [s3-no_rr-IL-dp2] 105/384 games (3101/h, eta 5m)
  [s3-no_rr-IL-dp2] 106/384 games (3041/h, eta 5m)
  [s3-no_rr-IL-dp2] 107/384 games (3008/h, eta 6m)
  [s3-no_rr-IL-dp2] 108/384 games (3028/h, eta 5m)
  [s3-no_rr-IL-dp2] 109/384 games (3025/h, eta 5m)
  [s3-no_rr-IL-dp2] 110/384 games (3032/h, eta 5m)
  [s3-no_rr-IL-dp2] 111/384 games (3059/h, eta 5m)
  [s3-no_rr-IL-dp2] 112/384 games (3078/h, eta 5m)
  [s3-no_rr-IL-dp2] 113/384 games (3081/h, eta 5m)
  [s3-no_rr-IL-dp2] 114/384 games (3080/h, eta 5m)
  [s3-no_rr-IL-dp2] 115/384 games (3102/h, eta 5m)
  [s3-no_rr-IL-dp2] 116/384 games (3113/h, eta 5m)
  [s3-no_rr-IL-dp2] 117/384 games (3124/h, eta 5m)
  [s3-no_rr-IL-dp2] 118/384 games (3116/h, eta 5m)
  [s3-no_rr-IL-dp2] 119/384 games (3141/h, eta 5m)
  [s3-no_rr-IL-dp2] 120/384 games (3159/h, eta 5m)
  [s3-no_rr-IL-dp2] 121/384 games (3165/h, eta 5m)
  [s3-no_rr-IL-dp2] 122/384 games (3164/h, eta 5m)
  [s3-no_rr-IL-dp2] 123/384 games (3164/h, eta 5m)
  [s3-no_rr-IL-dp2] 124/384 games (3179/h, eta 5m)
  [s3-no_rr-IL-dp2] 125/384 games (3194/h, eta 5m)
  [s3-no_rr-IL-dp2] 126/384 games (3217/h, eta 5m)
  [s3-no_rr-IL-dp2] 127/384 games (3177/h, eta 5m)
  [s3-no_rr-IL-dp2] 128/384 games (3198/h, eta 5m)
  [s3-no_rr-IL-dp2] 129/384 games (3222/h, eta 5m)
  [s3-no_rr-IL-dp2] 130/384 games (3206/h, eta 5m)
  [s3-no_rr-IL-dp2] 131/384 games (3229/h, eta 5m)
  [s3-no_rr-IL-dp2] 132/384 games (3245/h, eta 5m)
  [s3-no_rr-IL-dp2] 133/384 games (3246/h, eta 5m)
  [s3-no_rr-IL-dp2] 134/384 games (3243/h, eta 5m)
  [s3-no_rr-IL-dp2] 135/384 games (3256/h, eta 5m)
  [s3-no_rr-IL-dp2] 136/384 games (3278/h, eta 5m)
  [s3-no_rr-IL-dp2] 137/384 games (3301/h, eta 4m)
  [s3-no_rr-IL-dp2] 138/384 games (3313/h, eta 4m)
  [s3-no_rr-IL-dp2] 139/384 games (3305/h, eta 4m)
  [s3-no_rr-IL-dp2] 140/384 games (3284/h, eta 4m)
  [s3-no_rr-IL-dp2] 141/384 games (3303/h, eta 4m)
  [s3-no_rr-IL-dp2] 142/384 games (3229/h, eta 4m)
  [s3-no_rr-IL-dp2] 143/384 games (3233/h, eta 4m)
  [s3-no_rr-IL-dp2] 144/384 games (3150/h, eta 5m)
  [s3-no_rr-IL-dp2] 145/384 games (3160/h, eta 5m)
  [s3-no_rr-IL-dp2] 146/384 games (3169/h, eta 5m)
  [s3-no_rr-IL-dp2] 147/384 games (3169/h, eta 4m)
  [s3-no_rr-IL-dp2] 148/384 games (3179/h, eta 4m)
  [s3-no_rr-IL-dp2] 149/384 games (3191/h, eta 4m)
  [s3-no_rr-IL-dp2] 150/384 games (3204/h, eta 4m)
  [s3-no_rr-IL-dp2] 151/384 games (3224/h, eta 4m)
  [s3-no_rr-IL-dp2] 152/384 games (3241/h, eta 4m)
  [s3-no_rr-IL-dp2] 153/384 games (3238/h, eta 4m)
  [s3-no_rr-IL-dp2] 154/384 games (3256/h, eta 4m)
  [s3-no_rr-IL-dp2] 155/384 games (3268/h, eta 4m)
  [s3-no_rr-IL-dp2] 156/384 games (3236/h, eta 4m)
  [s3-no_rr-IL-dp2] 157/384 games (3226/h, eta 4m)
  [s3-no_rr-IL-dp2] 158/384 games (3244/h, eta 4m)
  [s3-no_rr-IL-dp2] 159/384 games (3240/h, eta 4m)
  [s3-no_rr-IL-dp2] 160/384 games (3190/h, eta 4m)
  [s3-no_rr-IL-dp2] 161/384 games (3202/h, eta 4m)
  [s3-no_rr-IL-dp2] 162/384 games (3190/h, eta 4m)
  [s3-no_rr-IL-dp2] 163/384 games (3200/h, eta 4m)
  [s3-no_rr-IL-dp2] 164/384 games (3173/h, eta 4m)
  [s3-no_rr-IL-dp2] 165/384 games (3125/h, eta 4m)
  [s3-no_rr-IL-dp2] 166/384 games (3126/h, eta 4m)
  [s3-no_rr-IL-dp2] 167/384 games (3116/h, eta 4m)
  [s3-no_rr-IL-dp2] 168/384 games (3110/h, eta 4m)
  [s3-no_rr-IL-dp2] 169/384 games (3120/h, eta 4m)
  [s3-no_rr-IL-dp2] 170/384 games (3123/h, eta 4m)
  [s3-no_rr-IL-dp2] 171/384 games (3108/h, eta 4m)
  [s3-no_rr-IL-dp2] 172/384 games (3123/h, eta 4m)
  [s3-no_rr-IL-dp2] 173/384 games (3122/h, eta 4m)
  [s3-no_rr-IL-dp2] 174/384 games (3139/h, eta 4m)
  [s3-no_rr-IL-dp2] 175/384 games (3135/h, eta 4m)
  [s3-no_rr-IL-dp2] 176/384 games (3152/h, eta 4m)
  [s3-no_rr-IL-dp2] 177/384 games (3159/h, eta 4m)
  [s3-no_rr-IL-dp2] 178/384 games (3167/h, eta 4m)
  [s3-no_rr-IL-dp2] 179/384 games (3178/h, eta 4m)
  [s3-no_rr-IL-dp2] 180/384 games (3177/h, eta 4m)
  [s3-no_rr-IL-dp2] 181/384 games (3189/h, eta 4m)
  [s3-no_rr-IL-dp2] 182/384 games (3198/h, eta 4m)
  [s3-no_rr-IL-dp2] 183/384 games (3215/h, eta 4m)
  [s3-no_rr-IL-dp2] 184/384 games (3220/h, eta 4m)
  [s3-no_rr-IL-dp2] 185/384 games (3205/h, eta 4m)
  [s3-no_rr-IL-dp2] 186/384 games (3218/h, eta 4m)
  [s3-no_rr-IL-dp2] 187/384 games (3231/h, eta 4m)
  [s3-no_rr-IL-dp2] 188/384 games (3163/h, eta 4m)
  [s3-no_rr-IL-dp2] 189/384 games (3173/h, eta 4m)
  [s3-no_rr-IL-dp2] 190/384 games (3168/h, eta 4m)
  [s3-no_rr-IL-dp2] 191/384 games (3166/h, eta 4m)
  [s3-no_rr-IL-dp2] 192/384 games (3181/h, eta 4m)
  [s3-no_rr-IL-dp2] 193/384 games (3193/h, eta 4m)
  [s3-no_rr-IL-dp2] 194/384 games (3208/h, eta 4m)
  [s3-no_rr-IL-dp2] 195/384 games (3200/h, eta 4m)
  [s3-no_rr-IL-dp2] 196/384 games (3208/h, eta 4m)
  [s3-no_rr-IL-dp2] 197/384 games (3221/h, eta 3m)
  [s3-no_rr-IL-dp2] 198/384 games (3235/h, eta 3m)
  [s3-no_rr-IL-dp2] 199/384 games (3208/h, eta 3m)
  [s3-no_rr-IL-dp2] 200/384 games (3219/h, eta 3m)
  [s3-no_rr-IL-dp2] 201/384 games (3234/h, eta 3m)
  [s3-no_rr-IL-dp2] 202/384 games (3224/h, eta 3m)
  [s3-no_rr-IL-dp2] 203/384 games (3237/h, eta 3m)
  [s3-no_rr-IL-dp2] 204/384 games (3201/h, eta 3m)
  [s3-no_rr-IL-dp2] 205/384 games (3214/h, eta 3m)
  [s3-no_rr-IL-dp2] 206/384 games (3211/h, eta 3m)
  [s3-no_rr-IL-dp2] 207/384 games (3217/h, eta 3m)
  [s3-no_rr-IL-dp2] 208/384 games (3226/h, eta 3m)
  [s3-no_rr-IL-dp2] 209/384 games (3213/h, eta 3m)
  [s3-no_rr-IL-dp2] 210/384 games (3189/h, eta 3m)
  [s3-no_rr-IL-dp2] 211/384 games (3199/h, eta 3m)
  [s3-no_rr-IL-dp2] 212/384 games (3212/h, eta 3m)
  [s3-no_rr-IL-dp2] 213/384 games (3203/h, eta 3m)
  [s3-no_rr-IL-dp2] 214/384 games (3195/h, eta 3m)
  [s3-no_rr-IL-dp2] 215/384 games (3190/h, eta 3m)
  [s3-no_rr-IL-dp2] 216/384 games (3204/h, eta 3m)
  [s3-no_rr-IL-dp2] 217/384 games (3201/h, eta 3m)
  [s3-no_rr-IL-dp2] 218/384 games (3212/h, eta 3m)
  [s3-no_rr-IL-dp2] 219/384 games (3207/h, eta 3m)
  [s3-no_rr-IL-dp2] 220/384 games (3216/h, eta 3m)
  [s3-no_rr-IL-dp2] 221/384 games (3228/h, eta 3m)
  [s3-no_rr-IL-dp2] 222/384 games (3220/h, eta 3m)
  [s3-no_rr-IL-dp2] 223/384 games (3220/h, eta 3m)
  [s3-no_rr-IL-dp2] 224/384 games (3227/h, eta 3m)
  [s3-no_rr-IL-dp2] 225/384 games (3226/h, eta 3m)
  [s3-no_rr-IL-dp2] 226/384 games (3237/h, eta 3m)
  [s3-no_rr-IL-dp2] 227/384 games (3221/h, eta 3m)
  [s3-no_rr-IL-dp2] 228/384 games (3222/h, eta 3m)
  [s3-no_rr-IL-dp2] 229/384 games (3232/h, eta 3m)
  [s3-no_rr-IL-dp2] 230/384 games (3224/h, eta 3m)
  [s3-no_rr-IL-dp2] 231/384 games (3230/h, eta 3m)
  [s3-no_rr-IL-dp2] 232/384 games (3236/h, eta 3m)
  [s3-no_rr-IL-dp2] 233/384 games (3215/h, eta 3m)
  [s3-no_rr-IL-dp2] 234/384 games (3225/h, eta 3m)
  [s3-no_rr-IL-dp2] 235/384 games (3239/h, eta 3m)
  [s3-no_rr-IL-dp2] 236/384 games (3252/h, eta 3m)
  [s3-no_rr-IL-dp2] 237/384 games (3255/h, eta 3m)
  [s3-no_rr-IL-dp2] 238/384 games (3223/h, eta 3m)
  [s3-no_rr-IL-dp2] 239/384 games (3225/h, eta 3m)
  [s3-no_rr-IL-dp2] 240/384 games (3237/h, eta 3m)
  [s3-no_rr-IL-dp2] 241/384 games (3246/h, eta 3m)
  [s3-no_rr-IL-dp2] 242/384 games (3216/h, eta 3m)
  [s3-no_rr-IL-dp2] 243/384 games (3229/h, eta 3m)
  [s3-no_rr-IL-dp2] 244/384 games (3236/h, eta 3m)
  [s3-no_rr-IL-dp2] 245/384 games (3236/h, eta 3m)
  [s3-no_rr-IL-dp2] 246/384 games (3245/h, eta 3m)
  [s3-no_rr-IL-dp2] 247/384 games (3247/h, eta 3m)
  [s3-no_rr-IL-dp2] 248/384 games (3258/h, eta 3m)
  [s3-no_rr-IL-dp2] 249/384 games (3268/h, eta 2m)
  [s3-no_rr-IL-dp2] 250/384 games (3266/h, eta 2m)
  [s3-no_rr-IL-dp2] 251/384 games (3279/h, eta 2m)
  [s3-no_rr-IL-dp2] 252/384 games (3292/h, eta 2m)
  [s3-no_rr-IL-dp2] 253/384 games (3288/h, eta 2m)
  [s3-no_rr-IL-dp2] 254/384 games (3276/h, eta 2m)
  [s3-no_rr-IL-dp2] 255/384 games (3276/h, eta 2m)
  [s3-no_rr-IL-dp2] 256/384 games (3281/h, eta 2m)
  [s3-no_rr-IL-dp2] 257/384 games (3279/h, eta 2m)
  [s3-no_rr-IL-dp2] 258/384 games (3273/h, eta 2m)
  [s3-no_rr-IL-dp2] 259/384 games (3269/h, eta 2m)
  [s3-no_rr-IL-dp2] 260/384 games (3281/h, eta 2m)
  [s3-no_rr-IL-dp2] 261/384 games (3274/h, eta 2m)
  [s3-no_rr-IL-dp2] 262/384 games (3281/h, eta 2m)
  [s3-no_rr-IL-dp2] 263/384 games (3273/h, eta 2m)
  [s3-no_rr-IL-dp2] 264/384 games (3283/h, eta 2m)
  [s3-no_rr-IL-dp2] 265/384 games (3293/h, eta 2m)
  [s3-no_rr-IL-dp2] 266/384 games (3292/h, eta 2m)
  [s3-no_rr-IL-dp2] 267/384 games (3291/h, eta 2m)
  [s3-no_rr-IL-dp2] 268/384 games (3291/h, eta 2m)
  [s3-no_rr-IL-dp2] 269/384 games (3296/h, eta 2m)
  [s3-no_rr-IL-dp2] 270/384 games (3277/h, eta 2m)
  [s3-no_rr-IL-dp2] 271/384 games (3270/h, eta 2m)
  [s3-no_rr-IL-dp2] 272/384 games (3274/h, eta 2m)
  [s3-no_rr-IL-dp2] 273/384 games (3276/h, eta 2m)
  [s3-no_rr-IL-dp2] 274/384 games (3253/h, eta 2m)
  [s3-no_rr-IL-dp2] 275/384 games (3261/h, eta 2m)
  [s3-no_rr-IL-dp2] 276/384 games (3260/h, eta 2m)
  [s3-no_rr-IL-dp2] 277/384 games (3262/h, eta 2m)
  [s3-no_rr-IL-dp2] 278/384 games (3249/h, eta 2m)
  [s3-no_rr-IL-dp2] 279/384 games (3257/h, eta 2m)
  [s3-no_rr-IL-dp2] 280/384 games (3264/h, eta 2m)
  [s3-no_rr-IL-dp2] 281/384 games (3267/h, eta 2m)
  [s3-no_rr-IL-dp2] 282/384 games (3269/h, eta 2m)
  [s3-no_rr-IL-dp2] 283/384 games (3278/h, eta 2m)
  [s3-no_rr-IL-dp2] 284/384 games (3288/h, eta 2m)
  [s3-no_rr-IL-dp2] 285/384 games (3287/h, eta 2m)
  [s3-no_rr-IL-dp2] 286/384 games (3298/h, eta 2m)
  [s3-no_rr-IL-dp2] 287/384 games (3309/h, eta 2m)
  [s3-no_rr-IL-dp2] 288/384 games (3302/h, eta 2m)
  [s3-no_rr-IL-dp2] 289/384 games (3299/h, eta 2m)
  [s3-no_rr-IL-dp2] 290/384 games (3304/h, eta 2m)
  [s3-no_rr-IL-dp2] 291/384 games (3310/h, eta 2m)
  [s3-no_rr-IL-dp2] 292/384 games (3316/h, eta 2m)
  [s3-no_rr-IL-dp2] 293/384 games (3317/h, eta 2m)
  [s3-no_rr-IL-dp2] 294/384 games (3318/h, eta 2m)
  [s3-no_rr-IL-dp2] 295/384 games (3317/h, eta 2m)
  [s3-no_rr-IL-dp2] 296/384 games (3259/h, eta 2m)
  [s3-no_rr-IL-dp2] 297/384 games (3254/h, eta 2m)
  [s3-no_rr-IL-dp2] 298/384 games (3258/h, eta 2m)
  [s3-no_rr-IL-dp2] 299/384 games (3268/h, eta 2m)
  [s3-no_rr-IL-dp2] 300/384 games (3254/h, eta 2m)
  [s3-no_rr-IL-dp2] 301/384 games (3248/h, eta 2m)
  [s3-no_rr-IL-dp2] 302/384 games (3258/h, eta 2m)
  [s3-no_rr-IL-dp2] 303/384 games (3265/h, eta 1m)
  [s3-no_rr-IL-dp2] 304/384 games (3260/h, eta 1m)
  [s3-no_rr-IL-dp2] 305/384 games (3268/h, eta 1m)
  [s3-no_rr-IL-dp2] 306/384 games (3266/h, eta 1m)
  [s3-no_rr-IL-dp2] 307/384 games (3256/h, eta 1m)
  [s3-no_rr-IL-dp2] 308/384 games (3264/h, eta 1m)
  [s3-no_rr-IL-dp2] 309/384 games (3274/h, eta 1m)
  [s3-no_rr-IL-dp2] 310/384 games (3268/h, eta 1m)
  [s3-no_rr-IL-dp2] 311/384 games (3277/h, eta 1m)
  [s3-no_rr-IL-dp2] 312/384 games (3279/h, eta 1m)
  [s3-no_rr-IL-dp2] 313/384 games (3278/h, eta 1m)
  [s3-no_rr-IL-dp2] 314/384 games (3282/h, eta 1m)
  [s3-no_rr-IL-dp2] 315/384 games (3250/h, eta 1m)
  [s3-no_rr-IL-dp2] 316/384 games (3255/h, eta 1m)
  [s3-no_rr-IL-dp2] 317/384 games (3261/h, eta 1m)
  [s3-no_rr-IL-dp2] 318/384 games (3271/h, eta 1m)
  [s3-no_rr-IL-dp2] 319/384 games (3273/h, eta 1m)
  [s3-no_rr-IL-dp2] 320/384 games (3282/h, eta 1m)
  [s3-no_rr-IL-dp2] 321/384 games (3266/h, eta 1m)
  [s3-no_rr-IL-dp2] 322/384 games (3264/h, eta 1m)
  [s3-no_rr-IL-dp2] 323/384 games (3258/h, eta 1m)
  [s3-no_rr-IL-dp2] 324/384 games (3262/h, eta 1m)
  [s3-no_rr-IL-dp2] 325/384 games (3266/h, eta 1m)
  [s3-no_rr-IL-dp2] 326/384 games (3267/h, eta 1m)
  [s3-no_rr-IL-dp2] 327/384 games (3258/h, eta 1m)
  [s3-no_rr-IL-dp2] 328/384 games (3240/h, eta 1m)
  [s3-no_rr-IL-dp2] 329/384 games (3236/h, eta 1m)
  [s3-no_rr-IL-dp2] 330/384 games (3226/h, eta 1m)
  [s3-no_rr-IL-dp2] 331/384 games (3223/h, eta 1m)
  [s3-no_rr-IL-dp2] 332/384 games (3227/h, eta 1m)
  [s3-no_rr-IL-dp2] 333/384 games (3220/h, eta 1m)
  [s3-no_rr-IL-dp2] 334/384 games (3211/h, eta 1m)
  [s3-no_rr-IL-dp2] 335/384 games (3209/h, eta 1m)
  [s3-no_rr-IL-dp2] 336/384 games (3218/h, eta 1m)
  [s3-no_rr-IL-dp2] 337/384 games (3218/h, eta 1m)
  [s3-no_rr-IL-dp2] 338/384 games (3205/h, eta 1m)
  [s3-no_rr-IL-dp2] 339/384 games (3206/h, eta 1m)
  [s3-no_rr-IL-dp2] 340/384 games (3215/h, eta 1m)
  [s3-no_rr-IL-dp2] 341/384 games (3215/h, eta 1m)
  [s3-no_rr-IL-dp2] 342/384 games (3224/h, eta 1m)
  [s3-no_rr-IL-dp2] 343/384 games (3231/h, eta 1m)
  [s3-no_rr-IL-dp2] 344/384 games (3221/h, eta 1m)
  [s3-no_rr-IL-dp2] 345/384 games (3227/h, eta 1m)
  [s3-no_rr-IL-dp2] 346/384 games (3216/h, eta 1m)
  [s3-no_rr-IL-dp2] 347/384 games (3217/h, eta 1m)
  [s3-no_rr-IL-dp2] 348/384 games (3208/h, eta 1m)
  [s3-no_rr-IL-dp2] 349/384 games (3214/h, eta 1m)
  [s3-no_rr-IL-dp2] 350/384 games (3216/h, eta 1m)
  [s3-no_rr-IL-dp2] 351/384 games (3222/h, eta 1m)
  [s3-no_rr-IL-dp2] 352/384 games (3215/h, eta 1m)
  [s3-no_rr-IL-dp2] 353/384 games (3214/h, eta 1m)
  [s3-no_rr-IL-dp2] 354/384 games (3214/h, eta 1m)
  [s3-no_rr-IL-dp2] 355/384 games (3220/h, eta 1m)
  [s3-no_rr-IL-dp2] 356/384 games (3224/h, eta 1m)
  [s3-no_rr-IL-dp2] 357/384 games (3232/h, eta 1m)
  [s3-no_rr-IL-dp2] 358/384 games (3228/h, eta 0m)
  [s3-no_rr-IL-dp2] 359/384 games (3220/h, eta 0m)
  [s3-no_rr-IL-dp2] 360/384 games (3228/h, eta 0m)
  [s3-no_rr-IL-dp2] 361/384 games (3236/h, eta 0m)
  [s3-no_rr-IL-dp2] 362/384 games (3242/h, eta 0m)
  [s3-no_rr-IL-dp2] 363/384 games (3244/h, eta 0m)
  [s3-no_rr-IL-dp2] 364/384 games (3234/h, eta 0m)
  [s3-no_rr-IL-dp2] 365/384 games (3237/h, eta 0m)
  [s3-no_rr-IL-dp2] 366/384 games (3241/h, eta 0m)
  [s3-no_rr-IL-dp2] 367/384 games (3232/h, eta 0m)
  [s3-no_rr-IL-dp2] 368/384 games (3235/h, eta 0m)
  [s3-no_rr-IL-dp2] 369/384 games (3242/h, eta 0m)
  [s3-no_rr-IL-dp2] 370/384 games (3249/h, eta 0m)
  [s3-no_rr-IL-dp2] 371/384 games (3249/h, eta 0m)
  [s3-no_rr-IL-dp2] 372/384 games (3254/h, eta 0m)
  [s3-no_rr-IL-dp2] 373/384 games (3254/h, eta 0m)
  [s3-no_rr-IL-dp2] 374/384 games (3262/h, eta 0m)
  [s3-no_rr-IL-dp2] 375/384 games (3269/h, eta 0m)
  [s3-no_rr-IL-dp2] 376/384 games (3276/h, eta 0m)
  [s3-no_rr-IL-dp2] 377/384 games (3280/h, eta 0m)
  [s3-no_rr-IL-dp2] 378/384 games (3262/h, eta 0m)
  [s3-no_rr-IL-dp2] 379/384 games (3253/h, eta 0m)
  [s3-no_rr-IL-dp2] 380/384 games (3260/h, eta 0m)
  [s3-no_rr-IL-dp2] 381/384 games (3232/h, eta 0m)
  [s3-no_rr-IL-dp2] 382/384 games (3237/h, eta 0m)
  [s3-no_rr-IL-dp2] 383/384 games (3211/h, eta 0m)
  [s3-no_rr-IL-dp2] 384/384 games (3218/h, eta 0m)
== s3-no_rr-IL-nc2-dp2 -> experiments/results/perturbation/s3-no_rr-IL-nc2-dp2.jsonl
  [s3-no_rr-IL-nc2-dp2] 1/384 games (536/h, eta 43m)
  [s3-no_rr-IL-nc2-dp2] 2/384 games (466/h, eta 49m)
  [s3-no_rr-IL-nc2-dp2] 3/384 games (543/h, eta 42m)
  [s3-no_rr-IL-nc2-dp2] 4/384 games (720/h, eta 32m)
  [s3-no_rr-IL-nc2-dp2] 5/384 games (894/h, eta 25m)
  [s3-no_rr-IL-nc2-dp2] 6/384 games (1059/h, eta 21m)
  [s3-no_rr-IL-nc2-dp2] 7/384 games (1159/h, eta 20m)
  [s3-no_rr-IL-nc2-dp2] 8/384 games (1293/h, eta 17m)
  [s3-no_rr-IL-nc2-dp2] 9/384 games (1323/h, eta 17m)
  [s3-no_rr-IL-nc2-dp2] 10/384 games (1342/h, eta 17m)
  [s3-no_rr-IL-nc2-dp2] 11/384 games (1465/h, eta 15m)
  [s3-no_rr-IL-nc2-dp2] 12/384 games (1551/h, eta 14m)
  [s3-no_rr-IL-nc2-dp2] 13/384 games (1629/h, eta 14m)
  [s3-no_rr-IL-nc2-dp2] 14/384 games (1600/h, eta 14m)
  [s3-no_rr-IL-nc2-dp2] 15/384 games (1695/h, eta 13m)
  [s3-no_rr-IL-nc2-dp2] 16/384 games (1635/h, eta 14m)
  [s3-no_rr-IL-nc2-dp2] 17/384 games (1569/h, eta 14m)
  [s3-no_rr-IL-nc2-dp2] 18/384 games (1654/h, eta 13m)
  [s3-no_rr-IL-nc2-dp2] 19/384 games (1703/h, eta 13m)
  [s3-no_rr-IL-nc2-dp2] 20/384 games (1775/h, eta 12m)
  [s3-no_rr-IL-nc2-dp2] 21/384 games (1665/h, eta 13m)
  [s3-no_rr-IL-nc2-dp2] 22/384 games (1727/h, eta 13m)
  [s3-no_rr-IL-nc2-dp2] 23/384 games (1733/h, eta 12m)
  [s3-no_rr-IL-nc2-dp2] 24/384 games (1801/h, eta 12m)
  [s3-no_rr-IL-nc2-dp2] 25/384 games (1865/h, eta 12m)
  [s3-no_rr-IL-nc2-dp2] 26/384 games (1893/h, eta 11m)
  [s3-no_rr-IL-nc2-dp2] 27/384 games (1890/h, eta 11m)
  [s3-no_rr-IL-nc2-dp2] 28/384 games (1890/h, eta 11m)
  [s3-no_rr-IL-nc2-dp2] 29/384 games (1945/h, eta 11m)
  [s3-no_rr-IL-nc2-dp2] 30/384 games (2009/h, eta 11m)
  [s3-no_rr-IL-nc2-dp2] 31/384 games (1941/h, eta 11m)
  [s3-no_rr-IL-nc2-dp2] 32/384 games (1963/h, eta 11m)
  [s3-no_rr-IL-nc2-dp2] 33/384 games (1962/h, eta 11m)
  [s3-no_rr-IL-nc2-dp2] 34/384 games (1935/h, eta 11m)
  [s3-no_rr-IL-nc2-dp2] 35/384 games (1910/h, eta 11m)
  [s3-no_rr-IL-nc2-dp2] 36/384 games (1929/h, eta 11m)
  [s3-no_rr-IL-nc2-dp2] 37/384 games (1921/h, eta 11m)
  [s3-no_rr-IL-nc2-dp2] 38/384 games (1903/h, eta 11m)
  [s3-no_rr-IL-nc2-dp2] 39/384 games (1911/h, eta 11m)
  [s3-no_rr-IL-nc2-dp2] 40/384 games (1928/h, eta 11m)
  [s3-no_rr-IL-nc2-dp2] 41/384 games (1939/h, eta 11m)
  [s3-no_rr-IL-nc2-dp2] 42/384 games (1941/h, eta 11m)
  [s3-no_rr-IL-nc2-dp2] 43/384 games (1908/h, eta 11m)
  [s3-no_rr-IL-nc2-dp2] 44/384 games (1945/h, eta 10m)
  [s3-no_rr-IL-nc2-dp2] 45/384 games (1922/h, eta 11m)
  [s3-no_rr-IL-nc2-dp2] 46/384 games (1914/h, eta 11m)
  [s3-no_rr-IL-nc2-dp2] 47/384 games (1906/h, eta 11m)
  [s3-no_rr-IL-nc2-dp2] 48/384 games (1919/h, eta 11m)
  [s3-no_rr-IL-nc2-dp2] 49/384 games (1895/h, eta 11m)
  [s3-no_rr-IL-nc2-dp2] 50/384 games (1855/h, eta 11m)
  [s3-no_rr-IL-nc2-dp2] 51/384 games (1886/h, eta 11m)
  [s3-no_rr-IL-nc2-dp2] 52/384 games (1871/h, eta 11m)
  [s3-no_rr-IL-nc2-dp2] 53/384 games (1895/h, eta 10m)
  [s3-no_rr-IL-nc2-dp2] 54/384 games (1892/h, eta 10m)
  [s3-no_rr-IL-nc2-dp2] 55/384 games (1903/h, eta 10m)
  [s3-no_rr-IL-nc2-dp2] 56/384 games (1868/h, eta 11m)
  [s3-no_rr-IL-nc2-dp2] 57/384 games (1871/h, eta 10m)
  [s3-no_rr-IL-nc2-dp2] 58/384 games (1887/h, eta 10m)
  [s3-no_rr-IL-nc2-dp2] 59/384 games (1911/h, eta 10m)
  [s3-no_rr-IL-nc2-dp2] 60/384 games (1941/h, eta 10m)
  [s3-no_rr-IL-nc2-dp2] 61/384 games (1973/h, eta 10m)
  [s3-no_rr-IL-nc2-dp2] 62/384 games (2002/h, eta 10m)
  [s3-no_rr-IL-nc2-dp2] 63/384 games (2007/h, eta 10m)
  [s3-no_rr-IL-nc2-dp2] 64/384 games (2000/h, eta 10m)
  [s3-no_rr-IL-nc2-dp2] 65/384 games (2028/h, eta 9m)
  [s3-no_rr-IL-nc2-dp2] 66/384 games (2049/h, eta 9m)
  [s3-no_rr-IL-nc2-dp2] 67/384 games (2062/h, eta 9m)
  [s3-no_rr-IL-nc2-dp2] 68/384 games (2077/h, eta 9m)
  [s3-no_rr-IL-nc2-dp2] 69/384 games (2091/h, eta 9m)
  [s3-no_rr-IL-nc2-dp2] 70/384 games (2102/h, eta 9m)
  [s3-no_rr-IL-nc2-dp2] 71/384 games (2122/h, eta 9m)
  [s3-no_rr-IL-nc2-dp2] 72/384 games (2122/h, eta 9m)
  [s3-no_rr-IL-nc2-dp2] 73/384 games (2129/h, eta 9m)
  [s3-no_rr-IL-nc2-dp2] 74/384 games (2081/h, eta 9m)
  [s3-no_rr-IL-nc2-dp2] 75/384 games (2056/h, eta 9m)
  [s3-no_rr-IL-nc2-dp2] 76/384 games (2058/h, eta 9m)
  [s3-no_rr-IL-nc2-dp2] 77/384 games (2069/h, eta 9m)
  [s3-no_rr-IL-nc2-dp2] 78/384 games (2087/h, eta 9m)
  [s3-no_rr-IL-nc2-dp2] 79/384 games (2032/h, eta 9m)
  [s3-no_rr-IL-nc2-dp2] 80/384 games (2052/h, eta 9m)
  [s3-no_rr-IL-nc2-dp2] 81/384 games (2025/h, eta 9m)
  [s3-no_rr-IL-nc2-dp2] 82/384 games (2032/h, eta 9m)
  [s3-no_rr-IL-nc2-dp2] 83/384 games (2052/h, eta 9m)
  [s3-no_rr-IL-nc2-dp2] 84/384 games (2049/h, eta 9m)
  [s3-no_rr-IL-nc2-dp2] 85/384 games (2062/h, eta 9m)
  [s3-no_rr-IL-nc2-dp2] 86/384 games (2061/h, eta 9m)
  [s3-no_rr-IL-nc2-dp2] 87/384 games (2075/h, eta 9m)
  [s3-no_rr-IL-nc2-dp2] 88/384 games (2042/h, eta 9m)
  [s3-no_rr-IL-nc2-dp2] 89/384 games (2047/h, eta 9m)
  [s3-no_rr-IL-nc2-dp2] 90/384 games (2057/h, eta 9m)
  [s3-no_rr-IL-nc2-dp2] 91/384 games (2070/h, eta 8m)
  [s3-no_rr-IL-nc2-dp2] 92/384 games (2055/h, eta 9m)
  [s3-no_rr-IL-nc2-dp2] 93/384 games (2075/h, eta 8m)
  [s3-no_rr-IL-nc2-dp2] 94/384 games (2080/h, eta 8m)
  [s3-no_rr-IL-nc2-dp2] 95/384 games (2089/h, eta 8m)
  [s3-no_rr-IL-nc2-dp2] 96/384 games (2071/h, eta 8m)
  [s3-no_rr-IL-nc2-dp2] 97/384 games (2085/h, eta 8m)
  [s3-no_rr-IL-nc2-dp2] 98/384 games (2081/h, eta 8m)
  [s3-no_rr-IL-nc2-dp2] 99/384 games (2073/h, eta 8m)
  [s3-no_rr-IL-nc2-dp2] 100/384 games (2064/h, eta 8m)
  [s3-no_rr-IL-nc2-dp2] 101/384 games (2043/h, eta 8m)
  [s3-no_rr-IL-nc2-dp2] 102/384 games (2047/h, eta 8m)
  [s3-no_rr-IL-nc2-dp2] 103/384 games (2038/h, eta 8m)
  [s3-no_rr-IL-nc2-dp2] 104/384 games (2048/h, eta 8m)
  [s3-no_rr-IL-nc2-dp2] 105/384 games (2034/h, eta 8m)
  [s3-no_rr-IL-nc2-dp2] 106/384 games (2037/h, eta 8m)
  [s3-no_rr-IL-nc2-dp2] 107/384 games (2049/h, eta 8m)
  [s3-no_rr-IL-nc2-dp2] 108/384 games (2053/h, eta 8m)
  [s3-no_rr-IL-nc2-dp2] 109/384 games (2069/h, eta 8m)
  [s3-no_rr-IL-nc2-dp2] 110/384 games (2088/h, eta 8m)
  [s3-no_rr-IL-nc2-dp2] 111/384 games (2090/h, eta 8m)
  [s3-no_rr-IL-nc2-dp2] 112/384 games (2105/h, eta 8m)
  [s3-no_rr-IL-nc2-dp2] 113/384 games (2085/h, eta 8m)
  [s3-no_rr-IL-nc2-dp2] 114/384 games (2092/h, eta 8m)
  [s3-no_rr-IL-nc2-dp2] 115/384 games (2110/h, eta 8m)
  [s3-no_rr-IL-nc2-dp2] 116/384 games (2123/h, eta 8m)
  [s3-no_rr-IL-nc2-dp2] 117/384 games (2133/h, eta 8m)
  [s3-no_rr-IL-nc2-dp2] 118/384 games (2103/h, eta 8m)
  [s3-no_rr-IL-nc2-dp2] 119/384 games (2098/h, eta 8m)
  [s3-no_rr-IL-nc2-dp2] 120/384 games (2087/h, eta 8m)
  [s3-no_rr-IL-nc2-dp2] 121/384 games (2084/h, eta 8m)
  [s3-no_rr-IL-nc2-dp2] 122/384 games (2094/h, eta 8m)
  [s3-no_rr-IL-nc2-dp2] 123/384 games (2100/h, eta 7m)
  [s3-no_rr-IL-nc2-dp2] 124/384 games (2095/h, eta 7m)
  [s3-no_rr-IL-nc2-dp2] 125/384 games (2093/h, eta 7m)
  [s3-no_rr-IL-nc2-dp2] 126/384 games (2074/h, eta 7m)
  [s3-no_rr-IL-nc2-dp2] 127/384 games (2078/h, eta 7m)
  [s3-no_rr-IL-nc2-dp2] 128/384 games (2075/h, eta 7m)
  [s3-no_rr-IL-nc2-dp2] 129/384 games (2069/h, eta 7m)
  [s3-no_rr-IL-nc2-dp2] 130/384 games (2063/h, eta 7m)
  [s3-no_rr-IL-nc2-dp2] 131/384 games (2074/h, eta 7m)
  [s3-no_rr-IL-nc2-dp2] 132/384 games (2080/h, eta 7m)
  [s3-no_rr-IL-nc2-dp2] 133/384 games (2072/h, eta 7m)
  [s3-no_rr-IL-nc2-dp2] 134/384 games (2084/h, eta 7m)
  [s3-no_rr-IL-nc2-dp2] 135/384 games (2049/h, eta 7m)
  [s3-no_rr-IL-nc2-dp2] 136/384 games (2060/h, eta 7m)
  [s3-no_rr-IL-nc2-dp2] 137/384 games (2063/h, eta 7m)
  [s3-no_rr-IL-nc2-dp2] 138/384 games (2057/h, eta 7m)
  [s3-no_rr-IL-nc2-dp2] 139/384 games (2071/h, eta 7m)
  [s3-no_rr-IL-nc2-dp2] 140/384 games (2079/h, eta 7m)
  [s3-no_rr-IL-nc2-dp2] 141/384 games (2086/h, eta 7m)
  [s3-no_rr-IL-nc2-dp2] 142/384 games (2100/h, eta 7m)
  [s3-no_rr-IL-nc2-dp2] 143/384 games (2107/h, eta 7m)
  [s3-no_rr-IL-nc2-dp2] 144/384 games (2075/h, eta 7m)
  [s3-no_rr-IL-nc2-dp2] 145/384 games (2071/h, eta 7m)
  [s3-no_rr-IL-nc2-dp2] 146/384 games (2060/h, eta 7m)
  [s3-no_rr-IL-nc2-dp2] 147/384 games (2035/h, eta 7m)
  [s3-no_rr-IL-nc2-dp2] 148/384 games (2037/h, eta 7m)
  [s3-no_rr-IL-nc2-dp2] 149/384 games (2049/h, eta 7m)
  [s3-no_rr-IL-nc2-dp2] 150/384 games (2055/h, eta 7m)
  [s3-no_rr-IL-nc2-dp2] 151/384 games (2058/h, eta 7m)
  [s3-no_rr-IL-nc2-dp2] 152/384 games (2043/h, eta 7m)
  [s3-no_rr-IL-nc2-dp2] 153/384 games (2046/h, eta 7m)
  [s3-no_rr-IL-nc2-dp2] 154/384 games (2033/h, eta 7m)
  [s3-no_rr-IL-nc2-dp2] 155/384 games (2038/h, eta 7m)
  [s3-no_rr-IL-nc2-dp2] 156/384 games (2048/h, eta 7m)
  [s3-no_rr-IL-nc2-dp2] 157/384 games (2057/h, eta 7m)
  [s3-no_rr-IL-nc2-dp2] 158/384 games (2067/h, eta 7m)
  [s3-no_rr-IL-nc2-dp2] 159/384 games (2073/h, eta 7m)
  [s3-no_rr-IL-nc2-dp2] 160/384 games (2083/h, eta 6m)
  [s3-no_rr-IL-nc2-dp2] 161/384 games (2081/h, eta 6m)
  [s3-no_rr-IL-nc2-dp2] 162/384 games (2087/h, eta 6m)
  [s3-no_rr-IL-nc2-dp2] 163/384 games (2070/h, eta 6m)
  [s3-no_rr-IL-nc2-dp2] 164/384 games (2071/h, eta 6m)
  [s3-no_rr-IL-nc2-dp2] 165/384 games (2075/h, eta 6m)
  [s3-no_rr-IL-nc2-dp2] 166/384 games (2067/h, eta 6m)
  [s3-no_rr-IL-nc2-dp2] 167/384 games (2069/h, eta 6m)
  [s3-no_rr-IL-nc2-dp2] 168/384 games (2065/h, eta 6m)
  [s3-no_rr-IL-nc2-dp2] 169/384 games (2056/h, eta 6m)
  [s3-no_rr-IL-nc2-dp2] 170/384 games (2064/h, eta 6m)
  [s3-no_rr-IL-nc2-dp2] 171/384 games (2068/h, eta 6m)
  [s3-no_rr-IL-nc2-dp2] 172/384 games (2048/h, eta 6m)
  [s3-no_rr-IL-nc2-dp2] 173/384 games (2058/h, eta 6m)
  [s3-no_rr-IL-nc2-dp2] 174/384 games (2054/h, eta 6m)
  [s3-no_rr-IL-nc2-dp2] 175/384 games (2053/h, eta 6m)
  [s3-no_rr-IL-nc2-dp2] 176/384 games (2057/h, eta 6m)
  [s3-no_rr-IL-nc2-dp2] 177/384 games (2060/h, eta 6m)
  [s3-no_rr-IL-nc2-dp2] 178/384 games (2070/h, eta 6m)
  [s3-no_rr-IL-nc2-dp2] 179/384 games (2081/h, eta 6m)
  [s3-no_rr-IL-nc2-dp2] 180/384 games (2052/h, eta 6m)
  [s3-no_rr-IL-nc2-dp2] 181/384 games (2044/h, eta 6m)
  [s3-no_rr-IL-nc2-dp2] 182/384 games (2044/h, eta 6m)
  [s3-no_rr-IL-nc2-dp2] 183/384 games (2049/h, eta 6m)
  [s3-no_rr-IL-nc2-dp2] 184/384 games (2045/h, eta 6m)
  [s3-no_rr-IL-nc2-dp2] 185/384 games (2054/h, eta 6m)
  [s3-no_rr-IL-nc2-dp2] 186/384 games (2056/h, eta 6m)
  [s3-no_rr-IL-nc2-dp2] 187/384 games (2066/h, eta 6m)
  [s3-no_rr-IL-nc2-dp2] 188/384 games (2074/h, eta 6m)
  [s3-no_rr-IL-nc2-dp2] 189/384 games (2084/h, eta 6m)
  [s3-no_rr-IL-nc2-dp2] 190/384 games (2043/h, eta 6m)
  [s3-no_rr-IL-nc2-dp2] 191/384 games (2027/h, eta 6m)
  [s3-no_rr-IL-nc2-dp2] 192/384 games (2034/h, eta 6m)
  [s3-no_rr-IL-nc2-dp2] 193/384 games (2025/h, eta 6m)
  [s3-no_rr-IL-nc2-dp2] 194/384 games (2019/h, eta 6m)
  [s3-no_rr-IL-nc2-dp2] 195/384 games (2027/h, eta 6m)
  [s3-no_rr-IL-nc2-dp2] 196/384 games (2037/h, eta 6m)
  [s3-no_rr-IL-nc2-dp2] 197/384 games (2047/h, eta 5m)
  [s3-no_rr-IL-nc2-dp2] 198/384 games (2055/h, eta 5m)
  [s3-no_rr-IL-nc2-dp2] 199/384 games (2045/h, eta 5m)
  [s3-no_rr-IL-nc2-dp2] 200/384 games (2052/h, eta 5m)
  [s3-no_rr-IL-nc2-dp2] 201/384 games (2053/h, eta 5m)
  [s3-no_rr-IL-nc2-dp2] 202/384 games (2054/h, eta 5m)
  [s3-no_rr-IL-nc2-dp2] 203/384 games (2062/h, eta 5m)
  [s3-no_rr-IL-nc2-dp2] 204/384 games (2064/h, eta 5m)
  [s3-no_rr-IL-nc2-dp2] 205/384 games (2071/h, eta 5m)
  [s3-no_rr-IL-nc2-dp2] 206/384 games (2075/h, eta 5m)
  [s3-no_rr-IL-nc2-dp2] 207/384 games (2070/h, eta 5m)
  [s3-no_rr-IL-nc2-dp2] 208/384 games (2074/h, eta 5m)
  [s3-no_rr-IL-nc2-dp2] 209/384 games (2076/h, eta 5m)
  [s3-no_rr-IL-nc2-dp2] 210/384 games (2083/h, eta 5m)
  [s3-no_rr-IL-nc2-dp2] 211/384 games (2088/h, eta 5m)
  [s3-no_rr-IL-nc2-dp2] 212/384 games (2094/h, eta 5m)
  [s3-no_rr-IL-nc2-dp2] 213/384 games (2090/h, eta 5m)
  [s3-no_rr-IL-nc2-dp2] 214/384 games (2079/h, eta 5m)
  [s3-no_rr-IL-nc2-dp2] 215/384 games (2080/h, eta 5m)
  [s3-no_rr-IL-nc2-dp2] 216/384 games (2065/h, eta 5m)
  [s3-no_rr-IL-nc2-dp2] 217/384 games (2062/h, eta 5m)
  [s3-no_rr-IL-nc2-dp2] 218/384 games (2060/h, eta 5m)
  [s3-no_rr-IL-nc2-dp2] 219/384 games (2068/h, eta 5m)
  [s3-no_rr-IL-nc2-dp2] 220/384 games (2073/h, eta 5m)
  [s3-no_rr-IL-nc2-dp2] 221/384 games (2074/h, eta 5m)
  [s3-no_rr-IL-nc2-dp2] 222/384 games (2081/h, eta 5m)
  [s3-no_rr-IL-nc2-dp2] 223/384 games (2081/h, eta 5m)
  [s3-no_rr-IL-nc2-dp2] 224/384 games (2062/h, eta 5m)
  [s3-no_rr-IL-nc2-dp2] 225/384 games (2070/h, eta 5m)
  [s3-no_rr-IL-nc2-dp2] 226/384 games (2069/h, eta 5m)
  [s3-no_rr-IL-nc2-dp2] 227/384 games (2076/h, eta 5m)
  [s3-no_rr-IL-nc2-dp2] 228/384 games (2071/h, eta 5m)
  [s3-no_rr-IL-nc2-dp2] 229/384 games (2073/h, eta 4m)
  [s3-no_rr-IL-nc2-dp2] 230/384 games (2081/h, eta 4m)
  [s3-no_rr-IL-nc2-dp2] 231/384 games (2082/h, eta 4m)
  [s3-no_rr-IL-nc2-dp2] 232/384 games (2059/h, eta 4m)
  [s3-no_rr-IL-nc2-dp2] 233/384 games (2061/h, eta 4m)
  [s3-no_rr-IL-nc2-dp2] 234/384 games (2056/h, eta 4m)
  [s3-no_rr-IL-nc2-dp2] 235/384 games (2062/h, eta 4m)
  [s3-no_rr-IL-nc2-dp2] 236/384 games (2065/h, eta 4m)
  [s3-no_rr-IL-nc2-dp2] 237/384 games (2068/h, eta 4m)
  [s3-no_rr-IL-nc2-dp2] 238/384 games (2070/h, eta 4m)
  [s3-no_rr-IL-nc2-dp2] 239/384 games (2061/h, eta 4m)
  [s3-no_rr-IL-nc2-dp2] 240/384 games (2064/h, eta 4m)
  [s3-no_rr-IL-nc2-dp2] 241/384 games (2063/h, eta 4m)
  [s3-no_rr-IL-nc2-dp2] 242/384 games (2064/h, eta 4m)
  [s3-no_rr-IL-nc2-dp2] 243/384 games (2069/h, eta 4m)
  [s3-no_rr-IL-nc2-dp2] 244/384 games (2076/h, eta 4m)
  [s3-no_rr-IL-nc2-dp2] 245/384 games (2079/h, eta 4m)
  [s3-no_rr-IL-nc2-dp2] 246/384 games (2061/h, eta 4m)
  [s3-no_rr-IL-nc2-dp2] 247/384 games (2055/h, eta 4m)
  [s3-no_rr-IL-nc2-dp2] 248/384 games (2050/h, eta 4m)
  [s3-no_rr-IL-nc2-dp2] 249/384 games (2057/h, eta 4m)
  [s3-no_rr-IL-nc2-dp2] 250/384 games (2063/h, eta 4m)
  [s3-no_rr-IL-nc2-dp2] 251/384 games (2068/h, eta 4m)
  [s3-no_rr-IL-nc2-dp2] 252/384 games (2062/h, eta 4m)
  [s3-no_rr-IL-nc2-dp2] 253/384 games (2065/h, eta 4m)
  [s3-no_rr-IL-nc2-dp2] 254/384 games (2072/h, eta 4m)
  [s3-no_rr-IL-nc2-dp2] 255/384 games (2080/h, eta 4m)
  [s3-no_rr-IL-nc2-dp2] 256/384 games (2084/h, eta 4m)
  [s3-no_rr-IL-nc2-dp2] 257/384 games (2060/h, eta 4m)
  [s3-no_rr-IL-nc2-dp2] 258/384 games (2057/h, eta 4m)
  [s3-no_rr-IL-nc2-dp2] 259/384 games (2060/h, eta 4m)
  [s3-no_rr-IL-nc2-dp2] 260/384 games (2046/h, eta 4m)
  [s3-no_rr-IL-nc2-dp2] 261/384 games (2046/h, eta 4m)
  [s3-no_rr-IL-nc2-dp2] 262/384 games (2051/h, eta 4m)
  [s3-no_rr-IL-nc2-dp2] 263/384 games (2059/h, eta 4m)
  [s3-no_rr-IL-nc2-dp2] 264/384 games (2065/h, eta 3m)
  [s3-no_rr-IL-nc2-dp2] 265/384 games (2073/h, eta 3m)
  [s3-no_rr-IL-nc2-dp2] 266/384 games (2074/h, eta 3m)
  [s3-no_rr-IL-nc2-dp2] 267/384 games (2079/h, eta 3m)
  [s3-no_rr-IL-nc2-dp2] 268/384 games (2065/h, eta 3m)
  [s3-no_rr-IL-nc2-dp2] 269/384 games (2057/h, eta 3m)
  [s3-no_rr-IL-nc2-dp2] 270/384 games (2051/h, eta 3m)
  [s3-no_rr-IL-nc2-dp2] 271/384 games (2058/h, eta 3m)
  [s3-no_rr-IL-nc2-dp2] 272/384 games (2032/h, eta 3m)
  [s3-no_rr-IL-nc2-dp2] 273/384 games (2039/h, eta 3m)
  [s3-no_rr-IL-nc2-dp2] 274/384 games (2045/h, eta 3m)
  [s3-no_rr-IL-nc2-dp2] 275/384 games (2043/h, eta 3m)
  [s3-no_rr-IL-nc2-dp2] 276/384 games (2035/h, eta 3m)
  [s3-no_rr-IL-nc2-dp2] 277/384 games (2039/h, eta 3m)
  [s3-no_rr-IL-nc2-dp2] 278/384 games (2042/h, eta 3m)
  [s3-no_rr-IL-nc2-dp2] 279/384 games (2045/h, eta 3m)
  [s3-no_rr-IL-nc2-dp2] 280/384 games (2051/h, eta 3m)
  [s3-no_rr-IL-nc2-dp2] 281/384 games (2045/h, eta 3m)
  [s3-no_rr-IL-nc2-dp2] 282/384 games (2044/h, eta 3m)
  [s3-no_rr-IL-nc2-dp2] 283/384 games (2045/h, eta 3m)
  [s3-no_rr-IL-nc2-dp2] 284/384 games (2025/h, eta 3m)
  [s3-no_rr-IL-nc2-dp2] 285/384 games (2031/h, eta 3m)
  [s3-no_rr-IL-nc2-dp2] 286/384 games (2028/h, eta 3m)
  [s3-no_rr-IL-nc2-dp2] 287/384 games (2027/h, eta 3m)
  [s3-no_rr-IL-nc2-dp2] 288/384 games (2030/h, eta 3m)
  [s3-no_rr-IL-nc2-dp2] 289/384 games (2035/h, eta 3m)
  [s3-no_rr-IL-nc2-dp2] 290/384 games (2038/h, eta 3m)
  [s3-no_rr-IL-nc2-dp2] 291/384 games (2045/h, eta 3m)
  [s3-no_rr-IL-nc2-dp2] 292/384 games (2044/h, eta 3m)
  [s3-no_rr-IL-nc2-dp2] 293/384 games (2041/h, eta 3m)
  [s3-no_rr-IL-nc2-dp2] 294/384 games (2044/h, eta 3m)
  [s3-no_rr-IL-nc2-dp2] 295/384 games (2049/h, eta 3m)
  [s3-no_rr-IL-nc2-dp2] 296/384 games (2037/h, eta 3m)
  [s3-no_rr-IL-nc2-dp2] 297/384 games (2027/h, eta 3m)
  [s3-no_rr-IL-nc2-dp2] 298/384 games (2029/h, eta 3m)
  [s3-no_rr-IL-nc2-dp2] 299/384 games (2018/h, eta 3m)
  [s3-no_rr-IL-nc2-dp2] 300/384 games (2022/h, eta 2m)
  [s3-no_rr-IL-nc2-dp2] 301/384 games (2024/h, eta 2m)
  [s3-no_rr-IL-nc2-dp2] 302/384 games (2028/h, eta 2m)
  [s3-no_rr-IL-nc2-dp2] 303/384 games (2015/h, eta 2m)
  [s3-no_rr-IL-nc2-dp2] 304/384 games (2019/h, eta 2m)
  [s3-no_rr-IL-nc2-dp2] 305/384 games (2024/h, eta 2m)
  [s3-no_rr-IL-nc2-dp2] 306/384 games (2028/h, eta 2m)
  [s3-no_rr-IL-nc2-dp2] 307/384 games (2026/h, eta 2m)
  [s3-no_rr-IL-nc2-dp2] 308/384 games (2015/h, eta 2m)
  [s3-no_rr-IL-nc2-dp2] 309/384 games (2011/h, eta 2m)
  [s3-no_rr-IL-nc2-dp2] 310/384 games (2005/h, eta 2m)
  [s3-no_rr-IL-nc2-dp2] 311/384 games (2009/h, eta 2m)
  [s3-no_rr-IL-nc2-dp2] 312/384 games (2011/h, eta 2m)
  [s3-no_rr-IL-nc2-dp2] 313/384 games (2017/h, eta 2m)
  [s3-no_rr-IL-nc2-dp2] 314/384 games (2022/h, eta 2m)
  [s3-no_rr-IL-nc2-dp2] 315/384 games (2029/h, eta 2m)
  [s3-no_rr-IL-nc2-dp2] 316/384 games (2032/h, eta 2m)
  [s3-no_rr-IL-nc2-dp2] 317/384 games (2038/h, eta 2m)
  [s3-no_rr-IL-nc2-dp2] 318/384 games (2041/h, eta 2m)
  [s3-no_rr-IL-nc2-dp2] 319/384 games (2038/h, eta 2m)
  [s3-no_rr-IL-nc2-dp2] 320/384 games (2040/h, eta 2m)
  [s3-no_rr-IL-nc2-dp2] 321/384 games (2046/h, eta 2m)
  [s3-no_rr-IL-nc2-dp2] 322/384 games (2050/h, eta 2m)
  [s3-no_rr-IL-nc2-dp2] 323/384 games (2045/h, eta 2m)
  [s3-no_rr-IL-nc2-dp2] 324/384 games (2046/h, eta 2m)
  [s3-no_rr-IL-nc2-dp2] 325/384 games (2042/h, eta 2m)
  [s3-no_rr-IL-nc2-dp2] 326/384 games (2046/h, eta 2m)
  [s3-no_rr-IL-nc2-dp2] 327/384 games (2049/h, eta 2m)
  [s3-no_rr-IL-nc2-dp2] 328/384 games (2052/h, eta 2m)
  [s3-no_rr-IL-nc2-dp2] 329/384 games (2050/h, eta 2m)
  [s3-no_rr-IL-nc2-dp2] 330/384 games (2049/h, eta 2m)
  [s3-no_rr-IL-nc2-dp2] 331/384 games (2048/h, eta 2m)
  [s3-no_rr-IL-nc2-dp2] 332/384 games (2054/h, eta 2m)
  [s3-no_rr-IL-nc2-dp2] 333/384 games (2057/h, eta 1m)
  [s3-no_rr-IL-nc2-dp2] 334/384 games (2060/h, eta 1m)
  [s3-no_rr-IL-nc2-dp2] 335/384 games (2059/h, eta 1m)
  [s3-no_rr-IL-nc2-dp2] 336/384 games (2053/h, eta 1m)
  [s3-no_rr-IL-nc2-dp2] 337/384 games (2057/h, eta 1m)
  [s3-no_rr-IL-nc2-dp2] 338/384 games (2057/h, eta 1m)
  [s3-no_rr-IL-nc2-dp2] 339/384 games (2055/h, eta 1m)
  [s3-no_rr-IL-nc2-dp2] 340/384 games (2059/h, eta 1m)
  [s3-no_rr-IL-nc2-dp2] 341/384 games (2056/h, eta 1m)
  [s3-no_rr-IL-nc2-dp2] 342/384 games (2052/h, eta 1m)
  [s3-no_rr-IL-nc2-dp2] 343/384 games (2043/h, eta 1m)
  [s3-no_rr-IL-nc2-dp2] 344/384 games (2047/h, eta 1m)
  [s3-no_rr-IL-nc2-dp2] 345/384 games (2049/h, eta 1m)
  [s3-no_rr-IL-nc2-dp2] 346/384 games (2044/h, eta 1m)
  [s3-no_rr-IL-nc2-dp2] 347/384 games (2050/h, eta 1m)
  [s3-no_rr-IL-nc2-dp2] 348/384 games (2053/h, eta 1m)
  [s3-no_rr-IL-nc2-dp2] 349/384 games (2052/h, eta 1m)
  [s3-no_rr-IL-nc2-dp2] 350/384 games (2048/h, eta 1m)
  [s3-no_rr-IL-nc2-dp2] 351/384 games (2050/h, eta 1m)
  [s3-no_rr-IL-nc2-dp2] 352/384 games (2051/h, eta 1m)
  [s3-no_rr-IL-nc2-dp2] 353/384 games (2056/h, eta 1m)
  [s3-no_rr-IL-nc2-dp2] 354/384 games (2060/h, eta 1m)
  [s3-no_rr-IL-nc2-dp2] 355/384 games (2059/h, eta 1m)
  [s3-no_rr-IL-nc2-dp2] 356/384 games (2059/h, eta 1m)
  [s3-no_rr-IL-nc2-dp2] 357/384 games (2056/h, eta 1m)
  [s3-no_rr-IL-nc2-dp2] 358/384 games (2055/h, eta 1m)
  [s3-no_rr-IL-nc2-dp2] 359/384 games (2058/h, eta 1m)
  [s3-no_rr-IL-nc2-dp2] 360/384 games (2053/h, eta 1m)
  [s3-no_rr-IL-nc2-dp2] 361/384 games (2058/h, eta 1m)
  [s3-no_rr-IL-nc2-dp2] 362/384 games (2061/h, eta 1m)
  [s3-no_rr-IL-nc2-dp2] 363/384 games (2048/h, eta 1m)
  [s3-no_rr-IL-nc2-dp2] 364/384 games (2052/h, eta 1m)
  [s3-no_rr-IL-nc2-dp2] 365/384 games (2054/h, eta 1m)
  [s3-no_rr-IL-nc2-dp2] 366/384 games (2056/h, eta 1m)
  [s3-no_rr-IL-nc2-dp2] 367/384 games (2059/h, eta 0m)
  [s3-no_rr-IL-nc2-dp2] 368/384 games (2064/h, eta 0m)
  [s3-no_rr-IL-nc2-dp2] 369/384 games (2069/h, eta 0m)
  [s3-no_rr-IL-nc2-dp2] 370/384 games (2072/h, eta 0m)
  [s3-no_rr-IL-nc2-dp2] 371/384 games (2078/h, eta 0m)
  [s3-no_rr-IL-nc2-dp2] 372/384 games (2072/h, eta 0m)
  [s3-no_rr-IL-nc2-dp2] 373/384 games (2077/h, eta 0m)
  [s3-no_rr-IL-nc2-dp2] 374/384 games (2078/h, eta 0m)
  [s3-no_rr-IL-nc2-dp2] 375/384 games (2072/h, eta 0m)
  [s3-no_rr-IL-nc2-dp2] 376/384 games (2074/h, eta 0m)
  [s3-no_rr-IL-nc2-dp2] 377/384 games (2074/h, eta 0m)
  [s3-no_rr-IL-nc2-dp2] 378/384 games (2079/h, eta 0m)
  [s3-no_rr-IL-nc2-dp2] 379/384 games (2081/h, eta 0m)
  [s3-no_rr-IL-nc2-dp2] 380/384 games (2070/h, eta 0m)
  [s3-no_rr-IL-nc2-dp2] 381/384 games (2056/h, eta 0m)
  [s3-no_rr-IL-nc2-dp2] 382/384 games (2057/h, eta 0m)
  [s3-no_rr-IL-nc2-dp2] 383/384 games (2059/h, eta 0m)
  [s3-no_rr-IL-nc2-dp2] 384/384 games (2060/h, eta 0m)
== s3-no_nn-IL-nc2 -> experiments/results/perturbation/s3-no_nn-IL-nc2.jsonl
  [s3-no_nn-IL-nc2] 1/384 games (804/h, eta 29m)
  [s3-no_nn-IL-nc2] 2/384 games (1103/h, eta 21m)
  [s3-no_nn-IL-nc2] 3/384 games (1127/h, eta 20m)
  [s3-no_nn-IL-nc2] 4/384 games (1292/h, eta 18m)
  [s3-no_nn-IL-nc2] 5/384 games (1343/h, eta 17m)
  [s3-no_nn-IL-nc2] 6/384 games (1591/h, eta 14m)
  [s3-no_nn-IL-nc2] 7/384 games (1816/h, eta 12m)
  [s3-no_nn-IL-nc2] 8/384 games (1975/h, eta 11m)
  [s3-no_nn-IL-nc2] 9/384 games (2006/h, eta 11m)
  [s3-no_nn-IL-nc2] 10/384 games (1690/h, eta 13m)
  [s3-no_nn-IL-nc2] 11/384 games (1813/h, eta 12m)
  [s3-no_nn-IL-nc2] 12/384 games (1916/h, eta 12m)
  [s3-no_nn-IL-nc2] 13/384 games (1997/h, eta 11m)
  [s3-no_nn-IL-nc2] 14/384 games (1954/h, eta 11m)
  [s3-no_nn-IL-nc2] 15/384 games (1901/h, eta 12m)
  [s3-no_nn-IL-nc2] 16/384 games (1988/h, eta 11m)
  [s3-no_nn-IL-nc2] 17/384 games (2102/h, eta 10m)
  [s3-no_nn-IL-nc2] 18/384 games (2047/h, eta 11m)
  [s3-no_nn-IL-nc2] 19/384 games (2117/h, eta 10m)
  [s3-no_nn-IL-nc2] 20/384 games (2219/h, eta 10m)
  [s3-no_nn-IL-nc2] 21/384 games (2222/h, eta 10m)
  [s3-no_nn-IL-nc2] 22/384 games (2295/h, eta 9m)
  [s3-no_nn-IL-nc2] 23/384 games (2382/h, eta 9m)
  [s3-no_nn-IL-nc2] 24/384 games (2336/h, eta 9m)
  [s3-no_nn-IL-nc2] 25/384 games (2385/h, eta 9m)
  [s3-no_nn-IL-nc2] 26/384 games (2414/h, eta 9m)
  [s3-no_nn-IL-nc2] 27/384 games (2467/h, eta 9m)
  [s3-no_nn-IL-nc2] 28/384 games (2446/h, eta 9m)
  [s3-no_nn-IL-nc2] 29/384 games (2282/h, eta 9m)
  [s3-no_nn-IL-nc2] 30/384 games (2350/h, eta 9m)
  [s3-no_nn-IL-nc2] 31/384 games (2217/h, eta 10m)
  [s3-no_nn-IL-nc2] 32/384 games (2192/h, eta 10m)
  [s3-no_nn-IL-nc2] 33/384 games (2243/h, eta 9m)
  [s3-no_nn-IL-nc2] 34/384 games (2303/h, eta 9m)
  [s3-no_nn-IL-nc2] 35/384 games (2351/h, eta 9m)
  [s3-no_nn-IL-nc2] 36/384 games (2378/h, eta 9m)
  [s3-no_nn-IL-nc2] 37/384 games (2329/h, eta 9m)
  [s3-no_nn-IL-nc2] 38/384 games (2373/h, eta 9m)
  [s3-no_nn-IL-nc2] 39/384 games (2343/h, eta 9m)
  [s3-no_nn-IL-nc2] 40/384 games (2360/h, eta 9m)
  [s3-no_nn-IL-nc2] 41/384 games (2402/h, eta 9m)
  [s3-no_nn-IL-nc2] 42/384 games (2443/h, eta 8m)
  [s3-no_nn-IL-nc2] 43/384 games (2436/h, eta 8m)
  [s3-no_nn-IL-nc2] 44/384 games (2448/h, eta 8m)
  [s3-no_nn-IL-nc2] 45/384 games (2458/h, eta 8m)
  [s3-no_nn-IL-nc2] 46/384 games (2499/h, eta 8m)
  [s3-no_nn-IL-nc2] 47/384 games (2486/h, eta 8m)
  [s3-no_nn-IL-nc2] 48/384 games (2519/h, eta 8m)
  [s3-no_nn-IL-nc2] 49/384 games (2508/h, eta 8m)
  [s3-no_nn-IL-nc2] 50/384 games (2520/h, eta 8m)
  [s3-no_nn-IL-nc2] 51/384 games (2548/h, eta 8m)
  [s3-no_nn-IL-nc2] 52/384 games (2596/h, eta 8m)
  [s3-no_nn-IL-nc2] 53/384 games (2636/h, eta 8m)
  [s3-no_nn-IL-nc2] 54/384 games (2672/h, eta 7m)
  [s3-no_nn-IL-nc2] 55/384 games (2713/h, eta 7m)
  [s3-no_nn-IL-nc2] 56/384 games (2736/h, eta 7m)
  [s3-no_nn-IL-nc2] 57/384 games (2692/h, eta 7m)
  [s3-no_nn-IL-nc2] 58/384 games (2732/h, eta 7m)
  [s3-no_nn-IL-nc2] 59/384 games (2764/h, eta 7m)
  [s3-no_nn-IL-nc2] 60/384 games (2751/h, eta 7m)
  [s3-no_nn-IL-nc2] 61/384 games (2779/h, eta 7m)
  [s3-no_nn-IL-nc2] 62/384 games (2789/h, eta 7m)
  [s3-no_nn-IL-nc2] 63/384 games (2754/h, eta 7m)
  [s3-no_nn-IL-nc2] 64/384 games (2797/h, eta 7m)
  [s3-no_nn-IL-nc2] 65/384 games (2659/h, eta 7m)
  [s3-no_nn-IL-nc2] 66/384 games (2656/h, eta 7m)
  [s3-no_nn-IL-nc2] 67/384 games (2664/h, eta 7m)
  [s3-no_nn-IL-nc2] 68/384 games (2682/h, eta 7m)
  [s3-no_nn-IL-nc2] 69/384 games (2714/h, eta 7m)
  [s3-no_nn-IL-nc2] 70/384 games (2661/h, eta 7m)
  [s3-no_nn-IL-nc2] 71/384 games (2670/h, eta 7m)
  [s3-no_nn-IL-nc2] 72/384 games (2639/h, eta 7m)
  [s3-no_nn-IL-nc2] 73/384 games (2665/h, eta 7m)
  [s3-no_nn-IL-nc2] 74/384 games (2693/h, eta 7m)
  [s3-no_nn-IL-nc2] 75/384 games (2652/h, eta 7m)
  [s3-no_nn-IL-nc2] 76/384 games (2686/h, eta 7m)
  [s3-no_nn-IL-nc2] 77/384 games (2704/h, eta 7m)
  [s3-no_nn-IL-nc2] 78/384 games (2711/h, eta 7m)
  [s3-no_nn-IL-nc2] 79/384 games (2685/h, eta 7m)
  [s3-no_nn-IL-nc2] 80/384 games (2713/h, eta 7m)
  [s3-no_nn-IL-nc2] 81/384 games (2668/h, eta 7m)
  [s3-no_nn-IL-nc2] 82/384 games (2685/h, eta 7m)
  [s3-no_nn-IL-nc2] 83/384 games (2714/h, eta 7m)
  [s3-no_nn-IL-nc2] 84/384 games (2731/h, eta 7m)
  [s3-no_nn-IL-nc2] 85/384 games (2747/h, eta 7m)
  [s3-no_nn-IL-nc2] 86/384 games (2773/h, eta 6m)
  [s3-no_nn-IL-nc2] 87/384 games (2776/h, eta 6m)
  [s3-no_nn-IL-nc2] 88/384 games (2759/h, eta 6m)
  [s3-no_nn-IL-nc2] 89/384 games (2753/h, eta 6m)
  [s3-no_nn-IL-nc2] 90/384 games (2715/h, eta 6m)
  [s3-no_nn-IL-nc2] 91/384 games (2723/h, eta 6m)
  [s3-no_nn-IL-nc2] 92/384 games (2743/h, eta 6m)
  [s3-no_nn-IL-nc2] 93/384 games (2768/h, eta 6m)
  [s3-no_nn-IL-nc2] 94/384 games (2751/h, eta 6m)
  [s3-no_nn-IL-nc2] 95/384 games (2766/h, eta 6m)
  [s3-no_nn-IL-nc2] 96/384 games (2771/h, eta 6m)
  [s3-no_nn-IL-nc2] 97/384 games (2797/h, eta 6m)
  [s3-no_nn-IL-nc2] 98/384 games (2756/h, eta 6m)
  [s3-no_nn-IL-nc2] 99/384 games (2747/h, eta 6m)
  [s3-no_nn-IL-nc2] 100/384 games (2770/h, eta 6m)
  [s3-no_nn-IL-nc2] 101/384 games (2794/h, eta 6m)
  [s3-no_nn-IL-nc2] 102/384 games (2808/h, eta 6m)
  [s3-no_nn-IL-nc2] 103/384 games (2829/h, eta 6m)
  [s3-no_nn-IL-nc2] 104/384 games (2848/h, eta 6m)
  [s3-no_nn-IL-nc2] 105/384 games (2829/h, eta 6m)
  [s3-no_nn-IL-nc2] 106/384 games (2810/h, eta 6m)
  [s3-no_nn-IL-nc2] 107/384 games (2832/h, eta 6m)
  [s3-no_nn-IL-nc2] 108/384 games (2858/h, eta 6m)
  [s3-no_nn-IL-nc2] 109/384 games (2876/h, eta 6m)
  [s3-no_nn-IL-nc2] 110/384 games (2891/h, eta 6m)
  [s3-no_nn-IL-nc2] 111/384 games (2902/h, eta 6m)
  [s3-no_nn-IL-nc2] 112/384 games (2923/h, eta 6m)
  [s3-no_nn-IL-nc2] 113/384 games (2937/h, eta 6m)
  [s3-no_nn-IL-nc2] 114/384 games (2922/h, eta 6m)
  [s3-no_nn-IL-nc2] 115/384 games (2900/h, eta 6m)
  [s3-no_nn-IL-nc2] 116/384 games (2903/h, eta 6m)
  [s3-no_nn-IL-nc2] 117/384 games (2872/h, eta 6m)
  [s3-no_nn-IL-nc2] 118/384 games (2887/h, eta 6m)
  [s3-no_nn-IL-nc2] 119/384 games (2891/h, eta 5m)
  [s3-no_nn-IL-nc2] 120/384 games (2856/h, eta 6m)
  [s3-no_nn-IL-nc2] 121/384 games (2872/h, eta 5m)
  [s3-no_nn-IL-nc2] 122/384 games (2889/h, eta 5m)
  [s3-no_nn-IL-nc2] 123/384 games (2898/h, eta 5m)
  [s3-no_nn-IL-nc2] 124/384 games (2913/h, eta 5m)
  [s3-no_nn-IL-nc2] 125/384 games (2928/h, eta 5m)
  [s3-no_nn-IL-nc2] 126/384 games (2946/h, eta 5m)
  [s3-no_nn-IL-nc2] 127/384 games (2951/h, eta 5m)
  [s3-no_nn-IL-nc2] 128/384 games (2927/h, eta 5m)
  [s3-no_nn-IL-nc2] 129/384 games (2897/h, eta 5m)
  [s3-no_nn-IL-nc2] 130/384 games (2906/h, eta 5m)
  [s3-no_nn-IL-nc2] 131/384 games (2912/h, eta 5m)
  [s3-no_nn-IL-nc2] 132/384 games (2907/h, eta 5m)
  [s3-no_nn-IL-nc2] 133/384 games (2884/h, eta 5m)
  [s3-no_nn-IL-nc2] 134/384 games (2842/h, eta 5m)
  [s3-no_nn-IL-nc2] 135/384 games (2826/h, eta 5m)
  [s3-no_nn-IL-nc2] 136/384 games (2815/h, eta 5m)
  [s3-no_nn-IL-nc2] 137/384 games (2794/h, eta 5m)
  [s3-no_nn-IL-nc2] 138/384 games (2813/h, eta 5m)
  [s3-no_nn-IL-nc2] 139/384 games (2813/h, eta 5m)
  [s3-no_nn-IL-nc2] 140/384 games (2828/h, eta 5m)
  [s3-no_nn-IL-nc2] 141/384 games (2812/h, eta 5m)
  [s3-no_nn-IL-nc2] 142/384 games (2803/h, eta 5m)
  [s3-no_nn-IL-nc2] 143/384 games (2818/h, eta 5m)
  [s3-no_nn-IL-nc2] 144/384 games (2825/h, eta 5m)
  [s3-no_nn-IL-nc2] 145/384 games (2809/h, eta 5m)
  [s3-no_nn-IL-nc2] 146/384 games (2822/h, eta 5m)
  [s3-no_nn-IL-nc2] 147/384 games (2836/h, eta 5m)
  [s3-no_nn-IL-nc2] 148/384 games (2851/h, eta 5m)
  [s3-no_nn-IL-nc2] 149/384 games (2828/h, eta 5m)
  [s3-no_nn-IL-nc2] 150/384 games (2830/h, eta 5m)
  [s3-no_nn-IL-nc2] 151/384 games (2843/h, eta 5m)
  [s3-no_nn-IL-nc2] 152/384 games (2859/h, eta 5m)
  [s3-no_nn-IL-nc2] 153/384 games (2856/h, eta 5m)
  [s3-no_nn-IL-nc2] 154/384 games (2849/h, eta 5m)
  [s3-no_nn-IL-nc2] 155/384 games (2867/h, eta 5m)
  [s3-no_nn-IL-nc2] 156/384 games (2884/h, eta 5m)
  [s3-no_nn-IL-nc2] 157/384 games (2875/h, eta 5m)
  [s3-no_nn-IL-nc2] 158/384 games (2853/h, eta 5m)
  [s3-no_nn-IL-nc2] 159/384 games (2863/h, eta 5m)
  [s3-no_nn-IL-nc2] 160/384 games (2845/h, eta 5m)
  [s3-no_nn-IL-nc2] 161/384 games (2853/h, eta 5m)
  [s3-no_nn-IL-nc2] 162/384 games (2851/h, eta 5m)
  [s3-no_nn-IL-nc2] 163/384 games (2866/h, eta 5m)
  [s3-no_nn-IL-nc2] 164/384 games (2881/h, eta 5m)
  [s3-no_nn-IL-nc2] 165/384 games (2890/h, eta 5m)
  [s3-no_nn-IL-nc2] 166/384 games (2901/h, eta 5m)
  [s3-no_nn-IL-nc2] 167/384 games (2908/h, eta 4m)
  [s3-no_nn-IL-nc2] 168/384 games (2915/h, eta 4m)
  [s3-no_nn-IL-nc2] 169/384 games (2908/h, eta 4m)
  [s3-no_nn-IL-nc2] 170/384 games (2917/h, eta 4m)
  [s3-no_nn-IL-nc2] 171/384 games (2895/h, eta 4m)
  [s3-no_nn-IL-nc2] 172/384 games (2897/h, eta 4m)
  [s3-no_nn-IL-nc2] 173/384 games (2898/h, eta 4m)
  [s3-no_nn-IL-nc2] 174/384 games (2881/h, eta 4m)
  [s3-no_nn-IL-nc2] 175/384 games (2833/h, eta 4m)
  [s3-no_nn-IL-nc2] 176/384 games (2821/h, eta 4m)
  [s3-no_nn-IL-nc2] 177/384 games (2818/h, eta 4m)
  [s3-no_nn-IL-nc2] 178/384 games (2822/h, eta 4m)
  [s3-no_nn-IL-nc2] 179/384 games (2826/h, eta 4m)
  [s3-no_nn-IL-nc2] 180/384 games (2813/h, eta 4m)
  [s3-no_nn-IL-nc2] 181/384 games (2818/h, eta 4m)
  [s3-no_nn-IL-nc2] 182/384 games (2829/h, eta 4m)
  [s3-no_nn-IL-nc2] 183/384 games (2838/h, eta 4m)
  [s3-no_nn-IL-nc2] 184/384 games (2844/h, eta 4m)
  [s3-no_nn-IL-nc2] 185/384 games (2830/h, eta 4m)
  [s3-no_nn-IL-nc2] 186/384 games (2843/h, eta 4m)
  [s3-no_nn-IL-nc2] 187/384 games (2858/h, eta 4m)
  [s3-no_nn-IL-nc2] 188/384 games (2865/h, eta 4m)
  [s3-no_nn-IL-nc2] 189/384 games (2867/h, eta 4m)
  [s3-no_nn-IL-nc2] 190/384 games (2855/h, eta 4m)
  [s3-no_nn-IL-nc2] 191/384 games (2853/h, eta 4m)
  [s3-no_nn-IL-nc2] 192/384 games (2858/h, eta 4m)
  [s3-no_nn-IL-nc2] 193/384 games (2863/h, eta 4m)
  [s3-no_nn-IL-nc2] 194/384 games (2852/h, eta 4m)
  [s3-no_nn-IL-nc2] 195/384 games (2866/h, eta 4m)
  [s3-no_nn-IL-nc2] 196/384 games (2879/h, eta 4m)
  [s3-no_nn-IL-nc2] 197/384 games (2887/h, eta 4m)
  [s3-no_nn-IL-nc2] 198/384 games (2873/h, eta 4m)
  [s3-no_nn-IL-nc2] 199/384 games (2879/h, eta 4m)
  [s3-no_nn-IL-nc2] 200/384 games (2885/h, eta 4m)
  [s3-no_nn-IL-nc2] 201/384 games (2877/h, eta 4m)
  [s3-no_nn-IL-nc2] 202/384 games (2882/h, eta 4m)
  [s3-no_nn-IL-nc2] 203/384 games (2890/h, eta 4m)
  [s3-no_nn-IL-nc2] 204/384 games (2884/h, eta 4m)
  [s3-no_nn-IL-nc2] 205/384 games (2875/h, eta 4m)
  [s3-no_nn-IL-nc2] 206/384 games (2879/h, eta 4m)
  [s3-no_nn-IL-nc2] 207/384 games (2887/h, eta 4m)
  [s3-no_nn-IL-nc2] 208/384 games (2901/h, eta 4m)
  [s3-no_nn-IL-nc2] 209/384 games (2897/h, eta 4m)
  [s3-no_nn-IL-nc2] 210/384 games (2904/h, eta 4m)
  [s3-no_nn-IL-nc2] 211/384 games (2908/h, eta 4m)
  [s3-no_nn-IL-nc2] 212/384 games (2869/h, eta 4m)
  [s3-no_nn-IL-nc2] 213/384 games (2867/h, eta 4m)
  [s3-no_nn-IL-nc2] 214/384 games (2843/h, eta 4m)
  [s3-no_nn-IL-nc2] 215/384 games (2852/h, eta 4m)
  [s3-no_nn-IL-nc2] 216/384 games (2853/h, eta 4m)
  [s3-no_nn-IL-nc2] 217/384 games (2841/h, eta 4m)
  [s3-no_nn-IL-nc2] 218/384 games (2844/h, eta 4m)
  [s3-no_nn-IL-nc2] 219/384 games (2857/h, eta 3m)
  [s3-no_nn-IL-nc2] 220/384 games (2858/h, eta 3m)
  [s3-no_nn-IL-nc2] 221/384 games (2842/h, eta 3m)
  [s3-no_nn-IL-nc2] 222/384 games (2846/h, eta 3m)
  [s3-no_nn-IL-nc2] 223/384 games (2846/h, eta 3m)
  [s3-no_nn-IL-nc2] 224/384 games (2846/h, eta 3m)
  [s3-no_nn-IL-nc2] 225/384 games (2842/h, eta 3m)
  [s3-no_nn-IL-nc2] 226/384 games (2844/h, eta 3m)
  [s3-no_nn-IL-nc2] 227/384 games (2809/h, eta 3m)
  [s3-no_nn-IL-nc2] 228/384 games (2808/h, eta 3m)
  [s3-no_nn-IL-nc2] 229/384 games (2819/h, eta 3m)
  [s3-no_nn-IL-nc2] 230/384 games (2831/h, eta 3m)
  [s3-no_nn-IL-nc2] 231/384 games (2827/h, eta 3m)
  [s3-no_nn-IL-nc2] 232/384 games (2838/h, eta 3m)
  [s3-no_nn-IL-nc2] 233/384 games (2843/h, eta 3m)
  [s3-no_nn-IL-nc2] 234/384 games (2854/h, eta 3m)
  [s3-no_nn-IL-nc2] 235/384 games (2865/h, eta 3m)
  [s3-no_nn-IL-nc2] 236/384 games (2865/h, eta 3m)
  [s3-no_nn-IL-nc2] 237/384 games (2867/h, eta 3m)
  [s3-no_nn-IL-nc2] 238/384 games (2870/h, eta 3m)
  [s3-no_nn-IL-nc2] 239/384 games (2878/h, eta 3m)
  [s3-no_nn-IL-nc2] 240/384 games (2883/h, eta 3m)
  [s3-no_nn-IL-nc2] 241/384 games (2881/h, eta 3m)
  [s3-no_nn-IL-nc2] 242/384 games (2884/h, eta 3m)
  [s3-no_nn-IL-nc2] 243/384 games (2879/h, eta 3m)
  [s3-no_nn-IL-nc2] 244/384 games (2859/h, eta 3m)
  [s3-no_nn-IL-nc2] 245/384 games (2866/h, eta 3m)
  [s3-no_nn-IL-nc2] 246/384 games (2876/h, eta 3m)
  [s3-no_nn-IL-nc2] 247/384 games (2853/h, eta 3m)
  [s3-no_nn-IL-nc2] 248/384 games (2855/h, eta 3m)
  [s3-no_nn-IL-nc2] 249/384 games (2839/h, eta 3m)
  [s3-no_nn-IL-nc2] 250/384 games (2850/h, eta 3m)
  [s3-no_nn-IL-nc2] 251/384 games (2857/h, eta 3m)
  [s3-no_nn-IL-nc2] 252/384 games (2864/h, eta 3m)
  [s3-no_nn-IL-nc2] 253/384 games (2875/h, eta 3m)
  [s3-no_nn-IL-nc2] 254/384 games (2868/h, eta 3m)
  [s3-no_nn-IL-nc2] 255/384 games (2871/h, eta 3m)
  [s3-no_nn-IL-nc2] 256/384 games (2866/h, eta 3m)
  [s3-no_nn-IL-nc2] 257/384 games (2863/h, eta 3m)
  [s3-no_nn-IL-nc2] 258/384 games (2854/h, eta 3m)
  [s3-no_nn-IL-nc2] 259/384 games (2865/h, eta 3m)
  [s3-no_nn-IL-nc2] 260/384 games (2875/h, eta 3m)
  [s3-no_nn-IL-nc2] 261/384 games (2883/h, eta 3m)
  [s3-no_nn-IL-nc2] 262/384 games (2889/h, eta 3m)
  [s3-no_nn-IL-nc2] 263/384 games (2898/h, eta 3m)
  [s3-no_nn-IL-nc2] 264/384 games (2903/h, eta 2m)
  [s3-no_nn-IL-nc2] 265/384 games (2911/h, eta 2m)
  [s3-no_nn-IL-nc2] 266/384 games (2900/h, eta 2m)
  [s3-no_nn-IL-nc2] 267/384 games (2910/h, eta 2m)
  [s3-no_nn-IL-nc2] 268/384 games (2911/h, eta 2m)
  [s3-no_nn-IL-nc2] 269/384 games (2907/h, eta 2m)
  [s3-no_nn-IL-nc2] 270/384 games (2915/h, eta 2m)
  [s3-no_nn-IL-nc2] 271/384 games (2919/h, eta 2m)
  [s3-no_nn-IL-nc2] 272/384 games (2908/h, eta 2m)
  [s3-no_nn-IL-nc2] 273/384 games (2910/h, eta 2m)
  [s3-no_nn-IL-nc2] 274/384 games (2919/h, eta 2m)
  [s3-no_nn-IL-nc2] 275/384 games (2920/h, eta 2m)
  [s3-no_nn-IL-nc2] 276/384 games (2919/h, eta 2m)
  [s3-no_nn-IL-nc2] 277/384 games (2909/h, eta 2m)
  [s3-no_nn-IL-nc2] 278/384 games (2913/h, eta 2m)
  [s3-no_nn-IL-nc2] 279/384 games (2897/h, eta 2m)
  [s3-no_nn-IL-nc2] 280/384 games (2904/h, eta 2m)
  [s3-no_nn-IL-nc2] 281/384 games (2914/h, eta 2m)
  [s3-no_nn-IL-nc2] 282/384 games (2903/h, eta 2m)
  [s3-no_nn-IL-nc2] 283/384 games (2904/h, eta 2m)
  [s3-no_nn-IL-nc2] 284/384 games (2911/h, eta 2m)
  [s3-no_nn-IL-nc2] 285/384 games (2912/h, eta 2m)
  [s3-no_nn-IL-nc2] 286/384 games (2921/h, eta 2m)
  [s3-no_nn-IL-nc2] 287/384 games (2918/h, eta 2m)
  [s3-no_nn-IL-nc2] 288/384 games (2927/h, eta 2m)
  [s3-no_nn-IL-nc2] 289/384 games (2935/h, eta 2m)
  [s3-no_nn-IL-nc2] 290/384 games (2923/h, eta 2m)
  [s3-no_nn-IL-nc2] 291/384 games (2929/h, eta 2m)
  [s3-no_nn-IL-nc2] 292/384 games (2925/h, eta 2m)
  [s3-no_nn-IL-nc2] 293/384 games (2922/h, eta 2m)
  [s3-no_nn-IL-nc2] 294/384 games (2919/h, eta 2m)
  [s3-no_nn-IL-nc2] 295/384 games (2916/h, eta 2m)
  [s3-no_nn-IL-nc2] 296/384 games (2919/h, eta 2m)
  [s3-no_nn-IL-nc2] 297/384 games (2921/h, eta 2m)
  [s3-no_nn-IL-nc2] 298/384 games (2928/h, eta 2m)
  [s3-no_nn-IL-nc2] 299/384 games (2934/h, eta 2m)
  [s3-no_nn-IL-nc2] 300/384 games (2940/h, eta 2m)
  [s3-no_nn-IL-nc2] 301/384 games (2949/h, eta 2m)
  [s3-no_nn-IL-nc2] 302/384 games (2954/h, eta 2m)
  [s3-no_nn-IL-nc2] 303/384 games (2959/h, eta 2m)
  [s3-no_nn-IL-nc2] 304/384 games (2968/h, eta 2m)
  [s3-no_nn-IL-nc2] 305/384 games (2965/h, eta 2m)
  [s3-no_nn-IL-nc2] 306/384 games (2968/h, eta 2m)
  [s3-no_nn-IL-nc2] 307/384 games (2970/h, eta 2m)
  [s3-no_nn-IL-nc2] 308/384 games (2971/h, eta 2m)
  [s3-no_nn-IL-nc2] 309/384 games (2959/h, eta 2m)
  [s3-no_nn-IL-nc2] 310/384 games (2937/h, eta 2m)
  [s3-no_nn-IL-nc2] 311/384 games (2932/h, eta 1m)
  [s3-no_nn-IL-nc2] 312/384 games (2931/h, eta 1m)
  [s3-no_nn-IL-nc2] 313/384 games (2924/h, eta 1m)
  [s3-no_nn-IL-nc2] 314/384 games (2911/h, eta 1m)
  [s3-no_nn-IL-nc2] 315/384 games (2916/h, eta 1m)
  [s3-no_nn-IL-nc2] 316/384 games (2885/h, eta 1m)
  [s3-no_nn-IL-nc2] 317/384 games (2893/h, eta 1m)
  [s3-no_nn-IL-nc2] 318/384 games (2900/h, eta 1m)
  [s3-no_nn-IL-nc2] 319/384 games (2909/h, eta 1m)
  [s3-no_nn-IL-nc2] 320/384 games (2914/h, eta 1m)
  [s3-no_nn-IL-nc2] 321/384 games (2908/h, eta 1m)
  [s3-no_nn-IL-nc2] 322/384 games (2911/h, eta 1m)
  [s3-no_nn-IL-nc2] 323/384 games (2910/h, eta 1m)
  [s3-no_nn-IL-nc2] 324/384 games (2918/h, eta 1m)
  [s3-no_nn-IL-nc2] 325/384 games (2911/h, eta 1m)
  [s3-no_nn-IL-nc2] 326/384 games (2915/h, eta 1m)
  [s3-no_nn-IL-nc2] 327/384 games (2902/h, eta 1m)
  [s3-no_nn-IL-nc2] 328/384 games (2908/h, eta 1m)
  [s3-no_nn-IL-nc2] 329/384 games (2893/h, eta 1m)
  [s3-no_nn-IL-nc2] 330/384 games (2894/h, eta 1m)
  [s3-no_nn-IL-nc2] 331/384 games (2902/h, eta 1m)
  [s3-no_nn-IL-nc2] 332/384 games (2904/h, eta 1m)
  [s3-no_nn-IL-nc2] 333/384 games (2907/h, eta 1m)
  [s3-no_nn-IL-nc2] 334/384 games (2912/h, eta 1m)
  [s3-no_nn-IL-nc2] 335/384 games (2897/h, eta 1m)
  [s3-no_nn-IL-nc2] 336/384 games (2896/h, eta 1m)
  [s3-no_nn-IL-nc2] 337/384 games (2896/h, eta 1m)
  [s3-no_nn-IL-nc2] 338/384 games (2896/h, eta 1m)
  [s3-no_nn-IL-nc2] 339/384 games (2897/h, eta 1m)
  [s3-no_nn-IL-nc2] 340/384 games (2881/h, eta 1m)
  [s3-no_nn-IL-nc2] 341/384 games (2884/h, eta 1m)
  [s3-no_nn-IL-nc2] 342/384 games (2889/h, eta 1m)
  [s3-no_nn-IL-nc2] 343/384 games (2890/h, eta 1m)
  [s3-no_nn-IL-nc2] 344/384 games (2897/h, eta 1m)
  [s3-no_nn-IL-nc2] 345/384 games (2906/h, eta 1m)
  [s3-no_nn-IL-nc2] 346/384 games (2914/h, eta 1m)
  [s3-no_nn-IL-nc2] 347/384 games (2917/h, eta 1m)
  [s3-no_nn-IL-nc2] 348/384 games (2909/h, eta 1m)
  [s3-no_nn-IL-nc2] 349/384 games (2913/h, eta 1m)
  [s3-no_nn-IL-nc2] 350/384 games (2915/h, eta 1m)
  [s3-no_nn-IL-nc2] 351/384 games (2920/h, eta 1m)
  [s3-no_nn-IL-nc2] 352/384 games (2919/h, eta 1m)
  [s3-no_nn-IL-nc2] 353/384 games (2925/h, eta 1m)
  [s3-no_nn-IL-nc2] 354/384 games (2925/h, eta 1m)
  [s3-no_nn-IL-nc2] 355/384 games (2925/h, eta 1m)
  [s3-no_nn-IL-nc2] 356/384 games (2930/h, eta 1m)
  [s3-no_nn-IL-nc2] 357/384 games (2924/h, eta 1m)
  [s3-no_nn-IL-nc2] 358/384 games (2926/h, eta 1m)
  [s3-no_nn-IL-nc2] 359/384 games (2922/h, eta 1m)
  [s3-no_nn-IL-nc2] 360/384 games (2921/h, eta 0m)
  [s3-no_nn-IL-nc2] 361/384 games (2924/h, eta 0m)
  [s3-no_nn-IL-nc2] 362/384 games (2926/h, eta 0m)
  [s3-no_nn-IL-nc2] 363/384 games (2930/h, eta 0m)
  [s3-no_nn-IL-nc2] 364/384 games (2935/h, eta 0m)
  [s3-no_nn-IL-nc2] 365/384 games (2934/h, eta 0m)
  [s3-no_nn-IL-nc2] 366/384 games (2940/h, eta 0m)
  [s3-no_nn-IL-nc2] 367/384 games (2944/h, eta 0m)
  [s3-no_nn-IL-nc2] 368/384 games (2950/h, eta 0m)
  [s3-no_nn-IL-nc2] 369/384 games (2957/h, eta 0m)
  [s3-no_nn-IL-nc2] 370/384 games (2963/h, eta 0m)
  [s3-no_nn-IL-nc2] 371/384 games (2960/h, eta 0m)
  [s3-no_nn-IL-nc2] 372/384 games (2961/h, eta 0m)
  [s3-no_nn-IL-nc2] 373/384 games (2964/h, eta 0m)
  [s3-no_nn-IL-nc2] 374/384 games (2966/h, eta 0m)
  [s3-no_nn-IL-nc2] 375/384 games (2969/h, eta 0m)
  [s3-no_nn-IL-nc2] 376/384 games (2974/h, eta 0m)
  [s3-no_nn-IL-nc2] 377/384 games (2979/h, eta 0m)
  [s3-no_nn-IL-nc2] 378/384 games (2985/h, eta 0m)
  [s3-no_nn-IL-nc2] 379/384 games (2992/h, eta 0m)
  [s3-no_nn-IL-nc2] 380/384 games (2995/h, eta 0m)
  [s3-no_nn-IL-nc2] 381/384 games (2998/h, eta 0m)
  [s3-no_nn-IL-nc2] 382/384 games (2981/h, eta 0m)
  [s3-no_nn-IL-nc2] 383/384 games (2987/h, eta 0m)
  [s3-no_nn-IL-nc2] 384/384 games (2971/h, eta 0m)
== s3-no_nn-IL-dp2 -> experiments/results/perturbation/s3-no_nn-IL-dp2.jsonl
  [s3-no_nn-IL-dp2] 1/384 games (3002/h, eta 8m)
  [s3-no_nn-IL-dp2] 2/384 games (1446/h, eta 16m)
  [s3-no_nn-IL-dp2] 3/384 games (2067/h, eta 11m)
  [s3-no_nn-IL-dp2] 4/384 games (1578/h, eta 14m)
  [s3-no_nn-IL-dp2] 5/384 games (1232/h, eta 18m)
  [s3-no_nn-IL-dp2] 6/384 games (1335/h, eta 17m)
  [s3-no_nn-IL-dp2] 7/384 games (1426/h, eta 16m)
  [s3-no_nn-IL-dp2] 8/384 games (1485/h, eta 15m)
  [s3-no_nn-IL-dp2] 9/384 games (1609/h, eta 14m)
  [s3-no_nn-IL-dp2] 10/384 games (1755/h, eta 13m)
  [s3-no_nn-IL-dp2] 11/384 games (1691/h, eta 13m)
  [s3-no_nn-IL-dp2] 12/384 games (1809/h, eta 12m)
  [s3-no_nn-IL-dp2] 13/384 games (1863/h, eta 12m)
  [s3-no_nn-IL-dp2] 14/384 games (1981/h, eta 11m)
  [s3-no_nn-IL-dp2] 15/384 games (1954/h, eta 11m)
  [s3-no_nn-IL-dp2] 16/384 games (2063/h, eta 11m)
  [s3-no_nn-IL-dp2] 17/384 games (2148/h, eta 10m)
  [s3-no_nn-IL-dp2] 18/384 games (2257/h, eta 10m)
  [s3-no_nn-IL-dp2] 19/384 games (2101/h, eta 10m)
  [s3-no_nn-IL-dp2] 20/384 games (2173/h, eta 10m)
  [s3-no_nn-IL-dp2] 21/384 games (2133/h, eta 10m)
  [s3-no_nn-IL-dp2] 22/384 games (2090/h, eta 10m)
  [s3-no_nn-IL-dp2] 23/384 games (2183/h, eta 10m)
  [s3-no_nn-IL-dp2] 24/384 games (2209/h, eta 10m)
  [s3-no_nn-IL-dp2] 25/384 games (2229/h, eta 10m)
  [s3-no_nn-IL-dp2] 26/384 games (2308/h, eta 9m)
  [s3-no_nn-IL-dp2] 27/384 games (2194/h, eta 10m)
  [s3-no_nn-IL-dp2] 28/384 games (2271/h, eta 9m)
  [s3-no_nn-IL-dp2] 29/384 games (2331/h, eta 9m)
  [s3-no_nn-IL-dp2] 30/384 games (2249/h, eta 9m)
  [s3-no_nn-IL-dp2] 31/384 games (2323/h, eta 9m)
  [s3-no_nn-IL-dp2] 32/384 games (2328/h, eta 9m)
  [s3-no_nn-IL-dp2] 33/384 games (2326/h, eta 9m)
  [s3-no_nn-IL-dp2] 34/384 games (2352/h, eta 9m)
  [s3-no_nn-IL-dp2] 35/384 games (2302/h, eta 9m)
  [s3-no_nn-IL-dp2] 36/384 games (2321/h, eta 9m)
  [s3-no_nn-IL-dp2] 37/384 games (2333/h, eta 9m)
  [s3-no_nn-IL-dp2] 38/384 games (2344/h, eta 9m)
  [s3-no_nn-IL-dp2] 39/384 games (2387/h, eta 9m)
  [s3-no_nn-IL-dp2] 40/384 games (2434/h, eta 8m)
  [s3-no_nn-IL-dp2] 41/384 games (2468/h, eta 8m)
  [s3-no_nn-IL-dp2] 42/384 games (2476/h, eta 8m)
  [s3-no_nn-IL-dp2] 43/384 games (2426/h, eta 8m)
  [s3-no_nn-IL-dp2] 44/384 games (2463/h, eta 8m)
  [s3-no_nn-IL-dp2] 45/384 games (2314/h, eta 9m)
  [s3-no_nn-IL-dp2] 46/384 games (2364/h, eta 9m)
  [s3-no_nn-IL-dp2] 47/384 games (2395/h, eta 8m)
  [s3-no_nn-IL-dp2] 48/384 games (2426/h, eta 8m)
  [s3-no_nn-IL-dp2] 49/384 games (2398/h, eta 8m)
  [s3-no_nn-IL-dp2] 50/384 games (2420/h, eta 8m)
  [s3-no_nn-IL-dp2] 51/384 games (2448/h, eta 8m)
  [s3-no_nn-IL-dp2] 52/384 games (2464/h, eta 8m)
  [s3-no_nn-IL-dp2] 53/384 games (2487/h, eta 8m)
  [s3-no_nn-IL-dp2] 54/384 games (2480/h, eta 8m)
  [s3-no_nn-IL-dp2] 55/384 games (2520/h, eta 8m)
  [s3-no_nn-IL-dp2] 56/384 games (2552/h, eta 8m)
  [s3-no_nn-IL-dp2] 57/384 games (2562/h, eta 8m)
  [s3-no_nn-IL-dp2] 58/384 games (2593/h, eta 8m)
  [s3-no_nn-IL-dp2] 59/384 games (2628/h, eta 7m)
  [s3-no_nn-IL-dp2] 60/384 games (2435/h, eta 8m)
  [s3-no_nn-IL-dp2] 61/384 games (2469/h, eta 8m)
  [s3-no_nn-IL-dp2] 62/384 games (2483/h, eta 8m)
  [s3-no_nn-IL-dp2] 63/384 games (2498/h, eta 8m)
  [s3-no_nn-IL-dp2] 64/384 games (2487/h, eta 8m)
  [s3-no_nn-IL-dp2] 65/384 games (2446/h, eta 8m)
  [s3-no_nn-IL-dp2] 66/384 games (2468/h, eta 8m)
  [s3-no_nn-IL-dp2] 67/384 games (2453/h, eta 8m)
  [s3-no_nn-IL-dp2] 68/384 games (2475/h, eta 8m)
  [s3-no_nn-IL-dp2] 69/384 games (2451/h, eta 8m)
  [s3-no_nn-IL-dp2] 70/384 games (2453/h, eta 8m)
  [s3-no_nn-IL-dp2] 71/384 games (2481/h, eta 8m)
  [s3-no_nn-IL-dp2] 72/384 games (2512/h, eta 7m)
  [s3-no_nn-IL-dp2] 73/384 games (2529/h, eta 7m)
  [s3-no_nn-IL-dp2] 74/384 games (2554/h, eta 7m)
  [s3-no_nn-IL-dp2] 75/384 games (2584/h, eta 7m)
  [s3-no_nn-IL-dp2] 76/384 games (2618/h, eta 7m)
  [s3-no_nn-IL-dp2] 77/384 games (2526/h, eta 7m)
  [s3-no_nn-IL-dp2] 78/384 games (2549/h, eta 7m)
  [s3-no_nn-IL-dp2] 79/384 games (2473/h, eta 7m)
  [s3-no_nn-IL-dp2] 80/384 games (2480/h, eta 7m)
  [s3-no_nn-IL-dp2] 81/384 games (2475/h, eta 7m)
  [s3-no_nn-IL-dp2] 82/384 games (2439/h, eta 7m)
  [s3-no_nn-IL-dp2] 83/384 games (2439/h, eta 7m)
  [s3-no_nn-IL-dp2] 84/384 games (2457/h, eta 7m)
  [s3-no_nn-IL-dp2] 85/384 games (2486/h, eta 7m)
  [s3-no_nn-IL-dp2] 86/384 games (2508/h, eta 7m)
  [s3-no_nn-IL-dp2] 87/384 games (2462/h, eta 7m)
  [s3-no_nn-IL-dp2] 88/384 games (2490/h, eta 7m)
  [s3-no_nn-IL-dp2] 89/384 games (2505/h, eta 7m)
  [s3-no_nn-IL-dp2] 90/384 games (2533/h, eta 7m)
  [s3-no_nn-IL-dp2] 91/384 games (2548/h, eta 7m)
  [s3-no_nn-IL-dp2] 92/384 games (2566/h, eta 7m)
  [s3-no_nn-IL-dp2] 93/384 games (2564/h, eta 7m)
  [s3-no_nn-IL-dp2] 94/384 games (2522/h, eta 7m)
  [s3-no_nn-IL-dp2] 95/384 games (2520/h, eta 7m)
  [s3-no_nn-IL-dp2] 96/384 games (2520/h, eta 7m)
  [s3-no_nn-IL-dp2] 97/384 games (2540/h, eta 7m)
  [s3-no_nn-IL-dp2] 98/384 games (2547/h, eta 7m)
  [s3-no_nn-IL-dp2] 99/384 games (2550/h, eta 7m)
  [s3-no_nn-IL-dp2] 100/384 games (2549/h, eta 7m)
  [s3-no_nn-IL-dp2] 101/384 games (2560/h, eta 7m)
  [s3-no_nn-IL-dp2] 102/384 games (2581/h, eta 7m)
  [s3-no_nn-IL-dp2] 103/384 games (2573/h, eta 7m)
  [s3-no_nn-IL-dp2] 104/384 games (2587/h, eta 6m)
  [s3-no_nn-IL-dp2] 105/384 games (2581/h, eta 6m)
  [s3-no_nn-IL-dp2] 106/384 games (2592/h, eta 6m)
  [s3-no_nn-IL-dp2] 107/384 games (2608/h, eta 6m)
  [s3-no_nn-IL-dp2] 108/384 games (2613/h, eta 6m)
  [s3-no_nn-IL-dp2] 109/384 games (2592/h, eta 6m)
  [s3-no_nn-IL-dp2] 110/384 games (2608/h, eta 6m)
  [s3-no_nn-IL-dp2] 111/384 games (2594/h, eta 6m)
  [s3-no_nn-IL-dp2] 112/384 games (2616/h, eta 6m)
  [s3-no_nn-IL-dp2] 113/384 games (2609/h, eta 6m)
  [s3-no_nn-IL-dp2] 114/384 games (2622/h, eta 6m)
  [s3-no_nn-IL-dp2] 115/384 games (2623/h, eta 6m)
  [s3-no_nn-IL-dp2] 116/384 games (2644/h, eta 6m)
  [s3-no_nn-IL-dp2] 117/384 games (2619/h, eta 6m)
  [s3-no_nn-IL-dp2] 118/384 games (2639/h, eta 6m)
  [s3-no_nn-IL-dp2] 119/384 games (2648/h, eta 6m)
  [s3-no_nn-IL-dp2] 120/384 games (2647/h, eta 6m)
  [s3-no_nn-IL-dp2] 121/384 games (2665/h, eta 6m)
  [s3-no_nn-IL-dp2] 122/384 games (2650/h, eta 6m)
  [s3-no_nn-IL-dp2] 123/384 games (2647/h, eta 6m)
  [s3-no_nn-IL-dp2] 124/384 games (2637/h, eta 6m)
  [s3-no_nn-IL-dp2] 125/384 games (2640/h, eta 6m)
  [s3-no_nn-IL-dp2] 126/384 games (2653/h, eta 6m)
  [s3-no_nn-IL-dp2] 127/384 games (2638/h, eta 6m)
  [s3-no_nn-IL-dp2] 128/384 games (2621/h, eta 6m)
  [s3-no_nn-IL-dp2] 129/384 games (2639/h, eta 6m)
  [s3-no_nn-IL-dp2] 130/384 games (2639/h, eta 6m)
  [s3-no_nn-IL-dp2] 131/384 games (2651/h, eta 6m)
  [s3-no_nn-IL-dp2] 132/384 games (2661/h, eta 6m)
  [s3-no_nn-IL-dp2] 133/384 games (2661/h, eta 6m)
  [s3-no_nn-IL-dp2] 134/384 games (2661/h, eta 6m)
  [s3-no_nn-IL-dp2] 135/384 games (2652/h, eta 6m)
  [s3-no_nn-IL-dp2] 136/384 games (2621/h, eta 6m)
  [s3-no_nn-IL-dp2] 137/384 games (2636/h, eta 6m)
  [s3-no_nn-IL-dp2] 138/384 games (2630/h, eta 6m)
  [s3-no_nn-IL-dp2] 139/384 games (2641/h, eta 6m)
  [s3-no_nn-IL-dp2] 140/384 games (2640/h, eta 6m)
  [s3-no_nn-IL-dp2] 141/384 games (2651/h, eta 5m)
  [s3-no_nn-IL-dp2] 142/384 games (2664/h, eta 5m)
  [s3-no_nn-IL-dp2] 143/384 games (2662/h, eta 5m)
  [s3-no_nn-IL-dp2] 144/384 games (2655/h, eta 5m)
  [s3-no_nn-IL-dp2] 145/384 games (2667/h, eta 5m)
  [s3-no_nn-IL-dp2] 146/384 games (2673/h, eta 5m)
  [s3-no_nn-IL-dp2] 147/384 games (2687/h, eta 5m)
  [s3-no_nn-IL-dp2] 148/384 games (2705/h, eta 5m)
  [s3-no_nn-IL-dp2] 149/384 games (2716/h, eta 5m)
  [s3-no_nn-IL-dp2] 150/384 games (2706/h, eta 5m)
  [s3-no_nn-IL-dp2] 151/384 games (2722/h, eta 5m)
  [s3-no_nn-IL-dp2] 152/384 games (2701/h, eta 5m)
  [s3-no_nn-IL-dp2] 153/384 games (2702/h, eta 5m)
  [s3-no_nn-IL-dp2] 154/384 games (2718/h, eta 5m)
  [s3-no_nn-IL-dp2] 155/384 games (2735/h, eta 5m)
  [s3-no_nn-IL-dp2] 156/384 games (2749/h, eta 5m)
  [s3-no_nn-IL-dp2] 157/384 games (2697/h, eta 5m)
  [s3-no_nn-IL-dp2] 158/384 games (2684/h, eta 5m)
  [s3-no_nn-IL-dp2] 159/384 games (2693/h, eta 5m)
  [s3-no_nn-IL-dp2] 160/384 games (2690/h, eta 5m)
  [s3-no_nn-IL-dp2] 161/384 games (2705/h, eta 5m)
  [s3-no_nn-IL-dp2] 162/384 games (2686/h, eta 5m)
  [s3-no_nn-IL-dp2] 163/384 games (2697/h, eta 5m)
  [s3-no_nn-IL-dp2] 164/384 games (2710/h, eta 5m)
  [s3-no_nn-IL-dp2] 165/384 games (2665/h, eta 5m)
  [s3-no_nn-IL-dp2] 166/384 games (2681/h, eta 5m)
  [s3-no_nn-IL-dp2] 167/384 games (2696/h, eta 5m)
  [s3-no_nn-IL-dp2] 168/384 games (2705/h, eta 5m)
  [s3-no_nn-IL-dp2] 169/384 games (2715/h, eta 5m)
  [s3-no_nn-IL-dp2] 170/384 games (2719/h, eta 5m)
  [s3-no_nn-IL-dp2] 171/384 games (2735/h, eta 5m)
  [s3-no_nn-IL-dp2] 172/384 games (2737/h, eta 5m)
  [s3-no_nn-IL-dp2] 173/384 games (2748/h, eta 5m)
  [s3-no_nn-IL-dp2] 174/384 games (2762/h, eta 5m)
  [s3-no_nn-IL-dp2] 175/384 games (2755/h, eta 5m)
  [s3-no_nn-IL-dp2] 176/384 games (2744/h, eta 5m)
  [s3-no_nn-IL-dp2] 177/384 games (2727/h, eta 5m)
  [s3-no_nn-IL-dp2] 178/384 games (2724/h, eta 5m)
  [s3-no_nn-IL-dp2] 179/384 games (2724/h, eta 5m)
  [s3-no_nn-IL-dp2] 180/384 games (2724/h, eta 4m)
  [s3-no_nn-IL-dp2] 181/384 games (2731/h, eta 4m)
  [s3-no_nn-IL-dp2] 182/384 games (2736/h, eta 4m)
  [s3-no_nn-IL-dp2] 183/384 games (2729/h, eta 4m)
  [s3-no_nn-IL-dp2] 184/384 games (2734/h, eta 4m)
  [s3-no_nn-IL-dp2] 185/384 games (2744/h, eta 4m)
  [s3-no_nn-IL-dp2] 186/384 games (2754/h, eta 4m)
  [s3-no_nn-IL-dp2] 187/384 games (2754/h, eta 4m)
  [s3-no_nn-IL-dp2] 188/384 games (2757/h, eta 4m)
  [s3-no_nn-IL-dp2] 189/384 games (2755/h, eta 4m)
  [s3-no_nn-IL-dp2] 190/384 games (2768/h, eta 4m)
  [s3-no_nn-IL-dp2] 191/384 games (2767/h, eta 4m)
  [s3-no_nn-IL-dp2] 192/384 games (2780/h, eta 4m)
  [s3-no_nn-IL-dp2] 193/384 games (2767/h, eta 4m)
  [s3-no_nn-IL-dp2] 194/384 games (2776/h, eta 4m)
  [s3-no_nn-IL-dp2] 195/384 games (2781/h, eta 4m)
  [s3-no_nn-IL-dp2] 196/384 games (2793/h, eta 4m)
  [s3-no_nn-IL-dp2] 197/384 games (2803/h, eta 4m)
  [s3-no_nn-IL-dp2] 198/384 games (2783/h, eta 4m)
  [s3-no_nn-IL-dp2] 199/384 games (2796/h, eta 4m)
  [s3-no_nn-IL-dp2] 200/384 games (2804/h, eta 4m)
  [s3-no_nn-IL-dp2] 201/384 games (2806/h, eta 4m)
  [s3-no_nn-IL-dp2] 202/384 games (2803/h, eta 4m)
  [s3-no_nn-IL-dp2] 203/384 games (2784/h, eta 4m)
  [s3-no_nn-IL-dp2] 204/384 games (2795/h, eta 4m)
  [s3-no_nn-IL-dp2] 205/384 games (2800/h, eta 4m)
  [s3-no_nn-IL-dp2] 206/384 games (2803/h, eta 4m)
  [s3-no_nn-IL-dp2] 207/384 games (2814/h, eta 4m)
  [s3-no_nn-IL-dp2] 208/384 games (2806/h, eta 4m)
  [s3-no_nn-IL-dp2] 209/384 games (2811/h, eta 4m)
  [s3-no_nn-IL-dp2] 210/384 games (2824/h, eta 4m)
  [s3-no_nn-IL-dp2] 211/384 games (2838/h, eta 4m)
  [s3-no_nn-IL-dp2] 212/384 games (2825/h, eta 4m)
  [s3-no_nn-IL-dp2] 213/384 games (2814/h, eta 4m)
  [s3-no_nn-IL-dp2] 214/384 games (2813/h, eta 4m)
  [s3-no_nn-IL-dp2] 215/384 games (2817/h, eta 4m)
  [s3-no_nn-IL-dp2] 216/384 games (2815/h, eta 4m)
  [s3-no_nn-IL-dp2] 217/384 games (2810/h, eta 4m)
  [s3-no_nn-IL-dp2] 218/384 games (2801/h, eta 4m)
  [s3-no_nn-IL-dp2] 219/384 games (2794/h, eta 4m)
  [s3-no_nn-IL-dp2] 220/384 games (2762/h, eta 4m)
  [s3-no_nn-IL-dp2] 221/384 games (2773/h, eta 4m)
  [s3-no_nn-IL-dp2] 222/384 games (2786/h, eta 3m)
  [s3-no_nn-IL-dp2] 223/384 games (2797/h, eta 3m)
  [s3-no_nn-IL-dp2] 224/384 games (2807/h, eta 3m)
  [s3-no_nn-IL-dp2] 225/384 games (2819/h, eta 3m)
  [s3-no_nn-IL-dp2] 226/384 games (2815/h, eta 3m)
  [s3-no_nn-IL-dp2] 227/384 games (2806/h, eta 3m)
  [s3-no_nn-IL-dp2] 228/384 games (2813/h, eta 3m)
  [s3-no_nn-IL-dp2] 229/384 games (2790/h, eta 3m)
  [s3-no_nn-IL-dp2] 230/384 games (2793/h, eta 3m)
  [s3-no_nn-IL-dp2] 231/384 games (2802/h, eta 3m)
  [s3-no_nn-IL-dp2] 232/384 games (2787/h, eta 3m)
  [s3-no_nn-IL-dp2] 233/384 games (2781/h, eta 3m)
  [s3-no_nn-IL-dp2] 234/384 games (2788/h, eta 3m)
  [s3-no_nn-IL-dp2] 235/384 games (2787/h, eta 3m)
  [s3-no_nn-IL-dp2] 236/384 games (2797/h, eta 3m)
  [s3-no_nn-IL-dp2] 237/384 games (2790/h, eta 3m)
  [s3-no_nn-IL-dp2] 238/384 games (2789/h, eta 3m)
  [s3-no_nn-IL-dp2] 239/384 games (2797/h, eta 3m)
  [s3-no_nn-IL-dp2] 240/384 games (2805/h, eta 3m)
  [s3-no_nn-IL-dp2] 241/384 games (2800/h, eta 3m)
  [s3-no_nn-IL-dp2] 242/384 games (2807/h, eta 3m)
  [s3-no_nn-IL-dp2] 243/384 games (2815/h, eta 3m)
  [s3-no_nn-IL-dp2] 244/384 games (2824/h, eta 3m)
  [s3-no_nn-IL-dp2] 245/384 games (2834/h, eta 3m)
  [s3-no_nn-IL-dp2] 246/384 games (2843/h, eta 3m)
  [s3-no_nn-IL-dp2] 247/384 games (2845/h, eta 3m)
  [s3-no_nn-IL-dp2] 248/384 games (2852/h, eta 3m)
  [s3-no_nn-IL-dp2] 249/384 games (2853/h, eta 3m)
  [s3-no_nn-IL-dp2] 250/384 games (2852/h, eta 3m)
  [s3-no_nn-IL-dp2] 251/384 games (2849/h, eta 3m)
  [s3-no_nn-IL-dp2] 252/384 games (2847/h, eta 3m)
  [s3-no_nn-IL-dp2] 253/384 games (2840/h, eta 3m)
  [s3-no_nn-IL-dp2] 254/384 games (2848/h, eta 3m)
  [s3-no_nn-IL-dp2] 255/384 games (2845/h, eta 3m)
  [s3-no_nn-IL-dp2] 256/384 games (2855/h, eta 3m)
  [s3-no_nn-IL-dp2] 257/384 games (2848/h, eta 3m)
  [s3-no_nn-IL-dp2] 258/384 games (2851/h, eta 3m)
  [s3-no_nn-IL-dp2] 259/384 games (2856/h, eta 3m)
  [s3-no_nn-IL-dp2] 260/384 games (2842/h, eta 3m)
  [s3-no_nn-IL-dp2] 261/384 games (2853/h, eta 3m)
  [s3-no_nn-IL-dp2] 262/384 games (2850/h, eta 3m)
  [s3-no_nn-IL-dp2] 263/384 games (2843/h, eta 3m)
  [s3-no_nn-IL-dp2] 264/384 games (2850/h, eta 3m)
  [s3-no_nn-IL-dp2] 265/384 games (2859/h, eta 2m)
  [s3-no_nn-IL-dp2] 266/384 games (2867/h, eta 2m)
  [s3-no_nn-IL-dp2] 267/384 games (2816/h, eta 2m)
  [s3-no_nn-IL-dp2] 268/384 games (2823/h, eta 2m)
  [s3-no_nn-IL-dp2] 269/384 games (2818/h, eta 2m)
  [s3-no_nn-IL-dp2] 270/384 games (2798/h, eta 2m)
  [s3-no_nn-IL-dp2] 271/384 games (2806/h, eta 2m)
  [s3-no_nn-IL-dp2] 272/384 games (2811/h, eta 2m)
  [s3-no_nn-IL-dp2] 273/384 games (2811/h, eta 2m)
  [s3-no_nn-IL-dp2] 274/384 games (2802/h, eta 2m)
  [s3-no_nn-IL-dp2] 275/384 games (2809/h, eta 2m)
  [s3-no_nn-IL-dp2] 276/384 games (2805/h, eta 2m)
  [s3-no_nn-IL-dp2] 277/384 games (2813/h, eta 2m)
  [s3-no_nn-IL-dp2] 278/384 games (2822/h, eta 2m)
  [s3-no_nn-IL-dp2] 279/384 games (2823/h, eta 2m)
  [s3-no_nn-IL-dp2] 280/384 games (2814/h, eta 2m)
  [s3-no_nn-IL-dp2] 281/384 games (2823/h, eta 2m)
  [s3-no_nn-IL-dp2] 282/384 games (2832/h, eta 2m)
  [s3-no_nn-IL-dp2] 283/384 games (2831/h, eta 2m)
  [s3-no_nn-IL-dp2] 284/384 games (2839/h, eta 2m)
  [s3-no_nn-IL-dp2] 285/384 games (2837/h, eta 2m)
  [s3-no_nn-IL-dp2] 286/384 games (2846/h, eta 2m)
  [s3-no_nn-IL-dp2] 287/384 games (2847/h, eta 2m)
  [s3-no_nn-IL-dp2] 288/384 games (2856/h, eta 2m)
  [s3-no_nn-IL-dp2] 289/384 games (2856/h, eta 2m)
  [s3-no_nn-IL-dp2] 290/384 games (2858/h, eta 2m)
  [s3-no_nn-IL-dp2] 291/384 games (2857/h, eta 2m)
  [s3-no_nn-IL-dp2] 292/384 games (2858/h, eta 2m)
  [s3-no_nn-IL-dp2] 293/384 games (2867/h, eta 2m)
  [s3-no_nn-IL-dp2] 294/384 games (2872/h, eta 2m)
  [s3-no_nn-IL-dp2] 295/384 games (2880/h, eta 2m)
  [s3-no_nn-IL-dp2] 296/384 games (2886/h, eta 2m)
  [s3-no_nn-IL-dp2] 297/384 games (2877/h, eta 2m)
  [s3-no_nn-IL-dp2] 298/384 games (2871/h, eta 2m)
  [s3-no_nn-IL-dp2] 299/384 games (2873/h, eta 2m)
  [s3-no_nn-IL-dp2] 300/384 games (2876/h, eta 2m)
  [s3-no_nn-IL-dp2] 301/384 games (2885/h, eta 2m)
  [s3-no_nn-IL-dp2] 302/384 games (2890/h, eta 2m)
  [s3-no_nn-IL-dp2] 303/384 games (2888/h, eta 2m)
  [s3-no_nn-IL-dp2] 304/384 games (2898/h, eta 2m)
  [s3-no_nn-IL-dp2] 305/384 games (2905/h, eta 2m)
  [s3-no_nn-IL-dp2] 306/384 games (2910/h, eta 2m)
  [s3-no_nn-IL-dp2] 307/384 games (2919/h, eta 2m)
  [s3-no_nn-IL-dp2] 308/384 games (2924/h, eta 2m)
  [s3-no_nn-IL-dp2] 309/384 games (2924/h, eta 2m)
  [s3-no_nn-IL-dp2] 310/384 games (2925/h, eta 2m)
  [s3-no_nn-IL-dp2] 311/384 games (2916/h, eta 2m)
  [s3-no_nn-IL-dp2] 312/384 games (2917/h, eta 1m)
  [s3-no_nn-IL-dp2] 313/384 games (2907/h, eta 1m)
  [s3-no_nn-IL-dp2] 314/384 games (2912/h, eta 1m)
  [s3-no_nn-IL-dp2] 315/384 games (2900/h, eta 1m)
  [s3-no_nn-IL-dp2] 316/384 games (2895/h, eta 1m)
  [s3-no_nn-IL-dp2] 317/384 games (2903/h, eta 1m)
  [s3-no_nn-IL-dp2] 318/384 games (2911/h, eta 1m)
  [s3-no_nn-IL-dp2] 319/384 games (2916/h, eta 1m)
  [s3-no_nn-IL-dp2] 320/384 games (2921/h, eta 1m)
  [s3-no_nn-IL-dp2] 321/384 games (2916/h, eta 1m)
  [s3-no_nn-IL-dp2] 322/384 games (2922/h, eta 1m)
  [s3-no_nn-IL-dp2] 323/384 games (2915/h, eta 1m)
  [s3-no_nn-IL-dp2] 324/384 games (2910/h, eta 1m)
  [s3-no_nn-IL-dp2] 325/384 games (2899/h, eta 1m)
  [s3-no_nn-IL-dp2] 326/384 games (2906/h, eta 1m)
  [s3-no_nn-IL-dp2] 327/384 games (2911/h, eta 1m)
  [s3-no_nn-IL-dp2] 328/384 games (2912/h, eta 1m)
  [s3-no_nn-IL-dp2] 329/384 games (2911/h, eta 1m)
  [s3-no_nn-IL-dp2] 330/384 games (2914/h, eta 1m)
  [s3-no_nn-IL-dp2] 331/384 games (2900/h, eta 1m)
  [s3-no_nn-IL-dp2] 332/384 games (2905/h, eta 1m)
  [s3-no_nn-IL-dp2] 333/384 games (2909/h, eta 1m)
  [s3-no_nn-IL-dp2] 334/384 games (2914/h, eta 1m)
  [s3-no_nn-IL-dp2] 335/384 games (2921/h, eta 1m)
  [s3-no_nn-IL-dp2] 336/384 games (2928/h, eta 1m)
  [s3-no_nn-IL-dp2] 337/384 games (2927/h, eta 1m)
  [s3-no_nn-IL-dp2] 338/384 games (2928/h, eta 1m)
  [s3-no_nn-IL-dp2] 339/384 games (2936/h, eta 1m)
  [s3-no_nn-IL-dp2] 340/384 games (2925/h, eta 1m)
  [s3-no_nn-IL-dp2] 341/384 games (2930/h, eta 1m)
  [s3-no_nn-IL-dp2] 342/384 games (2931/h, eta 1m)
  [s3-no_nn-IL-dp2] 343/384 games (2931/h, eta 1m)
  [s3-no_nn-IL-dp2] 344/384 games (2926/h, eta 1m)
  [s3-no_nn-IL-dp2] 345/384 games (2930/h, eta 1m)
  [s3-no_nn-IL-dp2] 346/384 games (2931/h, eta 1m)
  [s3-no_nn-IL-dp2] 347/384 games (2919/h, eta 1m)
  [s3-no_nn-IL-dp2] 348/384 games (2923/h, eta 1m)
  [s3-no_nn-IL-dp2] 349/384 games (2930/h, eta 1m)
  [s3-no_nn-IL-dp2] 350/384 games (2932/h, eta 1m)
  [s3-no_nn-IL-dp2] 351/384 games (2940/h, eta 1m)
  [s3-no_nn-IL-dp2] 352/384 games (2940/h, eta 1m)
  [s3-no_nn-IL-dp2] 353/384 games (2947/h, eta 1m)
  [s3-no_nn-IL-dp2] 354/384 games (2951/h, eta 1m)
  [s3-no_nn-IL-dp2] 355/384 games (2944/h, eta 1m)
  [s3-no_nn-IL-dp2] 356/384 games (2947/h, eta 1m)
  [s3-no_nn-IL-dp2] 357/384 games (2955/h, eta 1m)
  [s3-no_nn-IL-dp2] 358/384 games (2953/h, eta 1m)
  [s3-no_nn-IL-dp2] 359/384 games (2947/h, eta 1m)
  [s3-no_nn-IL-dp2] 360/384 games (2946/h, eta 0m)
  [s3-no_nn-IL-dp2] 361/384 games (2949/h, eta 0m)
  [s3-no_nn-IL-dp2] 362/384 games (2955/h, eta 0m)
  [s3-no_nn-IL-dp2] 363/384 games (2958/h, eta 0m)
  [s3-no_nn-IL-dp2] 364/384 games (2965/h, eta 0m)
  [s3-no_nn-IL-dp2] 365/384 games (2969/h, eta 0m)
  [s3-no_nn-IL-dp2] 366/384 games (2966/h, eta 0m)
  [s3-no_nn-IL-dp2] 367/384 games (2968/h, eta 0m)
  [s3-no_nn-IL-dp2] 368/384 games (2972/h, eta 0m)
  [s3-no_nn-IL-dp2] 369/384 games (2970/h, eta 0m)
  [s3-no_nn-IL-dp2] 370/384 games (2972/h, eta 0m)
  [s3-no_nn-IL-dp2] 371/384 games (2949/h, eta 0m)
  [s3-no_nn-IL-dp2] 372/384 games (2953/h, eta 0m)
  [s3-no_nn-IL-dp2] 373/384 games (2960/h, eta 0m)
  [s3-no_nn-IL-dp2] 374/384 games (2963/h, eta 0m)
  [s3-no_nn-IL-dp2] 375/384 games (2955/h, eta 0m)
  [s3-no_nn-IL-dp2] 376/384 games (2953/h, eta 0m)
  [s3-no_nn-IL-dp2] 377/384 games (2954/h, eta 0m)
  [s3-no_nn-IL-dp2] 378/384 games (2949/h, eta 0m)
  [s3-no_nn-IL-dp2] 379/384 games (2920/h, eta 0m)
  [s3-no_nn-IL-dp2] 380/384 games (2924/h, eta 0m)
  [s3-no_nn-IL-dp2] 381/384 games (2928/h, eta 0m)
  [s3-no_nn-IL-dp2] 382/384 games (2927/h, eta 0m)
  [s3-no_nn-IL-dp2] 383/384 games (2931/h, eta 0m)
  [s3-no_nn-IL-dp2] 384/384 games (2891/h, eta 0m)
== s3-no_nn-IL-nc2-dp2 -> experiments/results/perturbation/s3-no_nn-IL-nc2-dp2.jsonl
  [s3-no_nn-IL-nc2-dp2] 1/384 games (312/h, eta 74m)
  [s3-no_nn-IL-nc2-dp2] 2/384 games (554/h, eta 41m)
  [s3-no_nn-IL-nc2-dp2] 3/384 games (470/h, eta 49m)
  [s3-no_nn-IL-nc2-dp2] 4/384 games (560/h, eta 41m)
  [s3-no_nn-IL-nc2-dp2] 5/384 games (647/h, eta 35m)
  [s3-no_nn-IL-nc2-dp2] 6/384 games (774/h, eta 29m)
  [s3-no_nn-IL-nc2-dp2] 7/384 games (891/h, eta 25m)
  [s3-no_nn-IL-nc2-dp2] 8/384 games (917/h, eta 25m)
  [s3-no_nn-IL-nc2-dp2] 9/384 games (958/h, eta 23m)
  [s3-no_nn-IL-nc2-dp2] 10/384 games (1038/h, eta 22m)
  [s3-no_nn-IL-nc2-dp2] 11/384 games (1105/h, eta 20m)
  [s3-no_nn-IL-nc2-dp2] 12/384 games (1159/h, eta 19m)
  [s3-no_nn-IL-nc2-dp2] 13/384 games (1231/h, eta 18m)
  [s3-no_nn-IL-nc2-dp2] 14/384 games (1313/h, eta 17m)
  [s3-no_nn-IL-nc2-dp2] 15/384 games (1365/h, eta 16m)
  [s3-no_nn-IL-nc2-dp2] 16/384 games (1396/h, eta 16m)
  [s3-no_nn-IL-nc2-dp2] 17/384 games (1426/h, eta 15m)
  [s3-no_nn-IL-nc2-dp2] 18/384 games (1478/h, eta 15m)
  [s3-no_nn-IL-nc2-dp2] 19/384 games (1491/h, eta 15m)
  [s3-no_nn-IL-nc2-dp2] 20/384 games (1441/h, eta 15m)
  [s3-no_nn-IL-nc2-dp2] 21/384 games (1507/h, eta 14m)
  [s3-no_nn-IL-nc2-dp2] 22/384 games (1502/h, eta 14m)
  [s3-no_nn-IL-nc2-dp2] 23/384 games (1501/h, eta 14m)
  [s3-no_nn-IL-nc2-dp2] 24/384 games (1506/h, eta 14m)
  [s3-no_nn-IL-nc2-dp2] 25/384 games (1558/h, eta 14m)
  [s3-no_nn-IL-nc2-dp2] 26/384 games (1588/h, eta 14m)
  [s3-no_nn-IL-nc2-dp2] 27/384 games (1608/h, eta 13m)
  [s3-no_nn-IL-nc2-dp2] 28/384 games (1632/h, eta 13m)
  [s3-no_nn-IL-nc2-dp2] 29/384 games (1618/h, eta 13m)
  [s3-no_nn-IL-nc2-dp2] 30/384 games (1610/h, eta 13m)
  [s3-no_nn-IL-nc2-dp2] 31/384 games (1557/h, eta 14m)
  [s3-no_nn-IL-nc2-dp2] 32/384 games (1556/h, eta 14m)
  [s3-no_nn-IL-nc2-dp2] 33/384 games (1579/h, eta 13m)
  [s3-no_nn-IL-nc2-dp2] 34/384 games (1613/h, eta 13m)
  [s3-no_nn-IL-nc2-dp2] 35/384 games (1606/h, eta 13m)
  [s3-no_nn-IL-nc2-dp2] 36/384 games (1602/h, eta 13m)
  [s3-no_nn-IL-nc2-dp2] 37/384 games (1604/h, eta 13m)
  [s3-no_nn-IL-nc2-dp2] 38/384 games (1570/h, eta 13m)
  [s3-no_nn-IL-nc2-dp2] 39/384 games (1581/h, eta 13m)
  [s3-no_nn-IL-nc2-dp2] 40/384 games (1566/h, eta 13m)
  [s3-no_nn-IL-nc2-dp2] 41/384 games (1575/h, eta 13m)
  [s3-no_nn-IL-nc2-dp2] 42/384 games (1605/h, eta 13m)
  [s3-no_nn-IL-nc2-dp2] 43/384 games (1641/h, eta 12m)
  [s3-no_nn-IL-nc2-dp2] 44/384 games (1677/h, eta 12m)
  [s3-no_nn-IL-nc2-dp2] 45/384 games (1712/h, eta 12m)
  [s3-no_nn-IL-nc2-dp2] 46/384 games (1747/h, eta 12m)
  [s3-no_nn-IL-nc2-dp2] 47/384 games (1770/h, eta 11m)
  [s3-no_nn-IL-nc2-dp2] 48/384 games (1807/h, eta 11m)
  [s3-no_nn-IL-nc2-dp2] 49/384 games (1791/h, eta 11m)
  [s3-no_nn-IL-nc2-dp2] 50/384 games (1768/h, eta 11m)
  [s3-no_nn-IL-nc2-dp2] 51/384 games (1779/h, eta 11m)
  [s3-no_nn-IL-nc2-dp2] 52/384 games (1796/h, eta 11m)
  [s3-no_nn-IL-nc2-dp2] 53/384 games (1804/h, eta 11m)
  [s3-no_nn-IL-nc2-dp2] 54/384 games (1832/h, eta 11m)
  [s3-no_nn-IL-nc2-dp2] 55/384 games (1865/h, eta 11m)
  [s3-no_nn-IL-nc2-dp2] 56/384 games (1896/h, eta 10m)
  [s3-no_nn-IL-nc2-dp2] 57/384 games (1872/h, eta 10m)
  [s3-no_nn-IL-nc2-dp2] 58/384 games (1867/h, eta 10m)
  [s3-no_nn-IL-nc2-dp2] 59/384 games (1891/h, eta 10m)
  [s3-no_nn-IL-nc2-dp2] 60/384 games (1921/h, eta 10m)
  [s3-no_nn-IL-nc2-dp2] 61/384 games (1909/h, eta 10m)
  [s3-no_nn-IL-nc2-dp2] 62/384 games (1920/h, eta 10m)
  [s3-no_nn-IL-nc2-dp2] 63/384 games (1844/h, eta 10m)
  [s3-no_nn-IL-nc2-dp2] 64/384 games (1840/h, eta 10m)
  [s3-no_nn-IL-nc2-dp2] 65/384 games (1860/h, eta 10m)
  [s3-no_nn-IL-nc2-dp2] 66/384 games (1850/h, eta 10m)
  [s3-no_nn-IL-nc2-dp2] 67/384 games (1862/h, eta 10m)
  [s3-no_nn-IL-nc2-dp2] 68/384 games (1808/h, eta 10m)
  [s3-no_nn-IL-nc2-dp2] 69/384 games (1831/h, eta 10m)
  [s3-no_nn-IL-nc2-dp2] 70/384 games (1827/h, eta 10m)
  [s3-no_nn-IL-nc2-dp2] 71/384 games (1844/h, eta 10m)
  [s3-no_nn-IL-nc2-dp2] 72/384 games (1861/h, eta 10m)
  [s3-no_nn-IL-nc2-dp2] 73/384 games (1862/h, eta 10m)
  [s3-no_nn-IL-nc2-dp2] 74/384 games (1880/h, eta 10m)
  [s3-no_nn-IL-nc2-dp2] 75/384 games (1903/h, eta 10m)
  [s3-no_nn-IL-nc2-dp2] 76/384 games (1909/h, eta 10m)
  [s3-no_nn-IL-nc2-dp2] 77/384 games (1923/h, eta 10m)
  [s3-no_nn-IL-nc2-dp2] 78/384 games (1941/h, eta 9m)
  [s3-no_nn-IL-nc2-dp2] 79/384 games (1954/h, eta 9m)
  [s3-no_nn-IL-nc2-dp2] 80/384 games (1951/h, eta 9m)
  [s3-no_nn-IL-nc2-dp2] 81/384 games (1962/h, eta 9m)
  [s3-no_nn-IL-nc2-dp2] 82/384 games (1953/h, eta 9m)
  [s3-no_nn-IL-nc2-dp2] 83/384 games (1953/h, eta 9m)
  [s3-no_nn-IL-nc2-dp2] 84/384 games (1970/h, eta 9m)
  [s3-no_nn-IL-nc2-dp2] 85/384 games (1964/h, eta 9m)
  [s3-no_nn-IL-nc2-dp2] 86/384 games (1955/h, eta 9m)
  [s3-no_nn-IL-nc2-dp2] 87/384 games (1969/h, eta 9m)
  [s3-no_nn-IL-nc2-dp2] 88/384 games (1985/h, eta 9m)
  [s3-no_nn-IL-nc2-dp2] 89/384 games (2007/h, eta 9m)
  [s3-no_nn-IL-nc2-dp2] 90/384 games (2019/h, eta 9m)
  [s3-no_nn-IL-nc2-dp2] 91/384 games (2022/h, eta 9m)
  [s3-no_nn-IL-nc2-dp2] 92/384 games (2025/h, eta 9m)
  [s3-no_nn-IL-nc2-dp2] 93/384 games (2009/h, eta 9m)
  [s3-no_nn-IL-nc2-dp2] 94/384 games (1940/h, eta 9m)
  [s3-no_nn-IL-nc2-dp2] 95/384 games (1955/h, eta 9m)
  [s3-no_nn-IL-nc2-dp2] 96/384 games (1964/h, eta 9m)
  [s3-no_nn-IL-nc2-dp2] 97/384 games (1978/h, eta 9m)
  [s3-no_nn-IL-nc2-dp2] 98/384 games (1980/h, eta 9m)
  [s3-no_nn-IL-nc2-dp2] 99/384 games (1976/h, eta 9m)
  [s3-no_nn-IL-nc2-dp2] 100/384 games (1990/h, eta 9m)
  [s3-no_nn-IL-nc2-dp2] 101/384 games (2007/h, eta 8m)
  [s3-no_nn-IL-nc2-dp2] 102/384 games (2004/h, eta 8m)
  [s3-no_nn-IL-nc2-dp2] 103/384 games (2019/h, eta 8m)
  [s3-no_nn-IL-nc2-dp2] 104/384 games (2036/h, eta 8m)
  [s3-no_nn-IL-nc2-dp2] 105/384 games (1976/h, eta 8m)
  [s3-no_nn-IL-nc2-dp2] 106/384 games (1977/h, eta 8m)
  [s3-no_nn-IL-nc2-dp2] 107/384 games (1988/h, eta 8m)
  [s3-no_nn-IL-nc2-dp2] 108/384 games (1985/h, eta 8m)
  [s3-no_nn-IL-nc2-dp2] 109/384 games (1990/h, eta 8m)
  [s3-no_nn-IL-nc2-dp2] 110/384 games (2000/h, eta 8m)
  [s3-no_nn-IL-nc2-dp2] 111/384 games (2007/h, eta 8m)
  [s3-no_nn-IL-nc2-dp2] 112/384 games (2013/h, eta 8m)
  [s3-no_nn-IL-nc2-dp2] 113/384 games (2004/h, eta 8m)
  [s3-no_nn-IL-nc2-dp2] 114/384 games (2020/h, eta 8m)
  [s3-no_nn-IL-nc2-dp2] 115/384 games (2002/h, eta 8m)
  [s3-no_nn-IL-nc2-dp2] 116/384 games (2014/h, eta 8m)
  [s3-no_nn-IL-nc2-dp2] 117/384 games (2012/h, eta 8m)
  [s3-no_nn-IL-nc2-dp2] 118/384 games (2024/h, eta 8m)
  [s3-no_nn-IL-nc2-dp2] 119/384 games (1994/h, eta 8m)
  [s3-no_nn-IL-nc2-dp2] 120/384 games (2010/h, eta 8m)
  [s3-no_nn-IL-nc2-dp2] 121/384 games (2019/h, eta 8m)
  [s3-no_nn-IL-nc2-dp2] 122/384 games (1984/h, eta 8m)
  [s3-no_nn-IL-nc2-dp2] 123/384 games (1994/h, eta 8m)
  [s3-no_nn-IL-nc2-dp2] 124/384 games (1998/h, eta 8m)
  [s3-no_nn-IL-nc2-dp2] 125/384 games (2008/h, eta 8m)
  [s3-no_nn-IL-nc2-dp2] 126/384 games (2019/h, eta 8m)
  [s3-no_nn-IL-nc2-dp2] 127/384 games (2029/h, eta 8m)
  [s3-no_nn-IL-nc2-dp2] 128/384 games (2041/h, eta 8m)
  [s3-no_nn-IL-nc2-dp2] 129/384 games (2041/h, eta 7m)
  [s3-no_nn-IL-nc2-dp2] 130/384 games (2035/h, eta 7m)
  [s3-no_nn-IL-nc2-dp2] 131/384 games (2039/h, eta 7m)
  [s3-no_nn-IL-nc2-dp2] 132/384 games (2050/h, eta 7m)
  [s3-no_nn-IL-nc2-dp2] 133/384 games (2042/h, eta 7m)
  [s3-no_nn-IL-nc2-dp2] 134/384 games (2043/h, eta 7m)
  [s3-no_nn-IL-nc2-dp2] 135/384 games (2020/h, eta 7m)
  [s3-no_nn-IL-nc2-dp2] 136/384 games (2000/h, eta 7m)
  [s3-no_nn-IL-nc2-dp2] 137/384 games (2009/h, eta 7m)
  [s3-no_nn-IL-nc2-dp2] 138/384 games (1990/h, eta 7m)
  [s3-no_nn-IL-nc2-dp2] 139/384 games (1990/h, eta 7m)
  [s3-no_nn-IL-nc2-dp2] 140/384 games (1971/h, eta 7m)
  [s3-no_nn-IL-nc2-dp2] 141/384 games (1983/h, eta 7m)
  [s3-no_nn-IL-nc2-dp2] 142/384 games (1982/h, eta 7m)
  [s3-no_nn-IL-nc2-dp2] 143/384 games (1973/h, eta 7m)
  [s3-no_nn-IL-nc2-dp2] 144/384 games (1933/h, eta 7m)
  [s3-no_nn-IL-nc2-dp2] 145/384 games (1943/h, eta 7m)
  [s3-no_nn-IL-nc2-dp2] 146/384 games (1956/h, eta 7m)
  [s3-no_nn-IL-nc2-dp2] 147/384 games (1945/h, eta 7m)
  [s3-no_nn-IL-nc2-dp2] 148/384 games (1951/h, eta 7m)
  [s3-no_nn-IL-nc2-dp2] 149/384 games (1955/h, eta 7m)
  [s3-no_nn-IL-nc2-dp2] 150/384 games (1968/h, eta 7m)
  [s3-no_nn-IL-nc2-dp2] 151/384 games (1956/h, eta 7m)
  [s3-no_nn-IL-nc2-dp2] 152/384 games (1934/h, eta 7m)
  [s3-no_nn-IL-nc2-dp2] 153/384 games (1912/h, eta 7m)
  [s3-no_nn-IL-nc2-dp2] 154/384 games (1908/h, eta 7m)
  [s3-no_nn-IL-nc2-dp2] 155/384 games (1906/h, eta 7m)
  [s3-no_nn-IL-nc2-dp2] 156/384 games (1909/h, eta 7m)
  [s3-no_nn-IL-nc2-dp2] 157/384 games (1908/h, eta 7m)
  [s3-no_nn-IL-nc2-dp2] 158/384 games (1915/h, eta 7m)
  [s3-no_nn-IL-nc2-dp2] 159/384 games (1908/h, eta 7m)
  [s3-no_nn-IL-nc2-dp2] 160/384 games (1913/h, eta 7m)
  [s3-no_nn-IL-nc2-dp2] 161/384 games (1921/h, eta 7m)
  [s3-no_nn-IL-nc2-dp2] 162/384 games (1915/h, eta 7m)
  [s3-no_nn-IL-nc2-dp2] 163/384 games (1927/h, eta 7m)
  [s3-no_nn-IL-nc2-dp2] 164/384 games (1918/h, eta 7m)
  [s3-no_nn-IL-nc2-dp2] 165/384 games (1929/h, eta 7m)
  [s3-no_nn-IL-nc2-dp2] 166/384 games (1929/h, eta 7m)
  [s3-no_nn-IL-nc2-dp2] 167/384 games (1920/h, eta 7m)
  [s3-no_nn-IL-nc2-dp2] 168/384 games (1914/h, eta 7m)
  [s3-no_nn-IL-nc2-dp2] 169/384 games (1916/h, eta 7m)
  [s3-no_nn-IL-nc2-dp2] 170/384 games (1920/h, eta 7m)
  [s3-no_nn-IL-nc2-dp2] 171/384 games (1930/h, eta 7m)
  [s3-no_nn-IL-nc2-dp2] 172/384 games (1890/h, eta 7m)
  [s3-no_nn-IL-nc2-dp2] 173/384 games (1892/h, eta 7m)
  [s3-no_nn-IL-nc2-dp2] 174/384 games (1903/h, eta 7m)
  [s3-no_nn-IL-nc2-dp2] 175/384 games (1902/h, eta 7m)
  [s3-no_nn-IL-nc2-dp2] 176/384 games (1904/h, eta 7m)
  [s3-no_nn-IL-nc2-dp2] 177/384 games (1905/h, eta 7m)
  [s3-no_nn-IL-nc2-dp2] 178/384 games (1913/h, eta 6m)
  [s3-no_nn-IL-nc2-dp2] 179/384 games (1917/h, eta 6m)
  [s3-no_nn-IL-nc2-dp2] 180/384 games (1928/h, eta 6m)
  [s3-no_nn-IL-nc2-dp2] 181/384 games (1930/h, eta 6m)
  [s3-no_nn-IL-nc2-dp2] 182/384 games (1940/h, eta 6m)
  [s3-no_nn-IL-nc2-dp2] 183/384 games (1922/h, eta 6m)
  [s3-no_nn-IL-nc2-dp2] 184/384 games (1928/h, eta 6m)
  [s3-no_nn-IL-nc2-dp2] 185/384 games (1929/h, eta 6m)
  [s3-no_nn-IL-nc2-dp2] 186/384 games (1924/h, eta 6m)
  [s3-no_nn-IL-nc2-dp2] 187/384 games (1926/h, eta 6m)
  [s3-no_nn-IL-nc2-dp2] 188/384 games (1867/h, eta 6m)
  [s3-no_nn-IL-nc2-dp2] 189/384 games (1856/h, eta 6m)
  [s3-no_nn-IL-nc2-dp2] 190/384 games (1863/h, eta 6m)
  [s3-no_nn-IL-nc2-dp2] 191/384 games (1872/h, eta 6m)
  [s3-no_nn-IL-nc2-dp2] 192/384 games (1881/h, eta 6m)
  [s3-no_nn-IL-nc2-dp2] 193/384 games (1882/h, eta 6m)
  [s3-no_nn-IL-nc2-dp2] 194/384 games (1890/h, eta 6m)
  [s3-no_nn-IL-nc2-dp2] 195/384 games (1898/h, eta 6m)
  [s3-no_nn-IL-nc2-dp2] 196/384 games (1907/h, eta 6m)
  [s3-no_nn-IL-nc2-dp2] 197/384 games (1906/h, eta 6m)
  [s3-no_nn-IL-nc2-dp2] 198/384 games (1914/h, eta 6m)
  [s3-no_nn-IL-nc2-dp2] 199/384 games (1923/h, eta 6m)
  [s3-no_nn-IL-nc2-dp2] 200/384 games (1928/h, eta 6m)
  [s3-no_nn-IL-nc2-dp2] 201/384 games (1932/h, eta 6m)
  [s3-no_nn-IL-nc2-dp2] 202/384 games (1932/h, eta 6m)
  [s3-no_nn-IL-nc2-dp2] 203/384 games (1926/h, eta 6m)
  [s3-no_nn-IL-nc2-dp2] 204/384 games (1919/h, eta 6m)
  [s3-no_nn-IL-nc2-dp2] 205/384 games (1919/h, eta 6m)
  [s3-no_nn-IL-nc2-dp2] 206/384 games (1906/h, eta 6m)
  [s3-no_nn-IL-nc2-dp2] 207/384 games (1905/h, eta 6m)
  [s3-no_nn-IL-nc2-dp2] 208/384 games (1910/h, eta 6m)
  [s3-no_nn-IL-nc2-dp2] 209/384 games (1912/h, eta 5m)
  [s3-no_nn-IL-nc2-dp2] 210/384 games (1917/h, eta 5m)
  [s3-no_nn-IL-nc2-dp2] 211/384 games (1922/h, eta 5m)
  [s3-no_nn-IL-nc2-dp2] 212/384 games (1904/h, eta 5m)
  [s3-no_nn-IL-nc2-dp2] 213/384 games (1900/h, eta 5m)
  [s3-no_nn-IL-nc2-dp2] 214/384 games (1897/h, eta 5m)
  [s3-no_nn-IL-nc2-dp2] 215/384 games (1902/h, eta 5m)
  [s3-no_nn-IL-nc2-dp2] 216/384 games (1907/h, eta 5m)
  [s3-no_nn-IL-nc2-dp2] 217/384 games (1910/h, eta 5m)
  [s3-no_nn-IL-nc2-dp2] 218/384 games (1912/h, eta 5m)
  [s3-no_nn-IL-nc2-dp2] 219/384 games (1920/h, eta 5m)
  [s3-no_nn-IL-nc2-dp2] 220/384 games (1917/h, eta 5m)
  [s3-no_nn-IL-nc2-dp2] 221/384 games (1913/h, eta 5m)
  [s3-no_nn-IL-nc2-dp2] 222/384 games (1921/h, eta 5m)
  [s3-no_nn-IL-nc2-dp2] 223/384 games (1927/h, eta 5m)
  [s3-no_nn-IL-nc2-dp2] 224/384 games (1928/h, eta 5m)
  [s3-no_nn-IL-nc2-dp2] 225/384 games (1929/h, eta 5m)
  [s3-no_nn-IL-nc2-dp2] 226/384 games (1929/h, eta 5m)
  [s3-no_nn-IL-nc2-dp2] 227/384 games (1916/h, eta 5m)
  [s3-no_nn-IL-nc2-dp2] 228/384 games (1922/h, eta 5m)
  [s3-no_nn-IL-nc2-dp2] 229/384 games (1919/h, eta 5m)
  [s3-no_nn-IL-nc2-dp2] 230/384 games (1922/h, eta 5m)
  [s3-no_nn-IL-nc2-dp2] 231/384 games (1919/h, eta 5m)
  [s3-no_nn-IL-nc2-dp2] 232/384 games (1920/h, eta 5m)
  [s3-no_nn-IL-nc2-dp2] 233/384 games (1914/h, eta 5m)
  [s3-no_nn-IL-nc2-dp2] 234/384 games (1921/h, eta 5m)
  [s3-no_nn-IL-nc2-dp2] 235/384 games (1927/h, eta 5m)
  [s3-no_nn-IL-nc2-dp2] 236/384 games (1927/h, eta 5m)
  [s3-no_nn-IL-nc2-dp2] 237/384 games (1933/h, eta 5m)
  [s3-no_nn-IL-nc2-dp2] 238/384 games (1937/h, eta 5m)
  [s3-no_nn-IL-nc2-dp2] 239/384 games (1936/h, eta 4m)
  [s3-no_nn-IL-nc2-dp2] 240/384 games (1938/h, eta 4m)
  [s3-no_nn-IL-nc2-dp2] 241/384 games (1946/h, eta 4m)
  [s3-no_nn-IL-nc2-dp2] 242/384 games (1942/h, eta 4m)
  [s3-no_nn-IL-nc2-dp2] 243/384 games (1947/h, eta 4m)
  [s3-no_nn-IL-nc2-dp2] 244/384 games (1953/h, eta 4m)
  [s3-no_nn-IL-nc2-dp2] 245/384 games (1946/h, eta 4m)
  [s3-no_nn-IL-nc2-dp2] 246/384 games (1953/h, eta 4m)
  [s3-no_nn-IL-nc2-dp2] 247/384 games (1960/h, eta 4m)
  [s3-no_nn-IL-nc2-dp2] 248/384 games (1966/h, eta 4m)
  [s3-no_nn-IL-nc2-dp2] 249/384 games (1941/h, eta 4m)
  [s3-no_nn-IL-nc2-dp2] 250/384 games (1944/h, eta 4m)
  [s3-no_nn-IL-nc2-dp2] 251/384 games (1946/h, eta 4m)
  [s3-no_nn-IL-nc2-dp2] 252/384 games (1951/h, eta 4m)
  [s3-no_nn-IL-nc2-dp2] 253/384 games (1951/h, eta 4m)
  [s3-no_nn-IL-nc2-dp2] 254/384 games (1954/h, eta 4m)
  [s3-no_nn-IL-nc2-dp2] 255/384 games (1955/h, eta 4m)
  [s3-no_nn-IL-nc2-dp2] 256/384 games (1950/h, eta 4m)
  [s3-no_nn-IL-nc2-dp2] 257/384 games (1952/h, eta 4m)
  [s3-no_nn-IL-nc2-dp2] 258/384 games (1958/h, eta 4m)
  [s3-no_nn-IL-nc2-dp2] 259/384 games (1962/h, eta 4m)
  [s3-no_nn-IL-nc2-dp2] 260/384 games (1967/h, eta 4m)
  [s3-no_nn-IL-nc2-dp2] 261/384 games (1970/h, eta 4m)
  [s3-no_nn-IL-nc2-dp2] 262/384 games (1968/h, eta 4m)
  [s3-no_nn-IL-nc2-dp2] 263/384 games (1975/h, eta 4m)
  [s3-no_nn-IL-nc2-dp2] 264/384 games (1980/h, eta 4m)
  [s3-no_nn-IL-nc2-dp2] 265/384 games (1987/h, eta 4m)
  [s3-no_nn-IL-nc2-dp2] 266/384 games (1990/h, eta 4m)
  [s3-no_nn-IL-nc2-dp2] 267/384 games (1997/h, eta 4m)
  [s3-no_nn-IL-nc2-dp2] 268/384 games (2004/h, eta 3m)
  [s3-no_nn-IL-nc2-dp2] 269/384 games (2001/h, eta 3m)
  [s3-no_nn-IL-nc2-dp2] 270/384 games (1977/h, eta 3m)
  [s3-no_nn-IL-nc2-dp2] 271/384 games (1980/h, eta 3m)
  [s3-no_nn-IL-nc2-dp2] 272/384 games (1962/h, eta 3m)
  [s3-no_nn-IL-nc2-dp2] 273/384 games (1960/h, eta 3m)
  [s3-no_nn-IL-nc2-dp2] 274/384 games (1953/h, eta 3m)
  [s3-no_nn-IL-nc2-dp2] 275/384 games (1956/h, eta 3m)
  [s3-no_nn-IL-nc2-dp2] 276/384 games (1963/h, eta 3m)
  [s3-no_nn-IL-nc2-dp2] 277/384 games (1968/h, eta 3m)
  [s3-no_nn-IL-nc2-dp2] 278/384 games (1966/h, eta 3m)
  [s3-no_nn-IL-nc2-dp2] 279/384 games (1971/h, eta 3m)
  [s3-no_nn-IL-nc2-dp2] 280/384 games (1975/h, eta 3m)
  [s3-no_nn-IL-nc2-dp2] 281/384 games (1980/h, eta 3m)
  [s3-no_nn-IL-nc2-dp2] 282/384 games (1987/h, eta 3m)
  [s3-no_nn-IL-nc2-dp2] 283/384 games (1994/h, eta 3m)
  [s3-no_nn-IL-nc2-dp2] 284/384 games (2000/h, eta 3m)
  [s3-no_nn-IL-nc2-dp2] 285/384 games (1992/h, eta 3m)
  [s3-no_nn-IL-nc2-dp2] 286/384 games (1997/h, eta 3m)
  [s3-no_nn-IL-nc2-dp2] 287/384 games (2001/h, eta 3m)
  [s3-no_nn-IL-nc2-dp2] 288/384 games (1996/h, eta 3m)
  [s3-no_nn-IL-nc2-dp2] 289/384 games (2001/h, eta 3m)
  [s3-no_nn-IL-nc2-dp2] 290/384 games (1997/h, eta 3m)
  [s3-no_nn-IL-nc2-dp2] 291/384 games (1993/h, eta 3m)
  [s3-no_nn-IL-nc2-dp2] 292/384 games (1992/h, eta 3m)
  [s3-no_nn-IL-nc2-dp2] 293/384 games (1994/h, eta 3m)
  [s3-no_nn-IL-nc2-dp2] 294/384 games (1988/h, eta 3m)
  [s3-no_nn-IL-nc2-dp2] 295/384 games (1978/h, eta 3m)
  [s3-no_nn-IL-nc2-dp2] 296/384 games (1983/h, eta 3m)
  [s3-no_nn-IL-nc2-dp2] 297/384 games (1989/h, eta 3m)
  [s3-no_nn-IL-nc2-dp2] 298/384 games (1984/h, eta 3m)
  [s3-no_nn-IL-nc2-dp2] 299/384 games (1985/h, eta 3m)
  [s3-no_nn-IL-nc2-dp2] 300/384 games (1976/h, eta 3m)
  [s3-no_nn-IL-nc2-dp2] 301/384 games (1982/h, eta 3m)
  [s3-no_nn-IL-nc2-dp2] 302/384 games (1987/h, eta 2m)
  [s3-no_nn-IL-nc2-dp2] 303/384 games (1992/h, eta 2m)
  [s3-no_nn-IL-nc2-dp2] 304/384 games (1997/h, eta 2m)
  [s3-no_nn-IL-nc2-dp2] 305/384 games (2000/h, eta 2m)
  [s3-no_nn-IL-nc2-dp2] 306/384 games (2004/h, eta 2m)
  [s3-no_nn-IL-nc2-dp2] 307/384 games (1987/h, eta 2m)
  [s3-no_nn-IL-nc2-dp2] 308/384 games (1989/h, eta 2m)
  [s3-no_nn-IL-nc2-dp2] 309/384 games (1986/h, eta 2m)
  [s3-no_nn-IL-nc2-dp2] 310/384 games (1978/h, eta 2m)
  [s3-no_nn-IL-nc2-dp2] 311/384 games (1979/h, eta 2m)
  [s3-no_nn-IL-nc2-dp2] 312/384 games (1980/h, eta 2m)
  [s3-no_nn-IL-nc2-dp2] 313/384 games (1979/h, eta 2m)
  [s3-no_nn-IL-nc2-dp2] 314/384 games (1984/h, eta 2m)
  [s3-no_nn-IL-nc2-dp2] 315/384 games (1975/h, eta 2m)
  [s3-no_nn-IL-nc2-dp2] 316/384 games (1979/h, eta 2m)
  [s3-no_nn-IL-nc2-dp2] 317/384 games (1985/h, eta 2m)
  [s3-no_nn-IL-nc2-dp2] 318/384 games (1988/h, eta 2m)
  [s3-no_nn-IL-nc2-dp2] 319/384 games (1994/h, eta 2m)
  [s3-no_nn-IL-nc2-dp2] 320/384 games (1985/h, eta 2m)
  [s3-no_nn-IL-nc2-dp2] 321/384 games (1990/h, eta 2m)
  [s3-no_nn-IL-nc2-dp2] 322/384 games (1990/h, eta 2m)
  [s3-no_nn-IL-nc2-dp2] 323/384 games (1991/h, eta 2m)
  [s3-no_nn-IL-nc2-dp2] 324/384 games (1975/h, eta 2m)
  [s3-no_nn-IL-nc2-dp2] 325/384 games (1977/h, eta 2m)
  [s3-no_nn-IL-nc2-dp2] 326/384 games (1977/h, eta 2m)
  [s3-no_nn-IL-nc2-dp2] 327/384 games (1964/h, eta 2m)
  [s3-no_nn-IL-nc2-dp2] 328/384 games (1965/h, eta 2m)
  [s3-no_nn-IL-nc2-dp2] 329/384 games (1969/h, eta 2m)
  [s3-no_nn-IL-nc2-dp2] 330/384 games (1973/h, eta 2m)
  [s3-no_nn-IL-nc2-dp2] 331/384 games (1972/h, eta 2m)
  [s3-no_nn-IL-nc2-dp2] 332/384 games (1959/h, eta 2m)
  [s3-no_nn-IL-nc2-dp2] 333/384 games (1964/h, eta 2m)
  [s3-no_nn-IL-nc2-dp2] 334/384 games (1967/h, eta 2m)
  [s3-no_nn-IL-nc2-dp2] 335/384 games (1973/h, eta 1m)
  [s3-no_nn-IL-nc2-dp2] 336/384 games (1974/h, eta 1m)
  [s3-no_nn-IL-nc2-dp2] 337/384 games (1977/h, eta 1m)
  [s3-no_nn-IL-nc2-dp2] 338/384 games (1982/h, eta 1m)
  [s3-no_nn-IL-nc2-dp2] 339/384 games (1983/h, eta 1m)
  [s3-no_nn-IL-nc2-dp2] 340/384 games (1976/h, eta 1m)
  [s3-no_nn-IL-nc2-dp2] 341/384 games (1969/h, eta 1m)
  [s3-no_nn-IL-nc2-dp2] 342/384 games (1973/h, eta 1m)
  [s3-no_nn-IL-nc2-dp2] 343/384 games (1962/h, eta 1m)
  [s3-no_nn-IL-nc2-dp2] 344/384 games (1966/h, eta 1m)
  [s3-no_nn-IL-nc2-dp2] 345/384 games (1971/h, eta 1m)
  [s3-no_nn-IL-nc2-dp2] 346/384 games (1975/h, eta 1m)
  [s3-no_nn-IL-nc2-dp2] 347/384 games (1980/h, eta 1m)
  [s3-no_nn-IL-nc2-dp2] 348/384 games (1962/h, eta 1m)
  [s3-no_nn-IL-nc2-dp2] 349/384 games (1965/h, eta 1m)
  [s3-no_nn-IL-nc2-dp2] 350/384 games (1968/h, eta 1m)
  [s3-no_nn-IL-nc2-dp2] 351/384 games (1971/h, eta 1m)
  [s3-no_nn-IL-nc2-dp2] 352/384 games (1975/h, eta 1m)
  [s3-no_nn-IL-nc2-dp2] 353/384 games (1977/h, eta 1m)
  [s3-no_nn-IL-nc2-dp2] 354/384 games (1982/h, eta 1m)
  [s3-no_nn-IL-nc2-dp2] 355/384 games (1969/h, eta 1m)
  [s3-no_nn-IL-nc2-dp2] 356/384 games (1959/h, eta 1m)
  [s3-no_nn-IL-nc2-dp2] 357/384 games (1962/h, eta 1m)
  [s3-no_nn-IL-nc2-dp2] 358/384 games (1955/h, eta 1m)
  [s3-no_nn-IL-nc2-dp2] 359/384 games (1959/h, eta 1m)
  [s3-no_nn-IL-nc2-dp2] 360/384 games (1962/h, eta 1m)
  [s3-no_nn-IL-nc2-dp2] 361/384 games (1963/h, eta 1m)
  [s3-no_nn-IL-nc2-dp2] 362/384 games (1967/h, eta 1m)
  [s3-no_nn-IL-nc2-dp2] 363/384 games (1966/h, eta 1m)
  [s3-no_nn-IL-nc2-dp2] 364/384 games (1969/h, eta 1m)
  [s3-no_nn-IL-nc2-dp2] 365/384 games (1962/h, eta 1m)
  [s3-no_nn-IL-nc2-dp2] 366/384 games (1965/h, eta 1m)
  [s3-no_nn-IL-nc2-dp2] 367/384 games (1967/h, eta 1m)
  [s3-no_nn-IL-nc2-dp2] 368/384 games (1967/h, eta 0m)
  [s3-no_nn-IL-nc2-dp2] 369/384 games (1972/h, eta 0m)
  [s3-no_nn-IL-nc2-dp2] 370/384 games (1977/h, eta 0m)
  [s3-no_nn-IL-nc2-dp2] 371/384 games (1960/h, eta 0m)
  [s3-no_nn-IL-nc2-dp2] 372/384 games (1961/h, eta 0m)
  [s3-no_nn-IL-nc2-dp2] 373/384 games (1963/h, eta 0m)
  [s3-no_nn-IL-nc2-dp2] 374/384 games (1963/h, eta 0m)
  [s3-no_nn-IL-nc2-dp2] 375/384 games (1968/h, eta 0m)
  [s3-no_nn-IL-nc2-dp2] 376/384 games (1968/h, eta 0m)
  [s3-no_nn-IL-nc2-dp2] 377/384 games (1971/h, eta 0m)
  [s3-no_nn-IL-nc2-dp2] 378/384 games (1966/h, eta 0m)
  [s3-no_nn-IL-nc2-dp2] 379/384 games (1971/h, eta 0m)
  [s3-no_nn-IL-nc2-dp2] 380/384 games (1960/h, eta 0m)
  [s3-no_nn-IL-nc2-dp2] 381/384 games (1962/h, eta 0m)
  [s3-no_nn-IL-nc2-dp2] 382/384 games (1953/h, eta 0m)
  [s3-no_nn-IL-nc2-dp2] 383/384 games (1948/h, eta 0m)
  [s3-no_nn-IL-nc2-dp2] 384/384 games (1920/h, eta 0m)
== s3-no_bb-IL-nc2 -> experiments/results/perturbation/s3-no_bb-IL-nc2.jsonl
  [s3-no_bb-IL-nc2] 1/384 games (1229/h, eta 19m)
  [s3-no_bb-IL-nc2] 2/384 games (842/h, eta 27m)
  [s3-no_bb-IL-nc2] 3/384 games (938/h, eta 24m)
  [s3-no_bb-IL-nc2] 4/384 games (1024/h, eta 22m)
  [s3-no_bb-IL-nc2] 5/384 games (1149/h, eta 20m)
  [s3-no_bb-IL-nc2] 6/384 games (1366/h, eta 17m)
  [s3-no_bb-IL-nc2] 7/384 games (1544/h, eta 15m)
  [s3-no_bb-IL-nc2] 8/384 games (1589/h, eta 14m)
  [s3-no_bb-IL-nc2] 9/384 games (1757/h, eta 13m)
  [s3-no_bb-IL-nc2] 10/384 games (1506/h, eta 15m)
  [s3-no_bb-IL-nc2] 11/384 games (1471/h, eta 15m)
  [s3-no_bb-IL-nc2] 12/384 games (1588/h, eta 14m)
  [s3-no_bb-IL-nc2] 13/384 games (1710/h, eta 13m)
  [s3-no_bb-IL-nc2] 14/384 games (1799/h, eta 12m)
  [s3-no_bb-IL-nc2] 15/384 games (1840/h, eta 12m)
  [s3-no_bb-IL-nc2] 16/384 games (1901/h, eta 12m)
  [s3-no_bb-IL-nc2] 17/384 games (1942/h, eta 11m)
  [s3-no_bb-IL-nc2] 18/384 games (2012/h, eta 11m)
  [s3-no_bb-IL-nc2] 19/384 games (2098/h, eta 10m)
  [s3-no_bb-IL-nc2] 20/384 games (2146/h, eta 10m)
  [s3-no_bb-IL-nc2] 21/384 games (2214/h, eta 10m)
  [s3-no_bb-IL-nc2] 22/384 games (2280/h, eta 10m)
  [s3-no_bb-IL-nc2] 23/384 games (2316/h, eta 9m)
  [s3-no_bb-IL-nc2] 24/384 games (2410/h, eta 9m)
  [s3-no_bb-IL-nc2] 25/384 games (2412/h, eta 9m)
  [s3-no_bb-IL-nc2] 26/384 games (2478/h, eta 9m)
  [s3-no_bb-IL-nc2] 27/384 games (2387/h, eta 9m)
  [s3-no_bb-IL-nc2] 28/384 games (2399/h, eta 9m)
  [s3-no_bb-IL-nc2] 29/384 games (2298/h, eta 9m)
  [s3-no_bb-IL-nc2] 30/384 games (2375/h, eta 9m)
  [s3-no_bb-IL-nc2] 31/384 games (2423/h, eta 9m)
  [s3-no_bb-IL-nc2] 32/384 games (2498/h, eta 8m)
  [s3-no_bb-IL-nc2] 33/384 games (2507/h, eta 8m)
  [s3-no_bb-IL-nc2] 34/384 games (2575/h, eta 8m)
  [s3-no_bb-IL-nc2] 35/384 games (2550/h, eta 8m)
  [s3-no_bb-IL-nc2] 36/384 games (2588/h, eta 8m)
  [s3-no_bb-IL-nc2] 37/384 games (2637/h, eta 8m)
  [s3-no_bb-IL-nc2] 38/384 games (2688/h, eta 8m)
  [s3-no_bb-IL-nc2] 39/384 games (2686/h, eta 8m)
  [s3-no_bb-IL-nc2] 40/384 games (2742/h, eta 8m)
  [s3-no_bb-IL-nc2] 41/384 games (2807/h, eta 7m)
  [s3-no_bb-IL-nc2] 42/384 games (2847/h, eta 7m)
  [s3-no_bb-IL-nc2] 43/384 games (2913/h, eta 7m)
  [s3-no_bb-IL-nc2] 44/384 games (2757/h, eta 7m)
  [s3-no_bb-IL-nc2] 45/384 games (2818/h, eta 7m)
  [s3-no_bb-IL-nc2] 46/384 games (2851/h, eta 7m)
  [s3-no_bb-IL-nc2] 47/384 games (2827/h, eta 7m)
  [s3-no_bb-IL-nc2] 48/384 games (2779/h, eta 7m)
  [s3-no_bb-IL-nc2] 49/384 games (2831/h, eta 7m)
  [s3-no_bb-IL-nc2] 50/384 games (2803/h, eta 7m)
  [s3-no_bb-IL-nc2] 51/384 games (2847/h, eta 7m)
  [s3-no_bb-IL-nc2] 52/384 games (2894/h, eta 7m)
  [s3-no_bb-IL-nc2] 53/384 games (2901/h, eta 7m)
  [s3-no_bb-IL-nc2] 54/384 games (2866/h, eta 7m)
  [s3-no_bb-IL-nc2] 55/384 games (2860/h, eta 7m)
  [s3-no_bb-IL-nc2] 56/384 games (2846/h, eta 7m)
  [s3-no_bb-IL-nc2] 57/384 games (2890/h, eta 7m)
  [s3-no_bb-IL-nc2] 58/384 games (2902/h, eta 7m)
  [s3-no_bb-IL-nc2] 59/384 games (2875/h, eta 7m)
  [s3-no_bb-IL-nc2] 60/384 games (2885/h, eta 7m)
  [s3-no_bb-IL-nc2] 61/384 games (2907/h, eta 7m)
  [s3-no_bb-IL-nc2] 62/384 games (2916/h, eta 7m)
  [s3-no_bb-IL-nc2] 63/384 games (2958/h, eta 7m)
  [s3-no_bb-IL-nc2] 64/384 games (2992/h, eta 6m)
  [s3-no_bb-IL-nc2] 65/384 games (3007/h, eta 6m)
  [s3-no_bb-IL-nc2] 66/384 games (3050/h, eta 6m)
  [s3-no_bb-IL-nc2] 67/384 games (3047/h, eta 6m)
  [s3-no_bb-IL-nc2] 68/384 games (3045/h, eta 6m)
  [s3-no_bb-IL-nc2] 69/384 games (3041/h, eta 6m)
  [s3-no_bb-IL-nc2] 70/384 games (3047/h, eta 6m)
  [s3-no_bb-IL-nc2] 71/384 games (3055/h, eta 6m)
  [s3-no_bb-IL-nc2] 72/384 games (3031/h, eta 6m)
  [s3-no_bb-IL-nc2] 73/384 games (3063/h, eta 6m)
  [s3-no_bb-IL-nc2] 74/384 games (3099/h, eta 6m)
  [s3-no_bb-IL-nc2] 75/384 games (3125/h, eta 6m)
  [s3-no_bb-IL-nc2] 76/384 games (3058/h, eta 6m)
  [s3-no_bb-IL-nc2] 77/384 games (3029/h, eta 6m)
  [s3-no_bb-IL-nc2] 78/384 games (3061/h, eta 6m)
  [s3-no_bb-IL-nc2] 79/384 games (3070/h, eta 6m)
  [s3-no_bb-IL-nc2] 80/384 games (3089/h, eta 6m)
  [s3-no_bb-IL-nc2] 81/384 games (3095/h, eta 6m)
  [s3-no_bb-IL-nc2] 82/384 games (3131/h, eta 6m)
  [s3-no_bb-IL-nc2] 83/384 games (3158/h, eta 6m)
  [s3-no_bb-IL-nc2] 84/384 games (3123/h, eta 6m)
  [s3-no_bb-IL-nc2] 85/384 games (3101/h, eta 6m)
  [s3-no_bb-IL-nc2] 86/384 games (3114/h, eta 6m)
  [s3-no_bb-IL-nc2] 87/384 games (3148/h, eta 6m)
  [s3-no_bb-IL-nc2] 88/384 games (3165/h, eta 6m)
  [s3-no_bb-IL-nc2] 89/384 games (3193/h, eta 6m)
  [s3-no_bb-IL-nc2] 90/384 games (3070/h, eta 6m)
  [s3-no_bb-IL-nc2] 91/384 games (3066/h, eta 6m)
  [s3-no_bb-IL-nc2] 92/384 games (3038/h, eta 6m)
  [s3-no_bb-IL-nc2] 93/384 games (3069/h, eta 6m)
  [s3-no_bb-IL-nc2] 94/384 games (3074/h, eta 6m)
  [s3-no_bb-IL-nc2] 95/384 games (3050/h, eta 6m)
  [s3-no_bb-IL-nc2] 96/384 games (3076/h, eta 6m)
  [s3-no_bb-IL-nc2] 97/384 games (3073/h, eta 6m)
  [s3-no_bb-IL-nc2] 98/384 games (3102/h, eta 6m)
  [s3-no_bb-IL-nc2] 99/384 games (3118/h, eta 5m)
  [s3-no_bb-IL-nc2] 100/384 games (3144/h, eta 5m)
  [s3-no_bb-IL-nc2] 101/384 games (3151/h, eta 5m)
  [s3-no_bb-IL-nc2] 102/384 games (3152/h, eta 5m)
  [s3-no_bb-IL-nc2] 103/384 games (3163/h, eta 5m)
  [s3-no_bb-IL-nc2] 104/384 games (3057/h, eta 5m)
  [s3-no_bb-IL-nc2] 105/384 games (3076/h, eta 5m)
  [s3-no_bb-IL-nc2] 106/384 games (3051/h, eta 5m)
  [s3-no_bb-IL-nc2] 107/384 games (3038/h, eta 5m)
  [s3-no_bb-IL-nc2] 108/384 games (3054/h, eta 5m)
  [s3-no_bb-IL-nc2] 109/384 games (3037/h, eta 5m)
  [s3-no_bb-IL-nc2] 110/384 games (3061/h, eta 5m)
  [s3-no_bb-IL-nc2] 111/384 games (3010/h, eta 5m)
  [s3-no_bb-IL-nc2] 112/384 games (3016/h, eta 5m)
  [s3-no_bb-IL-nc2] 113/384 games (3033/h, eta 5m)
  [s3-no_bb-IL-nc2] 114/384 games (3035/h, eta 5m)
  [s3-no_bb-IL-nc2] 115/384 games (3025/h, eta 5m)
  [s3-no_bb-IL-nc2] 116/384 games (3035/h, eta 5m)
  [s3-no_bb-IL-nc2] 117/384 games (3013/h, eta 5m)
  [s3-no_bb-IL-nc2] 118/384 games (3027/h, eta 5m)
  [s3-no_bb-IL-nc2] 119/384 games (3051/h, eta 5m)
  [s3-no_bb-IL-nc2] 120/384 games (3014/h, eta 5m)
  [s3-no_bb-IL-nc2] 121/384 games (3031/h, eta 5m)
  [s3-no_bb-IL-nc2] 122/384 games (3036/h, eta 5m)
  [s3-no_bb-IL-nc2] 123/384 games (3055/h, eta 5m)
  [s3-no_bb-IL-nc2] 124/384 games (3018/h, eta 5m)
  [s3-no_bb-IL-nc2] 125/384 games (3006/h, eta 5m)
  [s3-no_bb-IL-nc2] 126/384 games (3018/h, eta 5m)
  [s3-no_bb-IL-nc2] 127/384 games (3016/h, eta 5m)
  [s3-no_bb-IL-nc2] 128/384 games (3009/h, eta 5m)
  [s3-no_bb-IL-nc2] 129/384 games (3029/h, eta 5m)
  [s3-no_bb-IL-nc2] 130/384 games (3035/h, eta 5m)
  [s3-no_bb-IL-nc2] 131/384 games (2992/h, eta 5m)
  [s3-no_bb-IL-nc2] 132/384 games (3000/h, eta 5m)
  [s3-no_bb-IL-nc2] 133/384 games (2962/h, eta 5m)
  [s3-no_bb-IL-nc2] 134/384 games (2955/h, eta 5m)
  [s3-no_bb-IL-nc2] 135/384 games (2970/h, eta 5m)
  [s3-no_bb-IL-nc2] 136/384 games (2976/h, eta 5m)
  [s3-no_bb-IL-nc2] 137/384 games (2990/h, eta 5m)
  [s3-no_bb-IL-nc2] 138/384 games (2991/h, eta 5m)
  [s3-no_bb-IL-nc2] 139/384 games (3008/h, eta 5m)
  [s3-no_bb-IL-nc2] 140/384 games (3029/h, eta 5m)
  [s3-no_bb-IL-nc2] 141/384 games (3040/h, eta 5m)
  [s3-no_bb-IL-nc2] 142/384 games (3060/h, eta 5m)
  [s3-no_bb-IL-nc2] 143/384 games (3076/h, eta 5m)
  [s3-no_bb-IL-nc2] 144/384 games (3078/h, eta 5m)
  [s3-no_bb-IL-nc2] 145/384 games (3068/h, eta 5m)
  [s3-no_bb-IL-nc2] 146/384 games (3071/h, eta 5m)
  [s3-no_bb-IL-nc2] 147/384 games (3081/h, eta 5m)
  [s3-no_bb-IL-nc2] 148/384 games (3066/h, eta 5m)
  [s3-no_bb-IL-nc2] 149/384 games (3006/h, eta 5m)
  [s3-no_bb-IL-nc2] 150/384 games (3023/h, eta 5m)
  [s3-no_bb-IL-nc2] 151/384 games (3040/h, eta 5m)
  [s3-no_bb-IL-nc2] 152/384 games (3060/h, eta 5m)
  [s3-no_bb-IL-nc2] 153/384 games (3075/h, eta 5m)
  [s3-no_bb-IL-nc2] 154/384 games (3062/h, eta 5m)
  [s3-no_bb-IL-nc2] 155/384 games (2991/h, eta 5m)
  [s3-no_bb-IL-nc2] 156/384 games (2965/h, eta 5m)
  [s3-no_bb-IL-nc2] 157/384 games (2968/h, eta 5m)
  [s3-no_bb-IL-nc2] 158/384 games (2986/h, eta 5m)
  [s3-no_bb-IL-nc2] 159/384 games (2992/h, eta 5m)
  [s3-no_bb-IL-nc2] 160/384 games (3003/h, eta 4m)
  [s3-no_bb-IL-nc2] 161/384 games (2986/h, eta 4m)
  [s3-no_bb-IL-nc2] 162/384 games (2971/h, eta 4m)
  [s3-no_bb-IL-nc2] 163/384 games (2963/h, eta 4m)
  [s3-no_bb-IL-nc2] 164/384 games (2969/h, eta 4m)
  [s3-no_bb-IL-nc2] 165/384 games (2985/h, eta 4m)
  [s3-no_bb-IL-nc2] 166/384 games (2974/h, eta 4m)
  [s3-no_bb-IL-nc2] 167/384 games (2989/h, eta 4m)
  [s3-no_bb-IL-nc2] 168/384 games (2975/h, eta 4m)
  [s3-no_bb-IL-nc2] 169/384 games (2986/h, eta 4m)
  [s3-no_bb-IL-nc2] 170/384 games (2995/h, eta 4m)
  [s3-no_bb-IL-nc2] 171/384 games (3013/h, eta 4m)
  [s3-no_bb-IL-nc2] 172/384 games (3011/h, eta 4m)
  [s3-no_bb-IL-nc2] 173/384 games (3017/h, eta 4m)
  [s3-no_bb-IL-nc2] 174/384 games (3023/h, eta 4m)
  [s3-no_bb-IL-nc2] 175/384 games (3019/h, eta 4m)
  [s3-no_bb-IL-nc2] 176/384 games (3026/h, eta 4m)
  [s3-no_bb-IL-nc2] 177/384 games (3007/h, eta 4m)
  [s3-no_bb-IL-nc2] 178/384 games (3003/h, eta 4m)
  [s3-no_bb-IL-nc2] 179/384 games (2975/h, eta 4m)
  [s3-no_bb-IL-nc2] 180/384 games (2989/h, eta 4m)
  [s3-no_bb-IL-nc2] 181/384 games (2977/h, eta 4m)
  [s3-no_bb-IL-nc2] 182/384 games (2987/h, eta 4m)
  [s3-no_bb-IL-nc2] 183/384 games (2950/h, eta 4m)
  [s3-no_bb-IL-nc2] 184/384 games (2964/h, eta 4m)
  [s3-no_bb-IL-nc2] 185/384 games (2969/h, eta 4m)
  [s3-no_bb-IL-nc2] 186/384 games (2968/h, eta 4m)
  [s3-no_bb-IL-nc2] 187/384 games (2954/h, eta 4m)
  [s3-no_bb-IL-nc2] 188/384 games (2967/h, eta 4m)
  [s3-no_bb-IL-nc2] 189/384 games (2969/h, eta 4m)
  [s3-no_bb-IL-nc2] 190/384 games (2954/h, eta 4m)
  [s3-no_bb-IL-nc2] 191/384 games (2963/h, eta 4m)
  [s3-no_bb-IL-nc2] 192/384 games (2966/h, eta 4m)
  [s3-no_bb-IL-nc2] 193/384 games (2954/h, eta 4m)
  [s3-no_bb-IL-nc2] 194/384 games (2957/h, eta 4m)
  [s3-no_bb-IL-nc2] 195/384 games (2952/h, eta 4m)
  [s3-no_bb-IL-nc2] 196/384 games (2965/h, eta 4m)
  [s3-no_bb-IL-nc2] 197/384 games (2962/h, eta 4m)
  [s3-no_bb-IL-nc2] 198/384 games (2954/h, eta 4m)
  [s3-no_bb-IL-nc2] 199/384 games (2962/h, eta 4m)
  [s3-no_bb-IL-nc2] 200/384 games (2960/h, eta 4m)
  [s3-no_bb-IL-nc2] 201/384 games (2974/h, eta 4m)
  [s3-no_bb-IL-nc2] 202/384 games (2982/h, eta 4m)
  [s3-no_bb-IL-nc2] 203/384 games (2987/h, eta 4m)
  [s3-no_bb-IL-nc2] 204/384 games (2985/h, eta 4m)
  [s3-no_bb-IL-nc2] 205/384 games (2994/h, eta 4m)
  [s3-no_bb-IL-nc2] 206/384 games (3003/h, eta 4m)
  [s3-no_bb-IL-nc2] 207/384 games (2969/h, eta 4m)
  [s3-no_bb-IL-nc2] 208/384 games (2974/h, eta 4m)
  [s3-no_bb-IL-nc2] 209/384 games (2975/h, eta 4m)
  [s3-no_bb-IL-nc2] 210/384 games (2972/h, eta 4m)
  [s3-no_bb-IL-nc2] 211/384 games (2985/h, eta 3m)
  [s3-no_bb-IL-nc2] 212/384 games (2992/h, eta 3m)
  [s3-no_bb-IL-nc2] 213/384 games (2998/h, eta 3m)
  [s3-no_bb-IL-nc2] 214/384 games (2979/h, eta 3m)
  [s3-no_bb-IL-nc2] 215/384 games (2951/h, eta 3m)
  [s3-no_bb-IL-nc2] 216/384 games (2933/h, eta 3m)
  [s3-no_bb-IL-nc2] 217/384 games (2945/h, eta 3m)
  [s3-no_bb-IL-nc2] 218/384 games (2942/h, eta 3m)
  [s3-no_bb-IL-nc2] 219/384 games (2953/h, eta 3m)
  [s3-no_bb-IL-nc2] 220/384 games (2955/h, eta 3m)
  [s3-no_bb-IL-nc2] 221/384 games (2961/h, eta 3m)
  [s3-no_bb-IL-nc2] 222/384 games (2936/h, eta 3m)
  [s3-no_bb-IL-nc2] 223/384 games (2941/h, eta 3m)
  [s3-no_bb-IL-nc2] 224/384 games (2949/h, eta 3m)
  [s3-no_bb-IL-nc2] 225/384 games (2953/h, eta 3m)
  [s3-no_bb-IL-nc2] 226/384 games (2928/h, eta 3m)
  [s3-no_bb-IL-nc2] 227/384 games (2928/h, eta 3m)
  [s3-no_bb-IL-nc2] 228/384 games (2936/h, eta 3m)
  [s3-no_bb-IL-nc2] 229/384 games (2919/h, eta 3m)
  [s3-no_bb-IL-nc2] 230/384 games (2920/h, eta 3m)
  [s3-no_bb-IL-nc2] 231/384 games (2927/h, eta 3m)
  [s3-no_bb-IL-nc2] 232/384 games (2939/h, eta 3m)
  [s3-no_bb-IL-nc2] 233/384 games (2935/h, eta 3m)
  [s3-no_bb-IL-nc2] 234/384 games (2930/h, eta 3m)
  [s3-no_bb-IL-nc2] 235/384 games (2929/h, eta 3m)
  [s3-no_bb-IL-nc2] 236/384 games (2932/h, eta 3m)
  [s3-no_bb-IL-nc2] 237/384 games (2940/h, eta 3m)
  [s3-no_bb-IL-nc2] 238/384 games (2944/h, eta 3m)
  [s3-no_bb-IL-nc2] 239/384 games (2947/h, eta 3m)
  [s3-no_bb-IL-nc2] 240/384 games (2947/h, eta 3m)
  [s3-no_bb-IL-nc2] 241/384 games (2957/h, eta 3m)
  [s3-no_bb-IL-nc2] 242/384 games (2963/h, eta 3m)
  [s3-no_bb-IL-nc2] 243/384 games (2964/h, eta 3m)
  [s3-no_bb-IL-nc2] 244/384 games (2934/h, eta 3m)
  [s3-no_bb-IL-nc2] 245/384 games (2931/h, eta 3m)
  [s3-no_bb-IL-nc2] 246/384 games (2929/h, eta 3m)
  [s3-no_bb-IL-nc2] 247/384 games (2930/h, eta 3m)
  [s3-no_bb-IL-nc2] 248/384 games (2939/h, eta 3m)
  [s3-no_bb-IL-nc2] 249/384 games (2920/h, eta 3m)
  [s3-no_bb-IL-nc2] 250/384 games (2918/h, eta 3m)
  [s3-no_bb-IL-nc2] 251/384 games (2911/h, eta 3m)
  [s3-no_bb-IL-nc2] 252/384 games (2917/h, eta 3m)
  [s3-no_bb-IL-nc2] 253/384 games (2928/h, eta 3m)
  [s3-no_bb-IL-nc2] 254/384 games (2932/h, eta 3m)
  [s3-no_bb-IL-nc2] 255/384 games (2929/h, eta 3m)
  [s3-no_bb-IL-nc2] 256/384 games (2933/h, eta 3m)
  [s3-no_bb-IL-nc2] 257/384 games (2936/h, eta 3m)
  [s3-no_bb-IL-nc2] 258/384 games (2922/h, eta 3m)
  [s3-no_bb-IL-nc2] 259/384 games (2928/h, eta 3m)
  [s3-no_bb-IL-nc2] 260/384 games (2932/h, eta 3m)
  [s3-no_bb-IL-nc2] 261/384 games (2940/h, eta 3m)
  [s3-no_bb-IL-nc2] 262/384 games (2939/h, eta 2m)
  [s3-no_bb-IL-nc2] 263/384 games (2940/h, eta 2m)
  [s3-no_bb-IL-nc2] 264/384 games (2947/h, eta 2m)
  [s3-no_bb-IL-nc2] 265/384 games (2946/h, eta 2m)
  [s3-no_bb-IL-nc2] 266/384 games (2952/h, eta 2m)
  [s3-no_bb-IL-nc2] 267/384 games (2958/h, eta 2m)
  [s3-no_bb-IL-nc2] 268/384 games (2967/h, eta 2m)
  [s3-no_bb-IL-nc2] 269/384 games (2966/h, eta 2m)
  [s3-no_bb-IL-nc2] 270/384 games (2969/h, eta 2m)
  [s3-no_bb-IL-nc2] 271/384 games (2935/h, eta 2m)
  [s3-no_bb-IL-nc2] 272/384 games (2932/h, eta 2m)
  [s3-no_bb-IL-nc2] 273/384 games (2926/h, eta 2m)
  [s3-no_bb-IL-nc2] 274/384 games (2915/h, eta 2m)
  [s3-no_bb-IL-nc2] 275/384 games (2926/h, eta 2m)
  [s3-no_bb-IL-nc2] 276/384 games (2922/h, eta 2m)
  [s3-no_bb-IL-nc2] 277/384 games (2923/h, eta 2m)
  [s3-no_bb-IL-nc2] 278/384 games (2931/h, eta 2m)
  [s3-no_bb-IL-nc2] 279/384 games (2935/h, eta 2m)
  [s3-no_bb-IL-nc2] 280/384 games (2930/h, eta 2m)
  [s3-no_bb-IL-nc2] 281/384 games (2937/h, eta 2m)
  [s3-no_bb-IL-nc2] 282/384 games (2931/h, eta 2m)
  [s3-no_bb-IL-nc2] 283/384 games (2933/h, eta 2m)
  [s3-no_bb-IL-nc2] 284/384 games (2939/h, eta 2m)
  [s3-no_bb-IL-nc2] 285/384 games (2924/h, eta 2m)
  [s3-no_bb-IL-nc2] 286/384 games (2928/h, eta 2m)
  [s3-no_bb-IL-nc2] 287/384 games (2925/h, eta 2m)
  [s3-no_bb-IL-nc2] 288/384 games (2934/h, eta 2m)
  [s3-no_bb-IL-nc2] 289/384 games (2940/h, eta 2m)
  [s3-no_bb-IL-nc2] 290/384 games (2948/h, eta 2m)
  [s3-no_bb-IL-nc2] 291/384 games (2957/h, eta 2m)
  [s3-no_bb-IL-nc2] 292/384 games (2967/h, eta 2m)
  [s3-no_bb-IL-nc2] 293/384 games (2963/h, eta 2m)
  [s3-no_bb-IL-nc2] 294/384 games (2936/h, eta 2m)
  [s3-no_bb-IL-nc2] 295/384 games (2932/h, eta 2m)
  [s3-no_bb-IL-nc2] 296/384 games (2932/h, eta 2m)
  [s3-no_bb-IL-nc2] 297/384 games (2938/h, eta 2m)
  [s3-no_bb-IL-nc2] 298/384 games (2942/h, eta 2m)
  [s3-no_bb-IL-nc2] 299/384 games (2945/h, eta 2m)
  [s3-no_bb-IL-nc2] 300/384 games (2949/h, eta 2m)
  [s3-no_bb-IL-nc2] 301/384 games (2954/h, eta 2m)
  [s3-no_bb-IL-nc2] 302/384 games (2964/h, eta 2m)
  [s3-no_bb-IL-nc2] 303/384 games (2968/h, eta 2m)
  [s3-no_bb-IL-nc2] 304/384 games (2958/h, eta 2m)
  [s3-no_bb-IL-nc2] 305/384 games (2962/h, eta 2m)
  [s3-no_bb-IL-nc2] 306/384 games (2971/h, eta 2m)
  [s3-no_bb-IL-nc2] 307/384 games (2970/h, eta 2m)
  [s3-no_bb-IL-nc2] 308/384 games (2977/h, eta 2m)
  [s3-no_bb-IL-nc2] 309/384 games (2975/h, eta 2m)
  [s3-no_bb-IL-nc2] 310/384 games (2974/h, eta 1m)
  [s3-no_bb-IL-nc2] 311/384 games (2955/h, eta 1m)
  [s3-no_bb-IL-nc2] 312/384 games (2956/h, eta 1m)
  [s3-no_bb-IL-nc2] 313/384 games (2945/h, eta 1m)
  [s3-no_bb-IL-nc2] 314/384 games (2931/h, eta 1m)
  [s3-no_bb-IL-nc2] 315/384 games (2932/h, eta 1m)
  [s3-no_bb-IL-nc2] 316/384 games (2936/h, eta 1m)
  [s3-no_bb-IL-nc2] 317/384 games (2927/h, eta 1m)
  [s3-no_bb-IL-nc2] 318/384 games (2932/h, eta 1m)
  [s3-no_bb-IL-nc2] 319/384 games (2938/h, eta 1m)
  [s3-no_bb-IL-nc2] 320/384 games (2943/h, eta 1m)
  [s3-no_bb-IL-nc2] 321/384 games (2944/h, eta 1m)
  [s3-no_bb-IL-nc2] 322/384 games (2951/h, eta 1m)
  [s3-no_bb-IL-nc2] 323/384 games (2940/h, eta 1m)
  [s3-no_bb-IL-nc2] 324/384 games (2942/h, eta 1m)
  [s3-no_bb-IL-nc2] 325/384 games (2951/h, eta 1m)
  [s3-no_bb-IL-nc2] 326/384 games (2956/h, eta 1m)
  [s3-no_bb-IL-nc2] 327/384 games (2964/h, eta 1m)
  [s3-no_bb-IL-nc2] 328/384 games (2952/h, eta 1m)
  [s3-no_bb-IL-nc2] 329/384 games (2944/h, eta 1m)
  [s3-no_bb-IL-nc2] 330/384 games (2947/h, eta 1m)
  [s3-no_bb-IL-nc2] 331/384 games (2947/h, eta 1m)
  [s3-no_bb-IL-nc2] 332/384 games (2951/h, eta 1m)
  [s3-no_bb-IL-nc2] 333/384 games (2957/h, eta 1m)
  [s3-no_bb-IL-nc2] 334/384 games (2961/h, eta 1m)
  [s3-no_bb-IL-nc2] 335/384 games (2961/h, eta 1m)
  [s3-no_bb-IL-nc2] 336/384 games (2962/h, eta 1m)
  [s3-no_bb-IL-nc2] 337/384 games (2956/h, eta 1m)
  [s3-no_bb-IL-nc2] 338/384 games (2948/h, eta 1m)
  [s3-no_bb-IL-nc2] 339/384 games (2935/h, eta 1m)
  [s3-no_bb-IL-nc2] 340/384 games (2941/h, eta 1m)
  [s3-no_bb-IL-nc2] 341/384 games (2937/h, eta 1m)
  [s3-no_bb-IL-nc2] 342/384 games (2934/h, eta 1m)
  [s3-no_bb-IL-nc2] 343/384 games (2936/h, eta 1m)
  [s3-no_bb-IL-nc2] 344/384 games (2942/h, eta 1m)
  [s3-no_bb-IL-nc2] 345/384 games (2942/h, eta 1m)
  [s3-no_bb-IL-nc2] 346/384 games (2943/h, eta 1m)
  [s3-no_bb-IL-nc2] 347/384 games (2950/h, eta 1m)
  [s3-no_bb-IL-nc2] 348/384 games (2956/h, eta 1m)
  [s3-no_bb-IL-nc2] 349/384 games (2961/h, eta 1m)
  [s3-no_bb-IL-nc2] 350/384 games (2969/h, eta 1m)
  [s3-no_bb-IL-nc2] 351/384 games (2976/h, eta 1m)
  [s3-no_bb-IL-nc2] 352/384 games (2971/h, eta 1m)
  [s3-no_bb-IL-nc2] 353/384 games (2978/h, eta 1m)
  [s3-no_bb-IL-nc2] 354/384 games (2985/h, eta 1m)
  [s3-no_bb-IL-nc2] 355/384 games (2992/h, eta 1m)
  [s3-no_bb-IL-nc2] 356/384 games (2999/h, eta 1m)
  [s3-no_bb-IL-nc2] 357/384 games (2994/h, eta 1m)
  [s3-no_bb-IL-nc2] 358/384 games (3001/h, eta 1m)
  [s3-no_bb-IL-nc2] 359/384 games (2999/h, eta 1m)
  [s3-no_bb-IL-nc2] 360/384 games (3007/h, eta 0m)
  [s3-no_bb-IL-nc2] 361/384 games (2972/h, eta 0m)
  [s3-no_bb-IL-nc2] 362/384 games (2971/h, eta 0m)
  [s3-no_bb-IL-nc2] 363/384 games (2975/h, eta 0m)
  [s3-no_bb-IL-nc2] 364/384 games (2981/h, eta 0m)
  [s3-no_bb-IL-nc2] 365/384 games (2988/h, eta 0m)
  [s3-no_bb-IL-nc2] 366/384 games (2957/h, eta 0m)
  [s3-no_bb-IL-nc2] 367/384 games (2965/h, eta 0m)
  [s3-no_bb-IL-nc2] 368/384 games (2966/h, eta 0m)
  [s3-no_bb-IL-nc2] 369/384 games (2966/h, eta 0m)
  [s3-no_bb-IL-nc2] 370/384 games (2969/h, eta 0m)
  [s3-no_bb-IL-nc2] 371/384 games (2966/h, eta 0m)
  [s3-no_bb-IL-nc2] 372/384 games (2970/h, eta 0m)
  [s3-no_bb-IL-nc2] 373/384 games (2976/h, eta 0m)
  [s3-no_bb-IL-nc2] 374/384 games (2982/h, eta 0m)
  [s3-no_bb-IL-nc2] 375/384 games (2985/h, eta 0m)
  [s3-no_bb-IL-nc2] 376/384 games (2993/h, eta 0m)
  [s3-no_bb-IL-nc2] 377/384 games (2995/h, eta 0m)
  [s3-no_bb-IL-nc2] 378/384 games (2994/h, eta 0m)
  [s3-no_bb-IL-nc2] 379/384 games (3001/h, eta 0m)
  [s3-no_bb-IL-nc2] 380/384 games (3006/h, eta 0m)
  [s3-no_bb-IL-nc2] 381/384 games (3000/h, eta 0m)
  [s3-no_bb-IL-nc2] 382/384 games (3000/h, eta 0m)
  [s3-no_bb-IL-nc2] 383/384 games (3006/h, eta 0m)
  [s3-no_bb-IL-nc2] 384/384 games (3006/h, eta 0m)
== s3-no_bb-IL-dp2 -> experiments/results/perturbation/s3-no_bb-IL-dp2.jsonl
  [s3-no_bb-IL-dp2] 1/384 games (593/h, eta 39m)
  [s3-no_bb-IL-dp2] 2/384 games (1003/h, eta 23m)
  [s3-no_bb-IL-dp2] 3/384 games (1235/h, eta 19m)
  [s3-no_bb-IL-dp2] 4/384 games (1623/h, eta 14m)
  [s3-no_bb-IL-dp2] 5/384 games (2022/h, eta 11m)
  [s3-no_bb-IL-dp2] 6/384 games (2228/h, eta 10m)
  [s3-no_bb-IL-dp2] 7/384 games (1905/h, eta 12m)
  [s3-no_bb-IL-dp2] 8/384 games (1875/h, eta 12m)
  [s3-no_bb-IL-dp2] 9/384 games (2052/h, eta 11m)
  [s3-no_bb-IL-dp2] 10/384 games (2199/h, eta 10m)
  [s3-no_bb-IL-dp2] 11/384 games (2278/h, eta 10m)
  [s3-no_bb-IL-dp2] 12/384 games (2440/h, eta 9m)
  [s3-no_bb-IL-dp2] 13/384 games (2599/h, eta 9m)
  [s3-no_bb-IL-dp2] 14/384 games (2533/h, eta 9m)
  [s3-no_bb-IL-dp2] 15/384 games (2358/h, eta 9m)
  [s3-no_bb-IL-dp2] 16/384 games (2193/h, eta 10m)
  [s3-no_bb-IL-dp2] 17/384 games (2280/h, eta 10m)
  [s3-no_bb-IL-dp2] 18/384 games (2369/h, eta 9m)
  [s3-no_bb-IL-dp2] 19/384 games (2211/h, eta 10m)
  [s3-no_bb-IL-dp2] 20/384 games (2250/h, eta 10m)
  [s3-no_bb-IL-dp2] 21/384 games (2310/h, eta 9m)
  [s3-no_bb-IL-dp2] 22/384 games (2320/h, eta 9m)
  [s3-no_bb-IL-dp2] 23/384 games (2276/h, eta 10m)
  [s3-no_bb-IL-dp2] 24/384 games (2354/h, eta 9m)
  [s3-no_bb-IL-dp2] 25/384 games (2383/h, eta 9m)
  [s3-no_bb-IL-dp2] 26/384 games (2455/h, eta 9m)
  [s3-no_bb-IL-dp2] 27/384 games (2476/h, eta 9m)
  [s3-no_bb-IL-dp2] 28/384 games (2483/h, eta 9m)
  [s3-no_bb-IL-dp2] 29/384 games (2340/h, eta 9m)
  [s3-no_bb-IL-dp2] 30/384 games (2394/h, eta 9m)
  [s3-no_bb-IL-dp2] 31/384 games (2439/h, eta 9m)
  [s3-no_bb-IL-dp2] 32/384 games (2489/h, eta 8m)
  [s3-no_bb-IL-dp2] 33/384 games (2515/h, eta 8m)
  [s3-no_bb-IL-dp2] 34/384 games (2549/h, eta 8m)
  [s3-no_bb-IL-dp2] 35/384 games (2492/h, eta 8m)
  [s3-no_bb-IL-dp2] 36/384 games (2501/h, eta 8m)
  [s3-no_bb-IL-dp2] 37/384 games (2545/h, eta 8m)
  [s3-no_bb-IL-dp2] 38/384 games (2484/h, eta 8m)
  [s3-no_bb-IL-dp2] 39/384 games (2528/h, eta 8m)
  [s3-no_bb-IL-dp2] 40/384 games (2528/h, eta 8m)
  [s3-no_bb-IL-dp2] 41/384 games (2562/h, eta 8m)
  [s3-no_bb-IL-dp2] 42/384 games (2573/h, eta 8m)
  [s3-no_bb-IL-dp2] 43/384 games (2605/h, eta 8m)
  [s3-no_bb-IL-dp2] 44/384 games (2630/h, eta 8m)
  [s3-no_bb-IL-dp2] 45/384 games (2645/h, eta 8m)
  [s3-no_bb-IL-dp2] 46/384 games (2657/h, eta 8m)
  [s3-no_bb-IL-dp2] 47/384 games (2674/h, eta 8m)
  [s3-no_bb-IL-dp2] 48/384 games (2623/h, eta 8m)
  [s3-no_bb-IL-dp2] 49/384 games (2571/h, eta 8m)
  [s3-no_bb-IL-dp2] 50/384 games (2580/h, eta 8m)
  [s3-no_bb-IL-dp2] 51/384 games (2369/h, eta 8m)
  [s3-no_bb-IL-dp2] 52/384 games (2348/h, eta 8m)
  [s3-no_bb-IL-dp2] 53/384 games (2378/h, eta 8m)
  [s3-no_bb-IL-dp2] 54/384 games (2406/h, eta 8m)
  [s3-no_bb-IL-dp2] 55/384 games (2400/h, eta 8m)
  [s3-no_bb-IL-dp2] 56/384 games (2432/h, eta 8m)
  [s3-no_bb-IL-dp2] 57/384 games (2450/h, eta 8m)
  [s3-no_bb-IL-dp2] 58/384 games (2381/h, eta 8m)
  [s3-no_bb-IL-dp2] 59/384 games (2403/h, eta 8m)
  [s3-no_bb-IL-dp2] 60/384 games (2383/h, eta 8m)
  [s3-no_bb-IL-dp2] 61/384 games (2404/h, eta 8m)
  [s3-no_bb-IL-dp2] 62/384 games (2433/h, eta 8m)
  [s3-no_bb-IL-dp2] 63/384 games (2451/h, eta 8m)
  [s3-no_bb-IL-dp2] 64/384 games (2437/h, eta 8m)
  [s3-no_bb-IL-dp2] 65/384 games (2456/h, eta 8m)
  [s3-no_bb-IL-dp2] 66/384 games (2474/h, eta 8m)
  [s3-no_bb-IL-dp2] 67/384 games (2414/h, eta 8m)
  [s3-no_bb-IL-dp2] 68/384 games (2438/h, eta 8m)
  [s3-no_bb-IL-dp2] 69/384 games (2464/h, eta 8m)
  [s3-no_bb-IL-dp2] 70/384 games (2468/h, eta 8m)
  [s3-no_bb-IL-dp2] 71/384 games (2486/h, eta 8m)
  [s3-no_bb-IL-dp2] 72/384 games (2484/h, eta 8m)
  [s3-no_bb-IL-dp2] 73/384 games (2516/h, eta 7m)
  [s3-no_bb-IL-dp2] 74/384 games (2498/h, eta 7m)
  [s3-no_bb-IL-dp2] 75/384 games (2521/h, eta 7m)
  [s3-no_bb-IL-dp2] 76/384 games (2515/h, eta 7m)
  [s3-no_bb-IL-dp2] 77/384 games (2516/h, eta 7m)
  [s3-no_bb-IL-dp2] 78/384 games (2476/h, eta 7m)
  [s3-no_bb-IL-dp2] 79/384 games (2492/h, eta 7m)
  [s3-no_bb-IL-dp2] 80/384 games (2515/h, eta 7m)
  [s3-no_bb-IL-dp2] 81/384 games (2546/h, eta 7m)
  [s3-no_bb-IL-dp2] 82/384 games (2571/h, eta 7m)
  [s3-no_bb-IL-dp2] 83/384 games (2557/h, eta 7m)
  [s3-no_bb-IL-dp2] 84/384 games (2523/h, eta 7m)
  [s3-no_bb-IL-dp2] 85/384 games (2502/h, eta 7m)
  [s3-no_bb-IL-dp2] 86/384 games (2473/h, eta 7m)
  [s3-no_bb-IL-dp2] 87/384 games (2490/h, eta 7m)
  [s3-no_bb-IL-dp2] 88/384 games (2510/h, eta 7m)
  [s3-no_bb-IL-dp2] 89/384 games (2436/h, eta 7m)
  [s3-no_bb-IL-dp2] 90/384 games (2444/h, eta 7m)
  [s3-no_bb-IL-dp2] 91/384 games (2469/h, eta 7m)
  [s3-no_bb-IL-dp2] 92/384 games (2458/h, eta 7m)
  [s3-no_bb-IL-dp2] 93/384 games (2471/h, eta 7m)
  [s3-no_bb-IL-dp2] 94/384 games (2478/h, eta 7m)
  [s3-no_bb-IL-dp2] 95/384 games (2476/h, eta 7m)
  [s3-no_bb-IL-dp2] 96/384 games (2451/h, eta 7m)
  [s3-no_bb-IL-dp2] 97/384 games (2473/h, eta 7m)
  [s3-no_bb-IL-dp2] 98/384 games (2492/h, eta 7m)
  [s3-no_bb-IL-dp2] 99/384 games (2508/h, eta 7m)
  [s3-no_bb-IL-dp2] 100/384 games (2515/h, eta 7m)
  [s3-no_bb-IL-dp2] 101/384 games (2517/h, eta 7m)
  [s3-no_bb-IL-dp2] 102/384 games (2541/h, eta 7m)
  [s3-no_bb-IL-dp2] 103/384 games (2563/h, eta 7m)
  [s3-no_bb-IL-dp2] 104/384 games (2497/h, eta 7m)
  [s3-no_bb-IL-dp2] 105/384 games (2502/h, eta 7m)
  [s3-no_bb-IL-dp2] 106/384 games (2485/h, eta 7m)
  [s3-no_bb-IL-dp2] 107/384 games (2505/h, eta 7m)
  [s3-no_bb-IL-dp2] 108/384 games (2517/h, eta 7m)
  [s3-no_bb-IL-dp2] 109/384 games (2526/h, eta 7m)
  [s3-no_bb-IL-dp2] 110/384 games (2531/h, eta 6m)
  [s3-no_bb-IL-dp2] 111/384 games (2510/h, eta 7m)
  [s3-no_bb-IL-dp2] 112/384 games (2528/h, eta 6m)
  [s3-no_bb-IL-dp2] 113/384 games (2522/h, eta 6m)
  [s3-no_bb-IL-dp2] 114/384 games (2524/h, eta 6m)
  [s3-no_bb-IL-dp2] 115/384 games (2492/h, eta 6m)
  [s3-no_bb-IL-dp2] 116/384 games (2512/h, eta 6m)
  [s3-no_bb-IL-dp2] 117/384 games (2523/h, eta 6m)
  [s3-no_bb-IL-dp2] 118/384 games (2535/h, eta 6m)
  [s3-no_bb-IL-dp2] 119/384 games (2556/h, eta 6m)
  [s3-no_bb-IL-dp2] 120/384 games (2557/h, eta 6m)
  [s3-no_bb-IL-dp2] 121/384 games (2519/h, eta 6m)
  [s3-no_bb-IL-dp2] 122/384 games (2520/h, eta 6m)
  [s3-no_bb-IL-dp2] 123/384 games (2537/h, eta 6m)
  [s3-no_bb-IL-dp2] 124/384 games (2512/h, eta 6m)
  [s3-no_bb-IL-dp2] 125/384 games (2498/h, eta 6m)
  [s3-no_bb-IL-dp2] 126/384 games (2517/h, eta 6m)
  [s3-no_bb-IL-dp2] 127/384 games (2527/h, eta 6m)
  [s3-no_bb-IL-dp2] 128/384 games (2541/h, eta 6m)
  [s3-no_bb-IL-dp2] 129/384 games (2560/h, eta 6m)
  [s3-no_bb-IL-dp2] 130/384 games (2536/h, eta 6m)
  [s3-no_bb-IL-dp2] 131/384 games (2540/h, eta 6m)
  [s3-no_bb-IL-dp2] 132/384 games (2559/h, eta 6m)
  [s3-no_bb-IL-dp2] 133/384 games (2535/h, eta 6m)
  [s3-no_bb-IL-dp2] 134/384 games (2542/h, eta 6m)
  [s3-no_bb-IL-dp2] 135/384 games (2558/h, eta 6m)
  [s3-no_bb-IL-dp2] 136/384 games (2570/h, eta 6m)
  [s3-no_bb-IL-dp2] 137/384 games (2585/h, eta 6m)
  [s3-no_bb-IL-dp2] 138/384 games (2598/h, eta 6m)
  [s3-no_bb-IL-dp2] 139/384 games (2613/h, eta 6m)
  [s3-no_bb-IL-dp2] 140/384 games (2580/h, eta 6m)
  [s3-no_bb-IL-dp2] 141/384 games (2540/h, eta 6m)
  [s3-no_bb-IL-dp2] 142/384 games (2549/h, eta 6m)
  [s3-no_bb-IL-dp2] 143/384 games (2563/h, eta 6m)
  [s3-no_bb-IL-dp2] 144/384 games (2546/h, eta 6m)
  [s3-no_bb-IL-dp2] 145/384 games (2563/h, eta 6m)
  [s3-no_bb-IL-dp2] 146/384 games (2567/h, eta 6m)
  [s3-no_bb-IL-dp2] 147/384 games (2584/h, eta 6m)
  [s3-no_bb-IL-dp2] 148/384 games (2555/h, eta 6m)
  [s3-no_bb-IL-dp2] 149/384 games (2560/h, eta 6m)
  [s3-no_bb-IL-dp2] 150/384 games (2567/h, eta 5m)
  [s3-no_bb-IL-dp2] 151/384 games (2569/h, eta 5m)
  [s3-no_bb-IL-dp2] 152/384 games (2566/h, eta 5m)
  [s3-no_bb-IL-dp2] 153/384 games (2542/h, eta 5m)
  [s3-no_bb-IL-dp2] 154/384 games (2554/h, eta 5m)
  [s3-no_bb-IL-dp2] 155/384 games (2570/h, eta 5m)
  [s3-no_bb-IL-dp2] 156/384 games (2573/h, eta 5m)
  [s3-no_bb-IL-dp2] 157/384 games (2586/h, eta 5m)
  [s3-no_bb-IL-dp2] 158/384 games (2539/h, eta 5m)
  [s3-no_bb-IL-dp2] 159/384 games (2555/h, eta 5m)
  [s3-no_bb-IL-dp2] 160/384 games (2549/h, eta 5m)
  [s3-no_bb-IL-dp2] 161/384 games (2558/h, eta 5m)
  [s3-no_bb-IL-dp2] 162/384 games (2563/h, eta 5m)
  [s3-no_bb-IL-dp2] 163/384 games (2574/h, eta 5m)
  [s3-no_bb-IL-dp2] 164/384 games (2565/h, eta 5m)
  [s3-no_bb-IL-dp2] 165/384 games (2572/h, eta 5m)
  [s3-no_bb-IL-dp2] 166/384 games (2588/h, eta 5m)
  [s3-no_bb-IL-dp2] 167/384 games (2595/h, eta 5m)
  [s3-no_bb-IL-dp2] 168/384 games (2590/h, eta 5m)
  [s3-no_bb-IL-dp2] 169/384 games (2578/h, eta 5m)
  [s3-no_bb-IL-dp2] 170/384 games (2574/h, eta 5m)
  [s3-no_bb-IL-dp2] 171/384 games (2585/h, eta 5m)
  [s3-no_bb-IL-dp2] 172/384 games (2591/h, eta 5m)
  [s3-no_bb-IL-dp2] 173/384 games (2577/h, eta 5m)
  [s3-no_bb-IL-dp2] 174/384 games (2582/h, eta 5m)
  [s3-no_bb-IL-dp2] 175/384 games (2591/h, eta 5m)
  [s3-no_bb-IL-dp2] 176/384 games (2601/h, eta 5m)
  [s3-no_bb-IL-dp2] 177/384 games (2611/h, eta 5m)
  [s3-no_bb-IL-dp2] 178/384 games (2581/h, eta 5m)
  [s3-no_bb-IL-dp2] 179/384 games (2587/h, eta 5m)
  [s3-no_bb-IL-dp2] 180/384 games (2586/h, eta 5m)
  [s3-no_bb-IL-dp2] 181/384 games (2594/h, eta 5m)
  [s3-no_bb-IL-dp2] 182/384 games (2587/h, eta 5m)
  [s3-no_bb-IL-dp2] 183/384 games (2594/h, eta 5m)
  [s3-no_bb-IL-dp2] 184/384 games (2602/h, eta 5m)
  [s3-no_bb-IL-dp2] 185/384 games (2604/h, eta 5m)
  [s3-no_bb-IL-dp2] 186/384 games (2606/h, eta 5m)
  [s3-no_bb-IL-dp2] 187/384 games (2607/h, eta 5m)
  [s3-no_bb-IL-dp2] 188/384 games (2611/h, eta 5m)
  [s3-no_bb-IL-dp2] 189/384 games (2625/h, eta 4m)
  [s3-no_bb-IL-dp2] 190/384 games (2616/h, eta 4m)
  [s3-no_bb-IL-dp2] 191/384 games (2626/h, eta 4m)
  [s3-no_bb-IL-dp2] 192/384 games (2635/h, eta 4m)
  [s3-no_bb-IL-dp2] 193/384 games (2642/h, eta 4m)
  [s3-no_bb-IL-dp2] 194/384 games (2621/h, eta 4m)
  [s3-no_bb-IL-dp2] 195/384 games (2633/h, eta 4m)
  [s3-no_bb-IL-dp2] 196/384 games (2642/h, eta 4m)
  [s3-no_bb-IL-dp2] 197/384 games (2624/h, eta 4m)
  [s3-no_bb-IL-dp2] 198/384 games (2624/h, eta 4m)
  [s3-no_bb-IL-dp2] 199/384 games (2634/h, eta 4m)
  [s3-no_bb-IL-dp2] 200/384 games (2639/h, eta 4m)
  [s3-no_bb-IL-dp2] 201/384 games (2638/h, eta 4m)
  [s3-no_bb-IL-dp2] 202/384 games (2648/h, eta 4m)
  [s3-no_bb-IL-dp2] 203/384 games (2602/h, eta 4m)
  [s3-no_bb-IL-dp2] 204/384 games (2608/h, eta 4m)
  [s3-no_bb-IL-dp2] 205/384 games (2620/h, eta 4m)
  [s3-no_bb-IL-dp2] 206/384 games (2614/h, eta 4m)
  [s3-no_bb-IL-dp2] 207/384 games (2627/h, eta 4m)
  [s3-no_bb-IL-dp2] 208/384 games (2628/h, eta 4m)
  [s3-no_bb-IL-dp2] 209/384 games (2635/h, eta 4m)
  [s3-no_bb-IL-dp2] 210/384 games (2636/h, eta 4m)
  [s3-no_bb-IL-dp2] 211/384 games (2628/h, eta 4m)
  [s3-no_bb-IL-dp2] 212/384 games (2637/h, eta 4m)
  [s3-no_bb-IL-dp2] 213/384 games (2638/h, eta 4m)
  [s3-no_bb-IL-dp2] 214/384 games (2644/h, eta 4m)
  [s3-no_bb-IL-dp2] 215/384 games (2643/h, eta 4m)
  [s3-no_bb-IL-dp2] 216/384 games (2636/h, eta 4m)
  [s3-no_bb-IL-dp2] 217/384 games (2645/h, eta 4m)
  [s3-no_bb-IL-dp2] 218/384 games (2653/h, eta 4m)
  [s3-no_bb-IL-dp2] 219/384 games (2655/h, eta 4m)
  [s3-no_bb-IL-dp2] 220/384 games (2646/h, eta 4m)
  [s3-no_bb-IL-dp2] 221/384 games (2638/h, eta 4m)
  [s3-no_bb-IL-dp2] 222/384 games (2639/h, eta 4m)
  [s3-no_bb-IL-dp2] 223/384 games (2646/h, eta 4m)
  [s3-no_bb-IL-dp2] 224/384 games (2656/h, eta 4m)
  [s3-no_bb-IL-dp2] 225/384 games (2663/h, eta 4m)
  [s3-no_bb-IL-dp2] 226/384 games (2658/h, eta 4m)
  [s3-no_bb-IL-dp2] 227/384 games (2666/h, eta 4m)
  [s3-no_bb-IL-dp2] 228/384 games (2670/h, eta 4m)
  [s3-no_bb-IL-dp2] 229/384 games (2668/h, eta 3m)
  [s3-no_bb-IL-dp2] 230/384 games (2677/h, eta 3m)
  [s3-no_bb-IL-dp2] 231/384 games (2686/h, eta 3m)
  [s3-no_bb-IL-dp2] 232/384 games (2695/h, eta 3m)
  [s3-no_bb-IL-dp2] 233/384 games (2704/h, eta 3m)
  [s3-no_bb-IL-dp2] 234/384 games (2696/h, eta 3m)
  [s3-no_bb-IL-dp2] 235/384 games (2673/h, eta 3m)
  [s3-no_bb-IL-dp2] 236/384 games (2683/h, eta 3m)
  [s3-no_bb-IL-dp2] 237/384 games (2685/h, eta 3m)
  [s3-no_bb-IL-dp2] 238/384 games (2687/h, eta 3m)
  [s3-no_bb-IL-dp2] 239/384 games (2681/h, eta 3m)
  [s3-no_bb-IL-dp2] 240/384 games (2674/h, eta 3m)
  [s3-no_bb-IL-dp2] 241/384 games (2673/h, eta 3m)
  [s3-no_bb-IL-dp2] 242/384 games (2681/h, eta 3m)
  [s3-no_bb-IL-dp2] 243/384 games (2686/h, eta 3m)
  [s3-no_bb-IL-dp2] 244/384 games (2681/h, eta 3m)
  [s3-no_bb-IL-dp2] 245/384 games (2683/h, eta 3m)
  [s3-no_bb-IL-dp2] 246/384 games (2663/h, eta 3m)
  [s3-no_bb-IL-dp2] 247/384 games (2655/h, eta 3m)
  [s3-no_bb-IL-dp2] 248/384 games (2663/h, eta 3m)
  [s3-no_bb-IL-dp2] 249/384 games (2672/h, eta 3m)
  [s3-no_bb-IL-dp2] 250/384 games (2671/h, eta 3m)
  [s3-no_bb-IL-dp2] 251/384 games (2660/h, eta 3m)
  [s3-no_bb-IL-dp2] 252/384 games (2652/h, eta 3m)
  [s3-no_bb-IL-dp2] 253/384 games (2660/h, eta 3m)
  [s3-no_bb-IL-dp2] 254/384 games (2668/h, eta 3m)
  [s3-no_bb-IL-dp2] 255/384 games (2672/h, eta 3m)
  [s3-no_bb-IL-dp2] 256/384 games (2680/h, eta 3m)
  [s3-no_bb-IL-dp2] 257/384 games (2687/h, eta 3m)
  [s3-no_bb-IL-dp2] 258/384 games (2692/h, eta 3m)
  [s3-no_bb-IL-dp2] 259/384 games (2702/h, eta 3m)
  [s3-no_bb-IL-dp2] 260/384 games (2701/h, eta 3m)
  [s3-no_bb-IL-dp2] 261/384 games (2709/h, eta 3m)
  [s3-no_bb-IL-dp2] 262/384 games (2713/h, eta 3m)
  [s3-no_bb-IL-dp2] 263/384 games (2718/h, eta 3m)
  [s3-no_bb-IL-dp2] 264/384 games (2722/h, eta 3m)
  [s3-no_bb-IL-dp2] 265/384 games (2731/h, eta 3m)
  [s3-no_bb-IL-dp2] 266/384 games (2733/h, eta 3m)
  [s3-no_bb-IL-dp2] 267/384 games (2725/h, eta 3m)
  [s3-no_bb-IL-dp2] 268/384 games (2714/h, eta 3m)
  [s3-no_bb-IL-dp2] 269/384 games (2695/h, eta 3m)
  [s3-no_bb-IL-dp2] 270/384 games (2700/h, eta 3m)
  [s3-no_bb-IL-dp2] 271/384 games (2703/h, eta 3m)
  [s3-no_bb-IL-dp2] 272/384 games (2692/h, eta 2m)
  [s3-no_bb-IL-dp2] 273/384 games (2683/h, eta 2m)
  [s3-no_bb-IL-dp2] 274/384 games (2673/h, eta 2m)
  [s3-no_bb-IL-dp2] 275/384 games (2682/h, eta 2m)
  [s3-no_bb-IL-dp2] 276/384 games (2691/h, eta 2m)
  [s3-no_bb-IL-dp2] 277/384 games (2681/h, eta 2m)
  [s3-no_bb-IL-dp2] 278/384 games (2681/h, eta 2m)
  [s3-no_bb-IL-dp2] 279/384 games (2680/h, eta 2m)
  [s3-no_bb-IL-dp2] 280/384 games (2681/h, eta 2m)
  [s3-no_bb-IL-dp2] 281/384 games (2681/h, eta 2m)
  [s3-no_bb-IL-dp2] 282/384 games (2685/h, eta 2m)
  [s3-no_bb-IL-dp2] 283/384 games (2684/h, eta 2m)
  [s3-no_bb-IL-dp2] 284/384 games (2689/h, eta 2m)
  [s3-no_bb-IL-dp2] 285/384 games (2692/h, eta 2m)
  [s3-no_bb-IL-dp2] 286/384 games (2691/h, eta 2m)
  [s3-no_bb-IL-dp2] 287/384 games (2700/h, eta 2m)
  [s3-no_bb-IL-dp2] 288/384 games (2694/h, eta 2m)
  [s3-no_bb-IL-dp2] 289/384 games (2686/h, eta 2m)
  [s3-no_bb-IL-dp2] 290/384 games (2677/h, eta 2m)
  [s3-no_bb-IL-dp2] 291/384 games (2686/h, eta 2m)
  [s3-no_bb-IL-dp2] 292/384 games (2687/h, eta 2m)
  [s3-no_bb-IL-dp2] 293/384 games (2694/h, eta 2m)
  [s3-no_bb-IL-dp2] 294/384 games (2702/h, eta 2m)
  [s3-no_bb-IL-dp2] 295/384 games (2691/h, eta 2m)
  [s3-no_bb-IL-dp2] 296/384 games (2700/h, eta 2m)
  [s3-no_bb-IL-dp2] 297/384 games (2707/h, eta 2m)
  [s3-no_bb-IL-dp2] 298/384 games (2714/h, eta 2m)
  [s3-no_bb-IL-dp2] 299/384 games (2717/h, eta 2m)
  [s3-no_bb-IL-dp2] 300/384 games (2719/h, eta 2m)
  [s3-no_bb-IL-dp2] 301/384 games (2727/h, eta 2m)
  [s3-no_bb-IL-dp2] 302/384 games (2730/h, eta 2m)
  [s3-no_bb-IL-dp2] 303/384 games (2729/h, eta 2m)
  [s3-no_bb-IL-dp2] 304/384 games (2708/h, eta 2m)
  [s3-no_bb-IL-dp2] 305/384 games (2713/h, eta 2m)
  [s3-no_bb-IL-dp2] 306/384 games (2712/h, eta 2m)
  [s3-no_bb-IL-dp2] 307/384 games (2718/h, eta 2m)
  [s3-no_bb-IL-dp2] 308/384 games (2703/h, eta 2m)
  [s3-no_bb-IL-dp2] 309/384 games (2710/h, eta 2m)
  [s3-no_bb-IL-dp2] 310/384 games (2712/h, eta 2m)
  [s3-no_bb-IL-dp2] 311/384 games (2679/h, eta 2m)
  [s3-no_bb-IL-dp2] 312/384 games (2678/h, eta 2m)
  [s3-no_bb-IL-dp2] 313/384 games (2676/h, eta 2m)
  [s3-no_bb-IL-dp2] 314/384 games (2682/h, eta 2m)
  [s3-no_bb-IL-dp2] 315/384 games (2690/h, eta 2m)
  [s3-no_bb-IL-dp2] 316/384 games (2693/h, eta 2m)
  [s3-no_bb-IL-dp2] 317/384 games (2697/h, eta 1m)
  [s3-no_bb-IL-dp2] 318/384 games (2699/h, eta 1m)
  [s3-no_bb-IL-dp2] 319/384 games (2704/h, eta 1m)
  [s3-no_bb-IL-dp2] 320/384 games (2710/h, eta 1m)
  [s3-no_bb-IL-dp2] 321/384 games (2703/h, eta 1m)
  [s3-no_bb-IL-dp2] 322/384 games (2709/h, eta 1m)
  [s3-no_bb-IL-dp2] 323/384 games (2692/h, eta 1m)
  [s3-no_bb-IL-dp2] 324/384 games (2689/h, eta 1m)
  [s3-no_bb-IL-dp2] 325/384 games (2697/h, eta 1m)
  [s3-no_bb-IL-dp2] 326/384 games (2703/h, eta 1m)
  [s3-no_bb-IL-dp2] 327/384 games (2709/h, eta 1m)
  [s3-no_bb-IL-dp2] 328/384 games (2710/h, eta 1m)
  [s3-no_bb-IL-dp2] 329/384 games (2712/h, eta 1m)
  [s3-no_bb-IL-dp2] 330/384 games (2707/h, eta 1m)
  [s3-no_bb-IL-dp2] 331/384 games (2711/h, eta 1m)
  [s3-no_bb-IL-dp2] 332/384 games (2719/h, eta 1m)
  [s3-no_bb-IL-dp2] 333/384 games (2719/h, eta 1m)
  [s3-no_bb-IL-dp2] 334/384 games (2724/h, eta 1m)
  [s3-no_bb-IL-dp2] 335/384 games (2714/h, eta 1m)
  [s3-no_bb-IL-dp2] 336/384 games (2711/h, eta 1m)
  [s3-no_bb-IL-dp2] 337/384 games (2709/h, eta 1m)
  [s3-no_bb-IL-dp2] 338/384 games (2701/h, eta 1m)
  [s3-no_bb-IL-dp2] 339/384 games (2687/h, eta 1m)
  [s3-no_bb-IL-dp2] 340/384 games (2691/h, eta 1m)
  [s3-no_bb-IL-dp2] 341/384 games (2694/h, eta 1m)
  [s3-no_bb-IL-dp2] 342/384 games (2697/h, eta 1m)
  [s3-no_bb-IL-dp2] 343/384 games (2704/h, eta 1m)
  [s3-no_bb-IL-dp2] 344/384 games (2711/h, eta 1m)
  [s3-no_bb-IL-dp2] 345/384 games (2710/h, eta 1m)
  [s3-no_bb-IL-dp2] 346/384 games (2706/h, eta 1m)
  [s3-no_bb-IL-dp2] 347/384 games (2710/h, eta 1m)
  [s3-no_bb-IL-dp2] 348/384 games (2712/h, eta 1m)
  [s3-no_bb-IL-dp2] 349/384 games (2708/h, eta 1m)
  [s3-no_bb-IL-dp2] 350/384 games (2711/h, eta 1m)
  [s3-no_bb-IL-dp2] 351/384 games (2717/h, eta 1m)
  [s3-no_bb-IL-dp2] 352/384 games (2708/h, eta 1m)
  [s3-no_bb-IL-dp2] 353/384 games (2713/h, eta 1m)
  [s3-no_bb-IL-dp2] 354/384 games (2712/h, eta 1m)
  [s3-no_bb-IL-dp2] 355/384 games (2703/h, eta 1m)
  [s3-no_bb-IL-dp2] 356/384 games (2683/h, eta 1m)
  [s3-no_bb-IL-dp2] 357/384 games (2659/h, eta 1m)
  [s3-no_bb-IL-dp2] 358/384 games (2666/h, eta 1m)
  [s3-no_bb-IL-dp2] 359/384 games (2667/h, eta 1m)
  [s3-no_bb-IL-dp2] 360/384 games (2674/h, eta 1m)
  [s3-no_bb-IL-dp2] 361/384 games (2670/h, eta 1m)
  [s3-no_bb-IL-dp2] 362/384 games (2667/h, eta 0m)
  [s3-no_bb-IL-dp2] 363/384 games (2672/h, eta 0m)
  [s3-no_bb-IL-dp2] 364/384 games (2676/h, eta 0m)
  [s3-no_bb-IL-dp2] 365/384 games (2679/h, eta 0m)
  [s3-no_bb-IL-dp2] 366/384 games (2672/h, eta 0m)
  [s3-no_bb-IL-dp2] 367/384 games (2672/h, eta 0m)
  [s3-no_bb-IL-dp2] 368/384 games (2678/h, eta 0m)
  [s3-no_bb-IL-dp2] 369/384 games (2673/h, eta 0m)
  [s3-no_bb-IL-dp2] 370/384 games (2678/h, eta 0m)
  [s3-no_bb-IL-dp2] 371/384 games (2684/h, eta 0m)
  [s3-no_bb-IL-dp2] 372/384 games (2679/h, eta 0m)
  [s3-no_bb-IL-dp2] 373/384 games (2684/h, eta 0m)
  [s3-no_bb-IL-dp2] 374/384 games (2691/h, eta 0m)
  [s3-no_bb-IL-dp2] 375/384 games (2678/h, eta 0m)
  [s3-no_bb-IL-dp2] 376/384 games (2676/h, eta 0m)
  [s3-no_bb-IL-dp2] 377/384 games (2682/h, eta 0m)
  [s3-no_bb-IL-dp2] 378/384 games (2688/h, eta 0m)
  [s3-no_bb-IL-dp2] 379/384 games (2679/h, eta 0m)
  [s3-no_bb-IL-dp2] 380/384 games (2670/h, eta 0m)
  [s3-no_bb-IL-dp2] 381/384 games (2676/h, eta 0m)
  [s3-no_bb-IL-dp2] 382/384 games (2682/h, eta 0m)
  [s3-no_bb-IL-dp2] 383/384 games (2684/h, eta 0m)
  [s3-no_bb-IL-dp2] 384/384 games (2684/h, eta 0m)
== s3-no_bb-IL-nc2-dp2 -> experiments/results/perturbation/s3-no_bb-IL-nc2-dp2.jsonl
  [s3-no_bb-IL-nc2-dp2] 1/384 games (204/h, eta 113m)
  [s3-no_bb-IL-nc2-dp2] 2/384 games (286/h, eta 80m)
  [s3-no_bb-IL-nc2-dp2] 3/384 games (425/h, eta 54m)
  [s3-no_bb-IL-nc2-dp2] 4/384 games (534/h, eta 43m)
  [s3-no_bb-IL-nc2-dp2] 5/384 games (627/h, eta 36m)
  [s3-no_bb-IL-nc2-dp2] 6/384 games (747/h, eta 30m)
  [s3-no_bb-IL-nc2-dp2] 7/384 games (770/h, eta 29m)
  [s3-no_bb-IL-nc2-dp2] 8/384 games (861/h, eta 26m)
  [s3-no_bb-IL-nc2-dp2] 9/384 games (935/h, eta 24m)
  [s3-no_bb-IL-nc2-dp2] 10/384 games (1027/h, eta 22m)
  [s3-no_bb-IL-nc2-dp2] 11/384 games (1072/h, eta 21m)
  [s3-no_bb-IL-nc2-dp2] 12/384 games (1151/h, eta 19m)
  [s3-no_bb-IL-nc2-dp2] 13/384 games (1111/h, eta 20m)
  [s3-no_bb-IL-nc2-dp2] 14/384 games (1190/h, eta 19m)
  [s3-no_bb-IL-nc2-dp2] 15/384 games (1272/h, eta 17m)
  [s3-no_bb-IL-nc2-dp2] 16/384 games (1349/h, eta 16m)
  [s3-no_bb-IL-nc2-dp2] 17/384 games (1384/h, eta 16m)
  [s3-no_bb-IL-nc2-dp2] 18/384 games (1411/h, eta 16m)
  [s3-no_bb-IL-nc2-dp2] 19/384 games (1424/h, eta 15m)
  [s3-no_bb-IL-nc2-dp2] 20/384 games (1408/h, eta 16m)
  [s3-no_bb-IL-nc2-dp2] 21/384 games (1424/h, eta 15m)
  [s3-no_bb-IL-nc2-dp2] 22/384 games (1476/h, eta 15m)
  [s3-no_bb-IL-nc2-dp2] 23/384 games (1532/h, eta 14m)
  [s3-no_bb-IL-nc2-dp2] 24/384 games (1595/h, eta 14m)
  [s3-no_bb-IL-nc2-dp2] 25/384 games (1632/h, eta 13m)
  [s3-no_bb-IL-nc2-dp2] 26/384 games (1649/h, eta 13m)
  [s3-no_bb-IL-nc2-dp2] 27/384 games (1678/h, eta 13m)
  [s3-no_bb-IL-nc2-dp2] 28/384 games (1671/h, eta 13m)
  [s3-no_bb-IL-nc2-dp2] 29/384 games (1636/h, eta 13m)
  [s3-no_bb-IL-nc2-dp2] 30/384 games (1584/h, eta 13m)
  [s3-no_bb-IL-nc2-dp2] 31/384 games (1606/h, eta 13m)
  [s3-no_bb-IL-nc2-dp2] 32/384 games (1607/h, eta 13m)
  [s3-no_bb-IL-nc2-dp2] 33/384 games (1622/h, eta 13m)
  [s3-no_bb-IL-nc2-dp2] 34/384 games (1625/h, eta 13m)
  [s3-no_bb-IL-nc2-dp2] 35/384 games (1651/h, eta 13m)
  [s3-no_bb-IL-nc2-dp2] 36/384 games (1664/h, eta 13m)
  [s3-no_bb-IL-nc2-dp2] 37/384 games (1683/h, eta 12m)
  [s3-no_bb-IL-nc2-dp2] 38/384 games (1725/h, eta 12m)
  [s3-no_bb-IL-nc2-dp2] 39/384 games (1761/h, eta 12m)
  [s3-no_bb-IL-nc2-dp2] 40/384 games (1799/h, eta 11m)
  [s3-no_bb-IL-nc2-dp2] 41/384 games (1834/h, eta 11m)
  [s3-no_bb-IL-nc2-dp2] 42/384 games (1868/h, eta 11m)
  [s3-no_bb-IL-nc2-dp2] 43/384 games (1902/h, eta 11m)
  [s3-no_bb-IL-nc2-dp2] 44/384 games (1840/h, eta 11m)
  [s3-no_bb-IL-nc2-dp2] 45/384 games (1843/h, eta 11m)
  [s3-no_bb-IL-nc2-dp2] 46/384 games (1840/h, eta 11m)
  [s3-no_bb-IL-nc2-dp2] 47/384 games (1868/h, eta 11m)
  [s3-no_bb-IL-nc2-dp2] 48/384 games (1828/h, eta 11m)
  [s3-no_bb-IL-nc2-dp2] 49/384 games (1833/h, eta 11m)
  [s3-no_bb-IL-nc2-dp2] 50/384 games (1865/h, eta 11m)
  [s3-no_bb-IL-nc2-dp2] 51/384 games (1883/h, eta 11m)
  [s3-no_bb-IL-nc2-dp2] 52/384 games (1883/h, eta 11m)
  [s3-no_bb-IL-nc2-dp2] 53/384 games (1878/h, eta 11m)
  [s3-no_bb-IL-nc2-dp2] 54/384 games (1912/h, eta 10m)
  [s3-no_bb-IL-nc2-dp2] 55/384 games (1896/h, eta 10m)
  [s3-no_bb-IL-nc2-dp2] 56/384 games (1930/h, eta 10m)
  [s3-no_bb-IL-nc2-dp2] 57/384 games (1925/h, eta 10m)
  [s3-no_bb-IL-nc2-dp2] 58/384 games (1927/h, eta 10m)
  [s3-no_bb-IL-nc2-dp2] 59/384 games (1853/h, eta 11m)
  [s3-no_bb-IL-nc2-dp2] 60/384 games (1861/h, eta 10m)
  [s3-no_bb-IL-nc2-dp2] 61/384 games (1828/h, eta 11m)
  [s3-no_bb-IL-nc2-dp2] 62/384 games (1846/h, eta 10m)
  [s3-no_bb-IL-nc2-dp2] 63/384 games (1832/h, eta 11m)
  [s3-no_bb-IL-nc2-dp2] 64/384 games (1855/h, eta 10m)
  [s3-no_bb-IL-nc2-dp2] 65/384 games (1861/h, eta 10m)
  [s3-no_bb-IL-nc2-dp2] 66/384 games (1861/h, eta 10m)
  [s3-no_bb-IL-nc2-dp2] 67/384 games (1849/h, eta 10m)
  [s3-no_bb-IL-nc2-dp2] 68/384 games (1870/h, eta 10m)
  [s3-no_bb-IL-nc2-dp2] 69/384 games (1881/h, eta 10m)
  [s3-no_bb-IL-nc2-dp2] 70/384 games (1876/h, eta 10m)
  [s3-no_bb-IL-nc2-dp2] 71/384 games (1885/h, eta 10m)
  [s3-no_bb-IL-nc2-dp2] 72/384 games (1886/h, eta 10m)
  [s3-no_bb-IL-nc2-dp2] 73/384 games (1883/h, eta 10m)
  [s3-no_bb-IL-nc2-dp2] 74/384 games (1881/h, eta 10m)
  [s3-no_bb-IL-nc2-dp2] 75/384 games (1902/h, eta 10m)
  [s3-no_bb-IL-nc2-dp2] 76/384 games (1912/h, eta 10m)
  [s3-no_bb-IL-nc2-dp2] 77/384 games (1873/h, eta 10m)
  [s3-no_bb-IL-nc2-dp2] 78/384 games (1858/h, eta 10m)
  [s3-no_bb-IL-nc2-dp2] 79/384 games (1875/h, eta 10m)
  [s3-no_bb-IL-nc2-dp2] 80/384 games (1872/h, eta 10m)
  [s3-no_bb-IL-nc2-dp2] 81/384 games (1866/h, eta 10m)
  [s3-no_bb-IL-nc2-dp2] 82/384 games (1876/h, eta 10m)
  [s3-no_bb-IL-nc2-dp2] 83/384 games (1894/h, eta 10m)
  [s3-no_bb-IL-nc2-dp2] 84/384 games (1899/h, eta 9m)
  [s3-no_bb-IL-nc2-dp2] 85/384 games (1908/h, eta 9m)
  [s3-no_bb-IL-nc2-dp2] 86/384 games (1880/h, eta 10m)
  [s3-no_bb-IL-nc2-dp2] 87/384 games (1890/h, eta 9m)
  [s3-no_bb-IL-nc2-dp2] 88/384 games (1901/h, eta 9m)
  [s3-no_bb-IL-nc2-dp2] 89/384 games (1922/h, eta 9m)
  [s3-no_bb-IL-nc2-dp2] 90/384 games (1930/h, eta 9m)
  [s3-no_bb-IL-nc2-dp2] 91/384 games (1946/h, eta 9m)
  [s3-no_bb-IL-nc2-dp2] 92/384 games (1963/h, eta 9m)
  [s3-no_bb-IL-nc2-dp2] 93/384 games (1949/h, eta 9m)
  [s3-no_bb-IL-nc2-dp2] 94/384 games (1948/h, eta 9m)
  [s3-no_bb-IL-nc2-dp2] 95/384 games (1969/h, eta 9m)
  [s3-no_bb-IL-nc2-dp2] 96/384 games (1959/h, eta 9m)
  [s3-no_bb-IL-nc2-dp2] 97/384 games (1978/h, eta 9m)
  [s3-no_bb-IL-nc2-dp2] 98/384 games (1990/h, eta 9m)
  [s3-no_bb-IL-nc2-dp2] 99/384 games (1977/h, eta 9m)
  [s3-no_bb-IL-nc2-dp2] 100/384 games (1961/h, eta 9m)
  [s3-no_bb-IL-nc2-dp2] 101/384 games (1967/h, eta 9m)
  [s3-no_bb-IL-nc2-dp2] 102/384 games (1947/h, eta 9m)
  [s3-no_bb-IL-nc2-dp2] 103/384 games (1943/h, eta 9m)
  [s3-no_bb-IL-nc2-dp2] 104/384 games (1936/h, eta 9m)
  [s3-no_bb-IL-nc2-dp2] 105/384 games (1931/h, eta 9m)
  [s3-no_bb-IL-nc2-dp2] 106/384 games (1948/h, eta 9m)
  [s3-no_bb-IL-nc2-dp2] 107/384 games (1943/h, eta 9m)
  [s3-no_bb-IL-nc2-dp2] 108/384 games (1960/h, eta 8m)
  [s3-no_bb-IL-nc2-dp2] 109/384 games (1976/h, eta 8m)
  [s3-no_bb-IL-nc2-dp2] 110/384 games (1969/h, eta 8m)
  [s3-no_bb-IL-nc2-dp2] 111/384 games (1982/h, eta 8m)
  [s3-no_bb-IL-nc2-dp2] 112/384 games (1967/h, eta 8m)
  [s3-no_bb-IL-nc2-dp2] 113/384 games (1982/h, eta 8m)
  [s3-no_bb-IL-nc2-dp2] 114/384 games (1996/h, eta 8m)
  [s3-no_bb-IL-nc2-dp2] 115/384 games (2010/h, eta 8m)
  [s3-no_bb-IL-nc2-dp2] 116/384 games (2014/h, eta 8m)
  [s3-no_bb-IL-nc2-dp2] 117/384 games (2031/h, eta 8m)
  [s3-no_bb-IL-nc2-dp2] 118/384 games (2010/h, eta 8m)
  [s3-no_bb-IL-nc2-dp2] 119/384 games (1977/h, eta 8m)
  [s3-no_bb-IL-nc2-dp2] 120/384 games (1948/h, eta 8m)
  [s3-no_bb-IL-nc2-dp2] 121/384 games (1914/h, eta 8m)
  [s3-no_bb-IL-nc2-dp2] 122/384 games (1929/h, eta 8m)
  [s3-no_bb-IL-nc2-dp2] 123/384 games (1934/h, eta 8m)
  [s3-no_bb-IL-nc2-dp2] 124/384 games (1949/h, eta 8m)
  [s3-no_bb-IL-nc2-dp2] 125/384 games (1959/h, eta 8m)
  [s3-no_bb-IL-nc2-dp2] 126/384 games (1953/h, eta 8m)
  [s3-no_bb-IL-nc2-dp2] 127/384 games (1964/h, eta 8m)
  [s3-no_bb-IL-nc2-dp2] 128/384 games (1962/h, eta 8m)
  [s3-no_bb-IL-nc2-dp2] 129/384 games (1965/h, eta 8m)
  [s3-no_bb-IL-nc2-dp2] 130/384 games (1968/h, eta 8m)
  [s3-no_bb-IL-nc2-dp2] 131/384 games (1978/h, eta 8m)
  [s3-no_bb-IL-nc2-dp2] 132/384 games (1961/h, eta 8m)
  [s3-no_bb-IL-nc2-dp2] 133/384 games (1973/h, eta 8m)
  [s3-no_bb-IL-nc2-dp2] 134/384 games (1959/h, eta 8m)
  [s3-no_bb-IL-nc2-dp2] 135/384 games (1963/h, eta 8m)
  [s3-no_bb-IL-nc2-dp2] 136/384 games (1967/h, eta 8m)
  [s3-no_bb-IL-nc2-dp2] 137/384 games (1962/h, eta 8m)
  [s3-no_bb-IL-nc2-dp2] 138/384 games (1967/h, eta 8m)
  [s3-no_bb-IL-nc2-dp2] 139/384 games (1951/h, eta 8m)
  [s3-no_bb-IL-nc2-dp2] 140/384 games (1962/h, eta 7m)
  [s3-no_bb-IL-nc2-dp2] 141/384 games (1970/h, eta 7m)
  [s3-no_bb-IL-nc2-dp2] 142/384 games (1966/h, eta 7m)
  [s3-no_bb-IL-nc2-dp2] 143/384 games (1979/h, eta 7m)
  [s3-no_bb-IL-nc2-dp2] 144/384 games (1989/h, eta 7m)
  [s3-no_bb-IL-nc2-dp2] 145/384 games (1954/h, eta 7m)
  [s3-no_bb-IL-nc2-dp2] 146/384 games (1960/h, eta 7m)
  [s3-no_bb-IL-nc2-dp2] 147/384 games (1972/h, eta 7m)
  [s3-no_bb-IL-nc2-dp2] 148/384 games (1973/h, eta 7m)
  [s3-no_bb-IL-nc2-dp2] 149/384 games (1971/h, eta 7m)
  [s3-no_bb-IL-nc2-dp2] 150/384 games (1936/h, eta 7m)
  [s3-no_bb-IL-nc2-dp2] 151/384 games (1923/h, eta 7m)
  [s3-no_bb-IL-nc2-dp2] 152/384 games (1926/h, eta 7m)
  [s3-no_bb-IL-nc2-dp2] 153/384 games (1911/h, eta 7m)
  [s3-no_bb-IL-nc2-dp2] 154/384 games (1921/h, eta 7m)
  [s3-no_bb-IL-nc2-dp2] 155/384 games (1917/h, eta 7m)
  [s3-no_bb-IL-nc2-dp2] 156/384 games (1925/h, eta 7m)
  [s3-no_bb-IL-nc2-dp2] 157/384 games (1908/h, eta 7m)
  [s3-no_bb-IL-nc2-dp2] 158/384 games (1913/h, eta 7m)
  [s3-no_bb-IL-nc2-dp2] 159/384 games (1901/h, eta 7m)
  [s3-no_bb-IL-nc2-dp2] 160/384 games (1912/h, eta 7m)
  [s3-no_bb-IL-nc2-dp2] 161/384 games (1921/h, eta 7m)
  [s3-no_bb-IL-nc2-dp2] 162/384 games (1921/h, eta 7m)
  [s3-no_bb-IL-nc2-dp2] 163/384 games (1925/h, eta 7m)
  [s3-no_bb-IL-nc2-dp2] 164/384 games (1937/h, eta 7m)
  [s3-no_bb-IL-nc2-dp2] 165/384 games (1947/h, eta 7m)
  [s3-no_bb-IL-nc2-dp2] 166/384 games (1952/h, eta 7m)
  [s3-no_bb-IL-nc2-dp2] 167/384 games (1956/h, eta 7m)
  [s3-no_bb-IL-nc2-dp2] 168/384 games (1946/h, eta 7m)
  [s3-no_bb-IL-nc2-dp2] 169/384 games (1936/h, eta 7m)
  [s3-no_bb-IL-nc2-dp2] 170/384 games (1928/h, eta 7m)
  [s3-no_bb-IL-nc2-dp2] 171/384 games (1923/h, eta 7m)
  [s3-no_bb-IL-nc2-dp2] 172/384 games (1916/h, eta 7m)
  [s3-no_bb-IL-nc2-dp2] 173/384 games (1925/h, eta 7m)
  [s3-no_bb-IL-nc2-dp2] 174/384 games (1925/h, eta 7m)
  [s3-no_bb-IL-nc2-dp2] 175/384 games (1903/h, eta 7m)
  [s3-no_bb-IL-nc2-dp2] 176/384 games (1912/h, eta 7m)
  [s3-no_bb-IL-nc2-dp2] 177/384 games (1916/h, eta 6m)
  [s3-no_bb-IL-nc2-dp2] 178/384 games (1926/h, eta 6m)
  [s3-no_bb-IL-nc2-dp2] 179/384 games (1922/h, eta 6m)
  [s3-no_bb-IL-nc2-dp2] 180/384 games (1912/h, eta 6m)
  [s3-no_bb-IL-nc2-dp2] 181/384 games (1922/h, eta 6m)
  [s3-no_bb-IL-nc2-dp2] 182/384 games (1918/h, eta 6m)
  [s3-no_bb-IL-nc2-dp2] 183/384 games (1921/h, eta 6m)
  [s3-no_bb-IL-nc2-dp2] 184/384 games (1930/h, eta 6m)
  [s3-no_bb-IL-nc2-dp2] 185/384 games (1930/h, eta 6m)
  [s3-no_bb-IL-nc2-dp2] 186/384 games (1936/h, eta 6m)
  [s3-no_bb-IL-nc2-dp2] 187/384 games (1939/h, eta 6m)
  [s3-no_bb-IL-nc2-dp2] 188/384 games (1944/h, eta 6m)
  [s3-no_bb-IL-nc2-dp2] 189/384 games (1931/h, eta 6m)
  [s3-no_bb-IL-nc2-dp2] 190/384 games (1936/h, eta 6m)
  [s3-no_bb-IL-nc2-dp2] 191/384 games (1929/h, eta 6m)
  [s3-no_bb-IL-nc2-dp2] 192/384 games (1921/h, eta 6m)
  [s3-no_bb-IL-nc2-dp2] 193/384 games (1904/h, eta 6m)
  [s3-no_bb-IL-nc2-dp2] 194/384 games (1911/h, eta 6m)
  [s3-no_bb-IL-nc2-dp2] 195/384 games (1879/h, eta 6m)
  [s3-no_bb-IL-nc2-dp2] 196/384 games (1888/h, eta 6m)
  [s3-no_bb-IL-nc2-dp2] 197/384 games (1879/h, eta 6m)
  [s3-no_bb-IL-nc2-dp2] 198/384 games (1886/h, eta 6m)
  [s3-no_bb-IL-nc2-dp2] 199/384 games (1880/h, eta 6m)
  [s3-no_bb-IL-nc2-dp2] 200/384 games (1884/h, eta 6m)
  [s3-no_bb-IL-nc2-dp2] 201/384 games (1890/h, eta 6m)
  [s3-no_bb-IL-nc2-dp2] 202/384 games (1895/h, eta 6m)
  [s3-no_bb-IL-nc2-dp2] 203/384 games (1899/h, eta 6m)
  [s3-no_bb-IL-nc2-dp2] 204/384 games (1901/h, eta 6m)
  [s3-no_bb-IL-nc2-dp2] 205/384 games (1902/h, eta 6m)
  [s3-no_bb-IL-nc2-dp2] 206/384 games (1901/h, eta 6m)
  [s3-no_bb-IL-nc2-dp2] 207/384 games (1904/h, eta 6m)
  [s3-no_bb-IL-nc2-dp2] 208/384 games (1901/h, eta 6m)
  [s3-no_bb-IL-nc2-dp2] 209/384 games (1903/h, eta 6m)
  [s3-no_bb-IL-nc2-dp2] 210/384 games (1906/h, eta 5m)
  [s3-no_bb-IL-nc2-dp2] 211/384 games (1914/h, eta 5m)
  [s3-no_bb-IL-nc2-dp2] 212/384 games (1907/h, eta 5m)
  [s3-no_bb-IL-nc2-dp2] 213/384 games (1905/h, eta 5m)
  [s3-no_bb-IL-nc2-dp2] 214/384 games (1906/h, eta 5m)
  [s3-no_bb-IL-nc2-dp2] 215/384 games (1913/h, eta 5m)
  [s3-no_bb-IL-nc2-dp2] 216/384 games (1898/h, eta 5m)
  [s3-no_bb-IL-nc2-dp2] 217/384 games (1906/h, eta 5m)
  [s3-no_bb-IL-nc2-dp2] 218/384 games (1907/h, eta 5m)
  [s3-no_bb-IL-nc2-dp2] 219/384 games (1890/h, eta 5m)
  [s3-no_bb-IL-nc2-dp2] 220/384 games (1898/h, eta 5m)
  [s3-no_bb-IL-nc2-dp2] 221/384 games (1880/h, eta 5m)
  [s3-no_bb-IL-nc2-dp2] 222/384 games (1883/h, eta 5m)
  [s3-no_bb-IL-nc2-dp2] 223/384 games (1881/h, eta 5m)
  [s3-no_bb-IL-nc2-dp2] 224/384 games (1880/h, eta 5m)
  [s3-no_bb-IL-nc2-dp2] 225/384 games (1880/h, eta 5m)
  [s3-no_bb-IL-nc2-dp2] 226/384 games (1880/h, eta 5m)
  [s3-no_bb-IL-nc2-dp2] 227/384 games (1886/h, eta 5m)
  [s3-no_bb-IL-nc2-dp2] 228/384 games (1851/h, eta 5m)
  [s3-no_bb-IL-nc2-dp2] 229/384 games (1849/h, eta 5m)
  [s3-no_bb-IL-nc2-dp2] 230/384 games (1839/h, eta 5m)
  [s3-no_bb-IL-nc2-dp2] 231/384 games (1841/h, eta 5m)
  [s3-no_bb-IL-nc2-dp2] 232/384 games (1848/h, eta 5m)
  [s3-no_bb-IL-nc2-dp2] 233/384 games (1851/h, eta 5m)
  [s3-no_bb-IL-nc2-dp2] 234/384 games (1859/h, eta 5m)
  [s3-no_bb-IL-nc2-dp2] 235/384 games (1866/h, eta 5m)
  [s3-no_bb-IL-nc2-dp2] 236/384 games (1869/h, eta 5m)
  [s3-no_bb-IL-nc2-dp2] 237/384 games (1874/h, eta 5m)
  [s3-no_bb-IL-nc2-dp2] 238/384 games (1869/h, eta 5m)
  [s3-no_bb-IL-nc2-dp2] 239/384 games (1872/h, eta 5m)
  [s3-no_bb-IL-nc2-dp2] 240/384 games (1875/h, eta 5m)
  [s3-no_bb-IL-nc2-dp2] 241/384 games (1876/h, eta 5m)
  [s3-no_bb-IL-nc2-dp2] 242/384 games (1854/h, eta 5m)
  [s3-no_bb-IL-nc2-dp2] 243/384 games (1849/h, eta 5m)
  [s3-no_bb-IL-nc2-dp2] 244/384 games (1837/h, eta 5m)
  [s3-no_bb-IL-nc2-dp2] 245/384 games (1834/h, eta 5m)
  [s3-no_bb-IL-nc2-dp2] 246/384 games (1841/h, eta 4m)
  [s3-no_bb-IL-nc2-dp2] 247/384 games (1848/h, eta 4m)
  [s3-no_bb-IL-nc2-dp2] 248/384 games (1853/h, eta 4m)
  [s3-no_bb-IL-nc2-dp2] 249/384 games (1840/h, eta 4m)
  [s3-no_bb-IL-nc2-dp2] 250/384 games (1844/h, eta 4m)
  [s3-no_bb-IL-nc2-dp2] 251/384 games (1850/h, eta 4m)
  [s3-no_bb-IL-nc2-dp2] 252/384 games (1857/h, eta 4m)
  [s3-no_bb-IL-nc2-dp2] 253/384 games (1861/h, eta 4m)
  [s3-no_bb-IL-nc2-dp2] 254/384 games (1863/h, eta 4m)
  [s3-no_bb-IL-nc2-dp2] 255/384 games (1870/h, eta 4m)
  [s3-no_bb-IL-nc2-dp2] 256/384 games (1877/h, eta 4m)
  [s3-no_bb-IL-nc2-dp2] 257/384 games (1884/h, eta 4m)
  [s3-no_bb-IL-nc2-dp2] 258/384 games (1879/h, eta 4m)
  [s3-no_bb-IL-nc2-dp2] 259/384 games (1870/h, eta 4m)
  [s3-no_bb-IL-nc2-dp2] 260/384 games (1872/h, eta 4m)
  [s3-no_bb-IL-nc2-dp2] 261/384 games (1869/h, eta 4m)
  [s3-no_bb-IL-nc2-dp2] 262/384 games (1874/h, eta 4m)
  [s3-no_bb-IL-nc2-dp2] 263/384 games (1864/h, eta 4m)
  [s3-no_bb-IL-nc2-dp2] 264/384 games (1870/h, eta 4m)
  [s3-no_bb-IL-nc2-dp2] 265/384 games (1861/h, eta 4m)
  [s3-no_bb-IL-nc2-dp2] 266/384 games (1865/h, eta 4m)
  [s3-no_bb-IL-nc2-dp2] 267/384 games (1855/h, eta 4m)
  [s3-no_bb-IL-nc2-dp2] 268/384 games (1861/h, eta 4m)
  [s3-no_bb-IL-nc2-dp2] 269/384 games (1863/h, eta 4m)
  [s3-no_bb-IL-nc2-dp2] 270/384 games (1865/h, eta 4m)
  [s3-no_bb-IL-nc2-dp2] 271/384 games (1861/h, eta 4m)
  [s3-no_bb-IL-nc2-dp2] 272/384 games (1865/h, eta 4m)
  [s3-no_bb-IL-nc2-dp2] 273/384 games (1869/h, eta 4m)
  [s3-no_bb-IL-nc2-dp2] 274/384 games (1876/h, eta 4m)
  [s3-no_bb-IL-nc2-dp2] 275/384 games (1865/h, eta 4m)
  [s3-no_bb-IL-nc2-dp2] 276/384 games (1872/h, eta 3m)
  [s3-no_bb-IL-nc2-dp2] 277/384 games (1868/h, eta 3m)
  [s3-no_bb-IL-nc2-dp2] 278/384 games (1872/h, eta 3m)
  [s3-no_bb-IL-nc2-dp2] 279/384 games (1866/h, eta 3m)
  [s3-no_bb-IL-nc2-dp2] 280/384 games (1870/h, eta 3m)
  [s3-no_bb-IL-nc2-dp2] 281/384 games (1866/h, eta 3m)
  [s3-no_bb-IL-nc2-dp2] 282/384 games (1863/h, eta 3m)
  [s3-no_bb-IL-nc2-dp2] 283/384 games (1853/h, eta 3m)
  [s3-no_bb-IL-nc2-dp2] 284/384 games (1840/h, eta 3m)
  [s3-no_bb-IL-nc2-dp2] 285/384 games (1846/h, eta 3m)
  [s3-no_bb-IL-nc2-dp2] 286/384 games (1850/h, eta 3m)
  [s3-no_bb-IL-nc2-dp2] 287/384 games (1852/h, eta 3m)
  [s3-no_bb-IL-nc2-dp2] 288/384 games (1853/h, eta 3m)
  [s3-no_bb-IL-nc2-dp2] 289/384 games (1859/h, eta 3m)
  [s3-no_bb-IL-nc2-dp2] 290/384 games (1864/h, eta 3m)
  [s3-no_bb-IL-nc2-dp2] 291/384 games (1870/h, eta 3m)
  [s3-no_bb-IL-nc2-dp2] 292/384 games (1876/h, eta 3m)
  [s3-no_bb-IL-nc2-dp2] 293/384 games (1879/h, eta 3m)
  [s3-no_bb-IL-nc2-dp2] 294/384 games (1879/h, eta 3m)
  [s3-no_bb-IL-nc2-dp2] 295/384 games (1875/h, eta 3m)
  [s3-no_bb-IL-nc2-dp2] 296/384 games (1881/h, eta 3m)
  [s3-no_bb-IL-nc2-dp2] 297/384 games (1884/h, eta 3m)
  [s3-no_bb-IL-nc2-dp2] 298/384 games (1879/h, eta 3m)
  [s3-no_bb-IL-nc2-dp2] 299/384 games (1886/h, eta 3m)
  [s3-no_bb-IL-nc2-dp2] 300/384 games (1885/h, eta 3m)
  [s3-no_bb-IL-nc2-dp2] 301/384 games (1886/h, eta 3m)
  [s3-no_bb-IL-nc2-dp2] 302/384 games (1870/h, eta 3m)
  [s3-no_bb-IL-nc2-dp2] 303/384 games (1866/h, eta 3m)
  [s3-no_bb-IL-nc2-dp2] 304/384 games (1867/h, eta 3m)
  [s3-no_bb-IL-nc2-dp2] 305/384 games (1870/h, eta 3m)
  [s3-no_bb-IL-nc2-dp2] 306/384 games (1869/h, eta 3m)
  [s3-no_bb-IL-nc2-dp2] 307/384 games (1875/h, eta 2m)
  [s3-no_bb-IL-nc2-dp2] 308/384 games (1881/h, eta 2m)
  [s3-no_bb-IL-nc2-dp2] 309/384 games (1883/h, eta 2m)
  [s3-no_bb-IL-nc2-dp2] 310/384 games (1880/h, eta 2m)
  [s3-no_bb-IL-nc2-dp2] 311/384 games (1876/h, eta 2m)
  [s3-no_bb-IL-nc2-dp2] 312/384 games (1871/h, eta 2m)
  [s3-no_bb-IL-nc2-dp2] 313/384 games (1875/h, eta 2m)
  [s3-no_bb-IL-nc2-dp2] 314/384 games (1859/h, eta 2m)
  [s3-no_bb-IL-nc2-dp2] 315/384 games (1862/h, eta 2m)
  [s3-no_bb-IL-nc2-dp2] 316/384 games (1867/h, eta 2m)
  [s3-no_bb-IL-nc2-dp2] 317/384 games (1867/h, eta 2m)
  [s3-no_bb-IL-nc2-dp2] 318/384 games (1872/h, eta 2m)
  [s3-no_bb-IL-nc2-dp2] 319/384 games (1872/h, eta 2m)
  [s3-no_bb-IL-nc2-dp2] 320/384 games (1870/h, eta 2m)
  [s3-no_bb-IL-nc2-dp2] 321/384 games (1866/h, eta 2m)
  [s3-no_bb-IL-nc2-dp2] 322/384 games (1866/h, eta 2m)
  [s3-no_bb-IL-nc2-dp2] 323/384 games (1867/h, eta 2m)
  [s3-no_bb-IL-nc2-dp2] 324/384 games (1863/h, eta 2m)
  [s3-no_bb-IL-nc2-dp2] 325/384 games (1865/h, eta 2m)
  [s3-no_bb-IL-nc2-dp2] 326/384 games (1861/h, eta 2m)
  [s3-no_bb-IL-nc2-dp2] 327/384 games (1865/h, eta 2m)
  [s3-no_bb-IL-nc2-dp2] 328/384 games (1867/h, eta 2m)
  [s3-no_bb-IL-nc2-dp2] 329/384 games (1872/h, eta 2m)
  [s3-no_bb-IL-nc2-dp2] 330/384 games (1872/h, eta 2m)
  [s3-no_bb-IL-nc2-dp2] 331/384 games (1873/h, eta 2m)
  [s3-no_bb-IL-nc2-dp2] 332/384 games (1877/h, eta 2m)
  [s3-no_bb-IL-nc2-dp2] 333/384 games (1881/h, eta 2m)
  [s3-no_bb-IL-nc2-dp2] 334/384 games (1877/h, eta 2m)
  [s3-no_bb-IL-nc2-dp2] 335/384 games (1879/h, eta 2m)
  [s3-no_bb-IL-nc2-dp2] 336/384 games (1885/h, eta 2m)
  [s3-no_bb-IL-nc2-dp2] 337/384 games (1887/h, eta 1m)
  [s3-no_bb-IL-nc2-dp2] 338/384 games (1879/h, eta 1m)
  [s3-no_bb-IL-nc2-dp2] 339/384 games (1884/h, eta 1m)
  [s3-no_bb-IL-nc2-dp2] 340/384 games (1888/h, eta 1m)
  [s3-no_bb-IL-nc2-dp2] 341/384 games (1883/h, eta 1m)
  [s3-no_bb-IL-nc2-dp2] 342/384 games (1884/h, eta 1m)
  [s3-no_bb-IL-nc2-dp2] 343/384 games (1888/h, eta 1m)
  [s3-no_bb-IL-nc2-dp2] 344/384 games (1889/h, eta 1m)
  [s3-no_bb-IL-nc2-dp2] 345/384 games (1892/h, eta 1m)
  [s3-no_bb-IL-nc2-dp2] 346/384 games (1890/h, eta 1m)
  [s3-no_bb-IL-nc2-dp2] 347/384 games (1894/h, eta 1m)
  [s3-no_bb-IL-nc2-dp2] 348/384 games (1886/h, eta 1m)
  [s3-no_bb-IL-nc2-dp2] 349/384 games (1888/h, eta 1m)
  [s3-no_bb-IL-nc2-dp2] 350/384 games (1892/h, eta 1m)
  [s3-no_bb-IL-nc2-dp2] 351/384 games (1887/h, eta 1m)
  [s3-no_bb-IL-nc2-dp2] 352/384 games (1892/h, eta 1m)
  [s3-no_bb-IL-nc2-dp2] 353/384 games (1892/h, eta 1m)
  [s3-no_bb-IL-nc2-dp2] 354/384 games (1880/h, eta 1m)
  [s3-no_bb-IL-nc2-dp2] 355/384 games (1881/h, eta 1m)
  [s3-no_bb-IL-nc2-dp2] 356/384 games (1882/h, eta 1m)
  [s3-no_bb-IL-nc2-dp2] 357/384 games (1880/h, eta 1m)
  [s3-no_bb-IL-nc2-dp2] 358/384 games (1881/h, eta 1m)
  [s3-no_bb-IL-nc2-dp2] 359/384 games (1879/h, eta 1m)
  [s3-no_bb-IL-nc2-dp2] 360/384 games (1872/h, eta 1m)
  [s3-no_bb-IL-nc2-dp2] 361/384 games (1869/h, eta 1m)
  [s3-no_bb-IL-nc2-dp2] 362/384 games (1872/h, eta 1m)
  [s3-no_bb-IL-nc2-dp2] 363/384 games (1872/h, eta 1m)
  [s3-no_bb-IL-nc2-dp2] 364/384 games (1873/h, eta 1m)
  [s3-no_bb-IL-nc2-dp2] 365/384 games (1878/h, eta 1m)
  [s3-no_bb-IL-nc2-dp2] 366/384 games (1873/h, eta 1m)
  [s3-no_bb-IL-nc2-dp2] 367/384 games (1869/h, eta 1m)
  [s3-no_bb-IL-nc2-dp2] 368/384 games (1873/h, eta 1m)
  [s3-no_bb-IL-nc2-dp2] 369/384 games (1876/h, eta 0m)
  [s3-no_bb-IL-nc2-dp2] 370/384 games (1878/h, eta 0m)
  [s3-no_bb-IL-nc2-dp2] 371/384 games (1882/h, eta 0m)
  [s3-no_bb-IL-nc2-dp2] 372/384 games (1878/h, eta 0m)
  [s3-no_bb-IL-nc2-dp2] 373/384 games (1878/h, eta 0m)
  [s3-no_bb-IL-nc2-dp2] 374/384 games (1880/h, eta 0m)
  [s3-no_bb-IL-nc2-dp2] 375/384 games (1884/h, eta 0m)
  [s3-no_bb-IL-nc2-dp2] 376/384 games (1887/h, eta 0m)
  [s3-no_bb-IL-nc2-dp2] 377/384 games (1891/h, eta 0m)
  [s3-no_bb-IL-nc2-dp2] 378/384 games (1894/h, eta 0m)
  [s3-no_bb-IL-nc2-dp2] 379/384 games (1893/h, eta 0m)
  [s3-no_bb-IL-nc2-dp2] 380/384 games (1896/h, eta 0m)
  [s3-no_bb-IL-nc2-dp2] 381/384 games (1895/h, eta 0m)
  [s3-no_bb-IL-nc2-dp2] 382/384 games (1885/h, eta 0m)
  [s3-no_bb-IL-nc2-dp2] 383/384 games (1885/h, eta 0m)
  [s3-no_bb-IL-nc2-dp2] 384/384 games (1847/h, eta 0m)
== s3-no_q_r-IL-nc2 -> experiments/results/perturbation/s3-no_q_r-IL-nc2.jsonl
  [s3-no_q_r-IL-nc2] 1/384 games (371/h, eta 62m)
  [s3-no_q_r-IL-nc2] 2/384 games (660/h, eta 35m)
  [s3-no_q_r-IL-nc2] 3/384 games (583/h, eta 39m)
  [s3-no_q_r-IL-nc2] 4/384 games (758/h, eta 30m)
  [s3-no_q_r-IL-nc2] 5/384 games (792/h, eta 29m)
  [s3-no_q_r-IL-nc2] 6/384 games (883/h, eta 26m)
  [s3-no_q_r-IL-nc2] 7/384 games (979/h, eta 23m)
  [s3-no_q_r-IL-nc2] 8/384 games (1065/h, eta 21m)
  [s3-no_q_r-IL-nc2] 9/384 games (1109/h, eta 20m)
  [s3-no_q_r-IL-nc2] 10/384 games (1158/h, eta 19m)
  [s3-no_q_r-IL-nc2] 11/384 games (1258/h, eta 18m)
  [s3-no_q_r-IL-nc2] 12/384 games (1289/h, eta 17m)
  [s3-no_q_r-IL-nc2] 13/384 games (1298/h, eta 17m)
  [s3-no_q_r-IL-nc2] 14/384 games (1391/h, eta 16m)
  [s3-no_q_r-IL-nc2] 15/384 games (1350/h, eta 16m)
  [s3-no_q_r-IL-nc2] 16/384 games (1409/h, eta 16m)
  [s3-no_q_r-IL-nc2] 17/384 games (1484/h, eta 15m)
  [s3-no_q_r-IL-nc2] 18/384 games (1559/h, eta 14m)
  [s3-no_q_r-IL-nc2] 19/384 games (1593/h, eta 14m)
  [s3-no_q_r-IL-nc2] 20/384 games (1621/h, eta 13m)
  [s3-no_q_r-IL-nc2] 21/384 games (1627/h, eta 13m)
  [s3-no_q_r-IL-nc2] 22/384 games (1694/h, eta 13m)
  [s3-no_q_r-IL-nc2] 23/384 games (1716/h, eta 13m)
  [s3-no_q_r-IL-nc2] 24/384 games (1735/h, eta 12m)
  [s3-no_q_r-IL-nc2] 25/384 games (1775/h, eta 12m)
  [s3-no_q_r-IL-nc2] 26/384 games (1830/h, eta 12m)
  [s3-no_q_r-IL-nc2] 27/384 games (1776/h, eta 12m)
  [s3-no_q_r-IL-nc2] 28/384 games (1835/h, eta 12m)
  [s3-no_q_r-IL-nc2] 29/384 games (1754/h, eta 12m)
  [s3-no_q_r-IL-nc2] 30/384 games (1758/h, eta 12m)
  [s3-no_q_r-IL-nc2] 31/384 games (1732/h, eta 12m)
  [s3-no_q_r-IL-nc2] 32/384 games (1722/h, eta 12m)
  [s3-no_q_r-IL-nc2] 33/384 games (1770/h, eta 12m)
  [s3-no_q_r-IL-nc2] 34/384 games (1788/h, eta 12m)
  [s3-no_q_r-IL-nc2] 35/384 games (1830/h, eta 11m)
  [s3-no_q_r-IL-nc2] 36/384 games (1854/h, eta 11m)
  [s3-no_q_r-IL-nc2] 37/384 games (1856/h, eta 11m)
  [s3-no_q_r-IL-nc2] 38/384 games (1818/h, eta 11m)
  [s3-no_q_r-IL-nc2] 39/384 games (1855/h, eta 11m)
  [s3-no_q_r-IL-nc2] 40/384 games (1816/h, eta 11m)
  [s3-no_q_r-IL-nc2] 41/384 games (1860/h, eta 11m)
  [s3-no_q_r-IL-nc2] 42/384 games (1841/h, eta 11m)
  [s3-no_q_r-IL-nc2] 43/384 games (1880/h, eta 11m)
  [s3-no_q_r-IL-nc2] 44/384 games (1913/h, eta 11m)
  [s3-no_q_r-IL-nc2] 45/384 games (1770/h, eta 11m)
  [s3-no_q_r-IL-nc2] 46/384 games (1767/h, eta 11m)
  [s3-no_q_r-IL-nc2] 47/384 games (1797/h, eta 11m)
  [s3-no_q_r-IL-nc2] 48/384 games (1826/h, eta 11m)
  [s3-no_q_r-IL-nc2] 49/384 games (1860/h, eta 11m)
  [s3-no_q_r-IL-nc2] 50/384 games (1885/h, eta 11m)
  [s3-no_q_r-IL-nc2] 51/384 games (1922/h, eta 10m)
  [s3-no_q_r-IL-nc2] 52/384 games (1866/h, eta 11m)
  [s3-no_q_r-IL-nc2] 53/384 games (1884/h, eta 11m)
  [s3-no_q_r-IL-nc2] 54/384 games (1862/h, eta 11m)
  [s3-no_q_r-IL-nc2] 55/384 games (1856/h, eta 11m)
  [s3-no_q_r-IL-nc2] 56/384 games (1868/h, eta 11m)
  [s3-no_q_r-IL-nc2] 57/384 games (1849/h, eta 11m)
  [s3-no_q_r-IL-nc2] 58/384 games (1881/h, eta 10m)
  [s3-no_q_r-IL-nc2] 59/384 games (1878/h, eta 10m)
  [s3-no_q_r-IL-nc2] 60/384 games (1895/h, eta 10m)
  [s3-no_q_r-IL-nc2] 61/384 games (1893/h, eta 10m)
  [s3-no_q_r-IL-nc2] 62/384 games (1913/h, eta 10m)
  [s3-no_q_r-IL-nc2] 63/384 games (1884/h, eta 10m)
  [s3-no_q_r-IL-nc2] 64/384 games (1815/h, eta 11m)
  [s3-no_q_r-IL-nc2] 65/384 games (1829/h, eta 10m)
  [s3-no_q_r-IL-nc2] 66/384 games (1836/h, eta 10m)
  [s3-no_q_r-IL-nc2] 67/384 games (1847/h, eta 10m)
  [s3-no_q_r-IL-nc2] 68/384 games (1875/h, eta 10m)
  [s3-no_q_r-IL-nc2] 69/384 games (1890/h, eta 10m)
  [s3-no_q_r-IL-nc2] 70/384 games (1912/h, eta 10m)
  [s3-no_q_r-IL-nc2] 71/384 games (1917/h, eta 10m)
  [s3-no_q_r-IL-nc2] 72/384 games (1931/h, eta 10m)
  [s3-no_q_r-IL-nc2] 73/384 games (1952/h, eta 10m)
  [s3-no_q_r-IL-nc2] 74/384 games (1977/h, eta 9m)
  [s3-no_q_r-IL-nc2] 75/384 games (1953/h, eta 9m)
  [s3-no_q_r-IL-nc2] 76/384 games (1973/h, eta 9m)
  [s3-no_q_r-IL-nc2] 77/384 games (1983/h, eta 9m)
  [s3-no_q_r-IL-nc2] 78/384 games (2002/h, eta 9m)
  [s3-no_q_r-IL-nc2] 79/384 games (2025/h, eta 9m)
  [s3-no_q_r-IL-nc2] 80/384 games (2033/h, eta 9m)
  [s3-no_q_r-IL-nc2] 81/384 games (2045/h, eta 9m)
  [s3-no_q_r-IL-nc2] 82/384 games (2054/h, eta 9m)
  [s3-no_q_r-IL-nc2] 83/384 games (2007/h, eta 9m)
  [s3-no_q_r-IL-nc2] 84/384 games (1959/h, eta 9m)
  [s3-no_q_r-IL-nc2] 85/384 games (1909/h, eta 9m)
  [s3-no_q_r-IL-nc2] 86/384 games (1906/h, eta 9m)
  [s3-no_q_r-IL-nc2] 87/384 games (1928/h, eta 9m)
  [s3-no_q_r-IL-nc2] 88/384 games (1917/h, eta 9m)
  [s3-no_q_r-IL-nc2] 89/384 games (1933/h, eta 9m)
  [s3-no_q_r-IL-nc2] 90/384 games (1955/h, eta 9m)
  [s3-no_q_r-IL-nc2] 91/384 games (1973/h, eta 9m)
  [s3-no_q_r-IL-nc2] 92/384 games (1983/h, eta 9m)
  [s3-no_q_r-IL-nc2] 93/384 games (1948/h, eta 9m)
  [s3-no_q_r-IL-nc2] 94/384 games (1963/h, eta 9m)
  [s3-no_q_r-IL-nc2] 95/384 games (1969/h, eta 9m)
  [s3-no_q_r-IL-nc2] 96/384 games (1989/h, eta 9m)
  [s3-no_q_r-IL-nc2] 97/384 games (2002/h, eta 9m)
  [s3-no_q_r-IL-nc2] 98/384 games (1985/h, eta 9m)
  [s3-no_q_r-IL-nc2] 99/384 games (1995/h, eta 9m)
  [s3-no_q_r-IL-nc2] 100/384 games (1997/h, eta 9m)
  [s3-no_q_r-IL-nc2] 101/384 games (2006/h, eta 8m)
  [s3-no_q_r-IL-nc2] 102/384 games (2021/h, eta 8m)
  [s3-no_q_r-IL-nc2] 103/384 games (2031/h, eta 8m)
  [s3-no_q_r-IL-nc2] 104/384 games (2035/h, eta 8m)
  [s3-no_q_r-IL-nc2] 105/384 games (2032/h, eta 8m)
  [s3-no_q_r-IL-nc2] 106/384 games (2040/h, eta 8m)
  [s3-no_q_r-IL-nc2] 107/384 games (2052/h, eta 8m)
  [s3-no_q_r-IL-nc2] 108/384 games (2062/h, eta 8m)
  [s3-no_q_r-IL-nc2] 109/384 games (2064/h, eta 8m)
  [s3-no_q_r-IL-nc2] 110/384 games (2062/h, eta 8m)
  [s3-no_q_r-IL-nc2] 111/384 games (2070/h, eta 8m)
  [s3-no_q_r-IL-nc2] 112/384 games (2047/h, eta 8m)
  [s3-no_q_r-IL-nc2] 113/384 games (2064/h, eta 8m)
  [s3-no_q_r-IL-nc2] 114/384 games (2064/h, eta 8m)
  [s3-no_q_r-IL-nc2] 115/384 games (2081/h, eta 8m)
  [s3-no_q_r-IL-nc2] 116/384 games (2061/h, eta 8m)
  [s3-no_q_r-IL-nc2] 117/384 games (2074/h, eta 8m)
  [s3-no_q_r-IL-nc2] 118/384 games (2085/h, eta 8m)
  [s3-no_q_r-IL-nc2] 119/384 games (2040/h, eta 8m)
  [s3-no_q_r-IL-nc2] 120/384 games (2042/h, eta 8m)
  [s3-no_q_r-IL-nc2] 121/384 games (2045/h, eta 8m)
  [s3-no_q_r-IL-nc2] 122/384 games (2059/h, eta 8m)
  [s3-no_q_r-IL-nc2] 123/384 games (2053/h, eta 8m)
  [s3-no_q_r-IL-nc2] 124/384 games (2055/h, eta 8m)
  [s3-no_q_r-IL-nc2] 125/384 games (2058/h, eta 8m)
  [s3-no_q_r-IL-nc2] 126/384 games (2069/h, eta 7m)
  [s3-no_q_r-IL-nc2] 127/384 games (2079/h, eta 7m)
  [s3-no_q_r-IL-nc2] 128/384 games (2085/h, eta 7m)
  [s3-no_q_r-IL-nc2] 129/384 games (2078/h, eta 7m)
  [s3-no_q_r-IL-nc2] 130/384 games (2090/h, eta 7m)
  [s3-no_q_r-IL-nc2] 131/384 games (2095/h, eta 7m)
  [s3-no_q_r-IL-nc2] 132/384 games (2100/h, eta 7m)
  [s3-no_q_r-IL-nc2] 133/384 games (2102/h, eta 7m)
  [s3-no_q_r-IL-nc2] 134/384 games (2094/h, eta 7m)
  [s3-no_q_r-IL-nc2] 135/384 games (2093/h, eta 7m)
  [s3-no_q_r-IL-nc2] 136/384 games (2102/h, eta 7m)
  [s3-no_q_r-IL-nc2] 137/384 games (2116/h, eta 7m)
  [s3-no_q_r-IL-nc2] 138/384 games (2095/h, eta 7m)
  [s3-no_q_r-IL-nc2] 139/384 games (2110/h, eta 7m)
  [s3-no_q_r-IL-nc2] 140/384 games (2112/h, eta 7m)
  [s3-no_q_r-IL-nc2] 141/384 games (2084/h, eta 7m)
  [s3-no_q_r-IL-nc2] 142/384 games (2097/h, eta 7m)
  [s3-no_q_r-IL-nc2] 143/384 games (2108/h, eta 7m)
  [s3-no_q_r-IL-nc2] 144/384 games (2076/h, eta 7m)
  [s3-no_q_r-IL-nc2] 145/384 games (2079/h, eta 7m)
  [s3-no_q_r-IL-nc2] 146/384 games (2079/h, eta 7m)
  [s3-no_q_r-IL-nc2] 147/384 games (2076/h, eta 7m)
  [s3-no_q_r-IL-nc2] 148/384 games (2080/h, eta 7m)
  [s3-no_q_r-IL-nc2] 149/384 games (2088/h, eta 7m)
  [s3-no_q_r-IL-nc2] 150/384 games (2089/h, eta 7m)
  [s3-no_q_r-IL-nc2] 151/384 games (2102/h, eta 7m)
  [s3-no_q_r-IL-nc2] 152/384 games (2095/h, eta 7m)
  [s3-no_q_r-IL-nc2] 153/384 games (2086/h, eta 7m)
  [s3-no_q_r-IL-nc2] 154/384 games (2094/h, eta 7m)
  [s3-no_q_r-IL-nc2] 155/384 games (2094/h, eta 7m)
  [s3-no_q_r-IL-nc2] 156/384 games (2097/h, eta 7m)
  [s3-no_q_r-IL-nc2] 157/384 games (2093/h, eta 7m)
  [s3-no_q_r-IL-nc2] 158/384 games (2102/h, eta 6m)
  [s3-no_q_r-IL-nc2] 159/384 games (2106/h, eta 6m)
  [s3-no_q_r-IL-nc2] 160/384 games (2081/h, eta 6m)
  [s3-no_q_r-IL-nc2] 161/384 games (2064/h, eta 6m)
  [s3-no_q_r-IL-nc2] 162/384 games (2071/h, eta 6m)
  [s3-no_q_r-IL-nc2] 163/384 games (2077/h, eta 6m)
  [s3-no_q_r-IL-nc2] 164/384 games (2084/h, eta 6m)
  [s3-no_q_r-IL-nc2] 165/384 games (2096/h, eta 6m)
  [s3-no_q_r-IL-nc2] 166/384 games (2084/h, eta 6m)
  [s3-no_q_r-IL-nc2] 167/384 games (2092/h, eta 6m)
  [s3-no_q_r-IL-nc2] 168/384 games (2102/h, eta 6m)
  [s3-no_q_r-IL-nc2] 169/384 games (2108/h, eta 6m)
  [s3-no_q_r-IL-nc2] 170/384 games (2120/h, eta 6m)
  [s3-no_q_r-IL-nc2] 171/384 games (2065/h, eta 6m)
  [s3-no_q_r-IL-nc2] 172/384 games (2075/h, eta 6m)
  [s3-no_q_r-IL-nc2] 173/384 games (2080/h, eta 6m)
  [s3-no_q_r-IL-nc2] 174/384 games (2092/h, eta 6m)
  [s3-no_q_r-IL-nc2] 175/384 games (2088/h, eta 6m)
  [s3-no_q_r-IL-nc2] 176/384 games (2097/h, eta 6m)
  [s3-no_q_r-IL-nc2] 177/384 games (2088/h, eta 6m)
  [s3-no_q_r-IL-nc2] 178/384 games (2098/h, eta 6m)
  [s3-no_q_r-IL-nc2] 179/384 games (2109/h, eta 6m)
  [s3-no_q_r-IL-nc2] 180/384 games (2120/h, eta 6m)
  [s3-no_q_r-IL-nc2] 181/384 games (2118/h, eta 6m)
  [s3-no_q_r-IL-nc2] 182/384 games (2127/h, eta 6m)
  [s3-no_q_r-IL-nc2] 183/384 games (2138/h, eta 6m)
  [s3-no_q_r-IL-nc2] 184/384 games (2094/h, eta 6m)
  [s3-no_q_r-IL-nc2] 185/384 games (2097/h, eta 6m)
  [s3-no_q_r-IL-nc2] 186/384 games (2097/h, eta 6m)
  [s3-no_q_r-IL-nc2] 187/384 games (2106/h, eta 6m)
  [s3-no_q_r-IL-nc2] 188/384 games (2114/h, eta 6m)
  [s3-no_q_r-IL-nc2] 189/384 games (2107/h, eta 6m)
  [s3-no_q_r-IL-nc2] 190/384 games (2111/h, eta 6m)
  [s3-no_q_r-IL-nc2] 191/384 games (2115/h, eta 5m)
  [s3-no_q_r-IL-nc2] 192/384 games (2121/h, eta 5m)
  [s3-no_q_r-IL-nc2] 193/384 games (2110/h, eta 5m)
  [s3-no_q_r-IL-nc2] 194/384 games (2121/h, eta 5m)
  [s3-no_q_r-IL-nc2] 195/384 games (2090/h, eta 5m)
  [s3-no_q_r-IL-nc2] 196/384 games (2095/h, eta 5m)
  [s3-no_q_r-IL-nc2] 197/384 games (2103/h, eta 5m)
  [s3-no_q_r-IL-nc2] 198/384 games (2113/h, eta 5m)
  [s3-no_q_r-IL-nc2] 199/384 games (2123/h, eta 5m)
  [s3-no_q_r-IL-nc2] 200/384 games (2120/h, eta 5m)
  [s3-no_q_r-IL-nc2] 201/384 games (2108/h, eta 5m)
  [s3-no_q_r-IL-nc2] 202/384 games (2104/h, eta 5m)
  [s3-no_q_r-IL-nc2] 203/384 games (2093/h, eta 5m)
  [s3-no_q_r-IL-nc2] 204/384 games (2103/h, eta 5m)
  [s3-no_q_r-IL-nc2] 205/384 games (2103/h, eta 5m)
  [s3-no_q_r-IL-nc2] 206/384 games (2098/h, eta 5m)
  [s3-no_q_r-IL-nc2] 207/384 games (2103/h, eta 5m)
  [s3-no_q_r-IL-nc2] 208/384 games (2103/h, eta 5m)
  [s3-no_q_r-IL-nc2] 209/384 games (2111/h, eta 5m)
  [s3-no_q_r-IL-nc2] 210/384 games (2116/h, eta 5m)
  [s3-no_q_r-IL-nc2] 211/384 games (2104/h, eta 5m)
  [s3-no_q_r-IL-nc2] 212/384 games (2113/h, eta 5m)
  [s3-no_q_r-IL-nc2] 213/384 games (2098/h, eta 5m)
  [s3-no_q_r-IL-nc2] 214/384 games (2102/h, eta 5m)
  [s3-no_q_r-IL-nc2] 215/384 games (2109/h, eta 5m)
  [s3-no_q_r-IL-nc2] 216/384 games (2112/h, eta 5m)
  [s3-no_q_r-IL-nc2] 217/384 games (2093/h, eta 5m)
  [s3-no_q_r-IL-nc2] 218/384 games (2098/h, eta 5m)
  [s3-no_q_r-IL-nc2] 219/384 games (2095/h, eta 5m)
  [s3-no_q_r-IL-nc2] 220/384 games (2102/h, eta 5m)
  [s3-no_q_r-IL-nc2] 221/384 games (2102/h, eta 5m)
  [s3-no_q_r-IL-nc2] 222/384 games (2108/h, eta 5m)
  [s3-no_q_r-IL-nc2] 223/384 games (2110/h, eta 5m)
  [s3-no_q_r-IL-nc2] 224/384 games (2113/h, eta 5m)
  [s3-no_q_r-IL-nc2] 225/384 games (2112/h, eta 5m)
  [s3-no_q_r-IL-nc2] 226/384 games (2120/h, eta 4m)
  [s3-no_q_r-IL-nc2] 227/384 games (2099/h, eta 4m)
  [s3-no_q_r-IL-nc2] 228/384 games (2080/h, eta 4m)
  [s3-no_q_r-IL-nc2] 229/384 games (2087/h, eta 4m)
  [s3-no_q_r-IL-nc2] 230/384 games (2095/h, eta 4m)
  [s3-no_q_r-IL-nc2] 231/384 games (2104/h, eta 4m)
  [s3-no_q_r-IL-nc2] 232/384 games (2086/h, eta 4m)
  [s3-no_q_r-IL-nc2] 233/384 games (2084/h, eta 4m)
  [s3-no_q_r-IL-nc2] 234/384 games (2082/h, eta 4m)
  [s3-no_q_r-IL-nc2] 235/384 games (2088/h, eta 4m)
  [s3-no_q_r-IL-nc2] 236/384 games (2097/h, eta 4m)
  [s3-no_q_r-IL-nc2] 237/384 games (2102/h, eta 4m)
  [s3-no_q_r-IL-nc2] 238/384 games (2103/h, eta 4m)
  [s3-no_q_r-IL-nc2] 239/384 games (2111/h, eta 4m)
  [s3-no_q_r-IL-nc2] 240/384 games (2111/h, eta 4m)
  [s3-no_q_r-IL-nc2] 241/384 games (2115/h, eta 4m)
  [s3-no_q_r-IL-nc2] 242/384 games (2096/h, eta 4m)
  [s3-no_q_r-IL-nc2] 243/384 games (2092/h, eta 4m)
  [s3-no_q_r-IL-nc2] 244/384 games (2078/h, eta 4m)
  [s3-no_q_r-IL-nc2] 245/384 games (2086/h, eta 4m)
  [s3-no_q_r-IL-nc2] 246/384 games (2092/h, eta 4m)
  [s3-no_q_r-IL-nc2] 247/384 games (2088/h, eta 4m)
  [s3-no_q_r-IL-nc2] 248/384 games (2074/h, eta 4m)
  [s3-no_q_r-IL-nc2] 249/384 games (2078/h, eta 4m)
  [s3-no_q_r-IL-nc2] 250/384 games (2070/h, eta 4m)
  [s3-no_q_r-IL-nc2] 251/384 games (2073/h, eta 4m)
  [s3-no_q_r-IL-nc2] 252/384 games (2071/h, eta 4m)
  [s3-no_q_r-IL-nc2] 253/384 games (2076/h, eta 4m)
  [s3-no_q_r-IL-nc2] 254/384 games (2077/h, eta 4m)
  [s3-no_q_r-IL-nc2] 255/384 games (2081/h, eta 4m)
  [s3-no_q_r-IL-nc2] 256/384 games (2086/h, eta 4m)
  [s3-no_q_r-IL-nc2] 257/384 games (2088/h, eta 4m)
  [s3-no_q_r-IL-nc2] 258/384 games (2095/h, eta 4m)
  [s3-no_q_r-IL-nc2] 259/384 games (2102/h, eta 4m)
  [s3-no_q_r-IL-nc2] 260/384 games (2101/h, eta 4m)
  [s3-no_q_r-IL-nc2] 261/384 games (2101/h, eta 4m)
  [s3-no_q_r-IL-nc2] 262/384 games (2093/h, eta 3m)
  [s3-no_q_r-IL-nc2] 263/384 games (2101/h, eta 3m)
  [s3-no_q_r-IL-nc2] 264/384 games (2095/h, eta 3m)
  [s3-no_q_r-IL-nc2] 265/384 games (2101/h, eta 3m)
  [s3-no_q_r-IL-nc2] 266/384 games (2108/h, eta 3m)
  [s3-no_q_r-IL-nc2] 267/384 games (2109/h, eta 3m)
  [s3-no_q_r-IL-nc2] 268/384 games (2102/h, eta 3m)
  [s3-no_q_r-IL-nc2] 269/384 games (2101/h, eta 3m)
  [s3-no_q_r-IL-nc2] 270/384 games (2100/h, eta 3m)
  [s3-no_q_r-IL-nc2] 271/384 games (2107/h, eta 3m)
  [s3-no_q_r-IL-nc2] 272/384 games (2110/h, eta 3m)
  [s3-no_q_r-IL-nc2] 273/384 games (2116/h, eta 3m)
  [s3-no_q_r-IL-nc2] 274/384 games (2121/h, eta 3m)
  [s3-no_q_r-IL-nc2] 275/384 games (2118/h, eta 3m)
  [s3-no_q_r-IL-nc2] 276/384 games (2120/h, eta 3m)
  [s3-no_q_r-IL-nc2] 277/384 games (2115/h, eta 3m)
  [s3-no_q_r-IL-nc2] 278/384 games (2097/h, eta 3m)
  [s3-no_q_r-IL-nc2] 279/384 games (2103/h, eta 3m)
  [s3-no_q_r-IL-nc2] 280/384 games (2108/h, eta 3m)
  [s3-no_q_r-IL-nc2] 281/384 games (2104/h, eta 3m)
  [s3-no_q_r-IL-nc2] 282/384 games (2100/h, eta 3m)
  [s3-no_q_r-IL-nc2] 283/384 games (2105/h, eta 3m)
  [s3-no_q_r-IL-nc2] 284/384 games (2110/h, eta 3m)
  [s3-no_q_r-IL-nc2] 285/384 games (2117/h, eta 3m)
  [s3-no_q_r-IL-nc2] 286/384 games (2117/h, eta 3m)
  [s3-no_q_r-IL-nc2] 287/384 games (2124/h, eta 3m)
  [s3-no_q_r-IL-nc2] 288/384 games (2111/h, eta 3m)
  [s3-no_q_r-IL-nc2] 289/384 games (2089/h, eta 3m)
  [s3-no_q_r-IL-nc2] 290/384 games (2091/h, eta 3m)
  [s3-no_q_r-IL-nc2] 291/384 games (2088/h, eta 3m)
  [s3-no_q_r-IL-nc2] 292/384 games (2091/h, eta 3m)
  [s3-no_q_r-IL-nc2] 293/384 games (2090/h, eta 3m)
  [s3-no_q_r-IL-nc2] 294/384 games (2095/h, eta 3m)
  [s3-no_q_r-IL-nc2] 295/384 games (2102/h, eta 3m)
  [s3-no_q_r-IL-nc2] 296/384 games (2106/h, eta 3m)
  [s3-no_q_r-IL-nc2] 297/384 games (2111/h, eta 2m)
  [s3-no_q_r-IL-nc2] 298/384 games (2117/h, eta 2m)
  [s3-no_q_r-IL-nc2] 299/384 games (2124/h, eta 2m)
  [s3-no_q_r-IL-nc2] 300/384 games (2124/h, eta 2m)
  [s3-no_q_r-IL-nc2] 301/384 games (2122/h, eta 2m)
  [s3-no_q_r-IL-nc2] 302/384 games (2120/h, eta 2m)
  [s3-no_q_r-IL-nc2] 303/384 games (2114/h, eta 2m)
  [s3-no_q_r-IL-nc2] 304/384 games (2115/h, eta 2m)
  [s3-no_q_r-IL-nc2] 305/384 games (2106/h, eta 2m)
  [s3-no_q_r-IL-nc2] 306/384 games (2105/h, eta 2m)
  [s3-no_q_r-IL-nc2] 307/384 games (2097/h, eta 2m)
  [s3-no_q_r-IL-nc2] 308/384 games (2104/h, eta 2m)
  [s3-no_q_r-IL-nc2] 309/384 games (2102/h, eta 2m)
  [s3-no_q_r-IL-nc2] 310/384 games (2104/h, eta 2m)
  [s3-no_q_r-IL-nc2] 311/384 games (2102/h, eta 2m)
  [s3-no_q_r-IL-nc2] 312/384 games (2105/h, eta 2m)
  [s3-no_q_r-IL-nc2] 313/384 games (2096/h, eta 2m)
  [s3-no_q_r-IL-nc2] 314/384 games (2098/h, eta 2m)
  [s3-no_q_r-IL-nc2] 315/384 games (2088/h, eta 2m)
  [s3-no_q_r-IL-nc2] 316/384 games (2088/h, eta 2m)
  [s3-no_q_r-IL-nc2] 317/384 games (2092/h, eta 2m)
  [s3-no_q_r-IL-nc2] 318/384 games (2096/h, eta 2m)
  [s3-no_q_r-IL-nc2] 319/384 games (2103/h, eta 2m)
  [s3-no_q_r-IL-nc2] 320/384 games (2108/h, eta 2m)
  [s3-no_q_r-IL-nc2] 321/384 games (2108/h, eta 2m)
  [s3-no_q_r-IL-nc2] 322/384 games (2108/h, eta 2m)
  [s3-no_q_r-IL-nc2] 323/384 games (2113/h, eta 2m)
  [s3-no_q_r-IL-nc2] 324/384 games (2117/h, eta 2m)
  [s3-no_q_r-IL-nc2] 325/384 games (2121/h, eta 2m)
  [s3-no_q_r-IL-nc2] 326/384 games (2122/h, eta 2m)
  [s3-no_q_r-IL-nc2] 327/384 games (2089/h, eta 2m)
  [s3-no_q_r-IL-nc2] 328/384 games (2076/h, eta 2m)
  [s3-no_q_r-IL-nc2] 329/384 games (2079/h, eta 2m)
  [s3-no_q_r-IL-nc2] 330/384 games (2084/h, eta 2m)
  [s3-no_q_r-IL-nc2] 331/384 games (2088/h, eta 2m)
  [s3-no_q_r-IL-nc2] 332/384 games (2093/h, eta 1m)
  [s3-no_q_r-IL-nc2] 333/384 games (2093/h, eta 1m)
  [s3-no_q_r-IL-nc2] 334/384 games (2096/h, eta 1m)
  [s3-no_q_r-IL-nc2] 335/384 games (2094/h, eta 1m)
  [s3-no_q_r-IL-nc2] 336/384 games (2099/h, eta 1m)
  [s3-no_q_r-IL-nc2] 337/384 games (2105/h, eta 1m)
  [s3-no_q_r-IL-nc2] 338/384 games (2111/h, eta 1m)
  [s3-no_q_r-IL-nc2] 339/384 games (2100/h, eta 1m)
  [s3-no_q_r-IL-nc2] 340/384 games (2105/h, eta 1m)
  [s3-no_q_r-IL-nc2] 341/384 games (2105/h, eta 1m)
  [s3-no_q_r-IL-nc2] 342/384 games (2108/h, eta 1m)
  [s3-no_q_r-IL-nc2] 343/384 games (2110/h, eta 1m)
  [s3-no_q_r-IL-nc2] 344/384 games (2106/h, eta 1m)
  [s3-no_q_r-IL-nc2] 345/384 games (2112/h, eta 1m)
  [s3-no_q_r-IL-nc2] 346/384 games (2116/h, eta 1m)
  [s3-no_q_r-IL-nc2] 347/384 games (2120/h, eta 1m)
  [s3-no_q_r-IL-nc2] 348/384 games (2124/h, eta 1m)
  [s3-no_q_r-IL-nc2] 349/384 games (2128/h, eta 1m)
  [s3-no_q_r-IL-nc2] 350/384 games (2130/h, eta 1m)
  [s3-no_q_r-IL-nc2] 351/384 games (2128/h, eta 1m)
  [s3-no_q_r-IL-nc2] 352/384 games (2120/h, eta 1m)
  [s3-no_q_r-IL-nc2] 353/384 games (2116/h, eta 1m)
  [s3-no_q_r-IL-nc2] 354/384 games (2112/h, eta 1m)
  [s3-no_q_r-IL-nc2] 355/384 games (2117/h, eta 1m)
  [s3-no_q_r-IL-nc2] 356/384 games (2120/h, eta 1m)
  [s3-no_q_r-IL-nc2] 357/384 games (2123/h, eta 1m)
  [s3-no_q_r-IL-nc2] 358/384 games (2112/h, eta 1m)
  [s3-no_q_r-IL-nc2] 359/384 games (2115/h, eta 1m)
  [s3-no_q_r-IL-nc2] 360/384 games (2116/h, eta 1m)
  [s3-no_q_r-IL-nc2] 361/384 games (2121/h, eta 1m)
  [s3-no_q_r-IL-nc2] 362/384 games (2116/h, eta 1m)
  [s3-no_q_r-IL-nc2] 363/384 games (2114/h, eta 1m)
  [s3-no_q_r-IL-nc2] 364/384 games (2117/h, eta 1m)
  [s3-no_q_r-IL-nc2] 365/384 games (2122/h, eta 1m)
  [s3-no_q_r-IL-nc2] 366/384 games (2122/h, eta 1m)
  [s3-no_q_r-IL-nc2] 367/384 games (2126/h, eta 0m)
  [s3-no_q_r-IL-nc2] 368/384 games (2131/h, eta 0m)
  [s3-no_q_r-IL-nc2] 369/384 games (2135/h, eta 0m)
  [s3-no_q_r-IL-nc2] 370/384 games (2123/h, eta 0m)
  [s3-no_q_r-IL-nc2] 371/384 games (2123/h, eta 0m)
  [s3-no_q_r-IL-nc2] 372/384 games (2117/h, eta 0m)
  [s3-no_q_r-IL-nc2] 373/384 games (2121/h, eta 0m)
  [s3-no_q_r-IL-nc2] 374/384 games (2127/h, eta 0m)
  [s3-no_q_r-IL-nc2] 375/384 games (2127/h, eta 0m)
  [s3-no_q_r-IL-nc2] 376/384 games (2126/h, eta 0m)
  [s3-no_q_r-IL-nc2] 377/384 games (2129/h, eta 0m)
  [s3-no_q_r-IL-nc2] 378/384 games (2127/h, eta 0m)
  [s3-no_q_r-IL-nc2] 379/384 games (2129/h, eta 0m)
  [s3-no_q_r-IL-nc2] 380/384 games (2127/h, eta 0m)
  [s3-no_q_r-IL-nc2] 381/384 games (2132/h, eta 0m)
  [s3-no_q_r-IL-nc2] 382/384 games (2132/h, eta 0m)
  [s3-no_q_r-IL-nc2] 383/384 games (2132/h, eta 0m)
  [s3-no_q_r-IL-nc2] 384/384 games (2137/h, eta 0m)
== s3-no_q_r-IL-dp2 -> experiments/results/perturbation/s3-no_q_r-IL-dp2.jsonl
  [s3-no_q_r-IL-dp2] 1/384 games (233/h, eta 99m)
  [s3-no_q_r-IL-dp2] 2/384 games (418/h, eta 55m)
  [s3-no_q_r-IL-dp2] 3/384 games (517/h, eta 44m)
  [s3-no_q_r-IL-dp2] 4/384 games (621/h, eta 37m)
  [s3-no_q_r-IL-dp2] 5/384 games (684/h, eta 33m)
  [s3-no_q_r-IL-dp2] 6/384 games (773/h, eta 29m)
  [s3-no_q_r-IL-dp2] 7/384 games (785/h, eta 29m)
  [s3-no_q_r-IL-dp2] 8/384 games (878/h, eta 26m)
  [s3-no_q_r-IL-dp2] 9/384 games (874/h, eta 26m)
  [s3-no_q_r-IL-dp2] 10/384 games (960/h, eta 23m)
  [s3-no_q_r-IL-dp2] 11/384 games (1030/h, eta 22m)
  [s3-no_q_r-IL-dp2] 12/384 games (1115/h, eta 20m)
  [s3-no_q_r-IL-dp2] 13/384 games (1176/h, eta 19m)
  [s3-no_q_r-IL-dp2] 14/384 games (1206/h, eta 18m)
  [s3-no_q_r-IL-dp2] 15/384 games (1250/h, eta 18m)
  [s3-no_q_r-IL-dp2] 16/384 games (1324/h, eta 17m)
  [s3-no_q_r-IL-dp2] 17/384 games (1214/h, eta 18m)
  [s3-no_q_r-IL-dp2] 18/384 games (1283/h, eta 17m)
  [s3-no_q_r-IL-dp2] 19/384 games (1320/h, eta 17m)
  [s3-no_q_r-IL-dp2] 20/384 games (1301/h, eta 17m)
  [s3-no_q_r-IL-dp2] 21/384 games (1354/h, eta 16m)
  [s3-no_q_r-IL-dp2] 22/384 games (1400/h, eta 16m)
  [s3-no_q_r-IL-dp2] 23/384 games (1369/h, eta 16m)
  [s3-no_q_r-IL-dp2] 24/384 games (1416/h, eta 15m)
  [s3-no_q_r-IL-dp2] 25/384 games (1389/h, eta 16m)
  [s3-no_q_r-IL-dp2] 26/384 games (1408/h, eta 15m)
  [s3-no_q_r-IL-dp2] 27/384 games (1391/h, eta 15m)
  [s3-no_q_r-IL-dp2] 28/384 games (1405/h, eta 15m)
  [s3-no_q_r-IL-dp2] 29/384 games (1427/h, eta 15m)
  [s3-no_q_r-IL-dp2] 30/384 games (1434/h, eta 15m)
  [s3-no_q_r-IL-dp2] 31/384 games (1466/h, eta 14m)
  [s3-no_q_r-IL-dp2] 32/384 games (1488/h, eta 14m)
  [s3-no_q_r-IL-dp2] 33/384 games (1533/h, eta 14m)
  [s3-no_q_r-IL-dp2] 34/384 games (1513/h, eta 14m)
  [s3-no_q_r-IL-dp2] 35/384 games (1515/h, eta 14m)
  [s3-no_q_r-IL-dp2] 36/384 games (1553/h, eta 13m)
  [s3-no_q_r-IL-dp2] 37/384 games (1579/h, eta 13m)
  [s3-no_q_r-IL-dp2] 38/384 games (1556/h, eta 13m)
  [s3-no_q_r-IL-dp2] 39/384 games (1597/h, eta 13m)
  [s3-no_q_r-IL-dp2] 40/384 games (1628/h, eta 13m)
  [s3-no_q_r-IL-dp2] 41/384 games (1663/h, eta 12m)
  [s3-no_q_r-IL-dp2] 42/384 games (1674/h, eta 12m)
  [s3-no_q_r-IL-dp2] 43/384 games (1705/h, eta 12m)
  [s3-no_q_r-IL-dp2] 44/384 games (1663/h, eta 12m)
  [s3-no_q_r-IL-dp2] 45/384 games (1653/h, eta 12m)
  [s3-no_q_r-IL-dp2] 46/384 games (1603/h, eta 13m)
  [s3-no_q_r-IL-dp2] 47/384 games (1619/h, eta 12m)
  [s3-no_q_r-IL-dp2] 48/384 games (1641/h, eta 12m)
  [s3-no_q_r-IL-dp2] 49/384 games (1656/h, eta 12m)
  [s3-no_q_r-IL-dp2] 50/384 games (1666/h, eta 12m)
  [s3-no_q_r-IL-dp2] 51/384 games (1678/h, eta 12m)
  [s3-no_q_r-IL-dp2] 52/384 games (1648/h, eta 12m)
  [s3-no_q_r-IL-dp2] 53/384 games (1660/h, eta 12m)
  [s3-no_q_r-IL-dp2] 54/384 games (1647/h, eta 12m)
  [s3-no_q_r-IL-dp2] 55/384 games (1659/h, eta 12m)
  [s3-no_q_r-IL-dp2] 56/384 games (1663/h, eta 12m)
  [s3-no_q_r-IL-dp2] 57/384 games (1666/h, eta 12m)
  [s3-no_q_r-IL-dp2] 58/384 games (1688/h, eta 12m)
  [s3-no_q_r-IL-dp2] 59/384 games (1708/h, eta 11m)
  [s3-no_q_r-IL-dp2] 60/384 games (1723/h, eta 11m)
  [s3-no_q_r-IL-dp2] 61/384 games (1727/h, eta 11m)
  [s3-no_q_r-IL-dp2] 62/384 games (1747/h, eta 11m)
  [s3-no_q_r-IL-dp2] 63/384 games (1749/h, eta 11m)
  [s3-no_q_r-IL-dp2] 64/384 games (1727/h, eta 11m)
  [s3-no_q_r-IL-dp2] 65/384 games (1746/h, eta 11m)
  [s3-no_q_r-IL-dp2] 66/384 games (1762/h, eta 11m)
  [s3-no_q_r-IL-dp2] 67/384 games (1725/h, eta 11m)
  [s3-no_q_r-IL-dp2] 68/384 games (1702/h, eta 11m)
  [s3-no_q_r-IL-dp2] 69/384 games (1679/h, eta 11m)
  [s3-no_q_r-IL-dp2] 70/384 games (1648/h, eta 11m)
  [s3-no_q_r-IL-dp2] 71/384 games (1667/h, eta 11m)
  [s3-no_q_r-IL-dp2] 72/384 games (1682/h, eta 11m)
  [s3-no_q_r-IL-dp2] 73/384 games (1684/h, eta 11m)
  [s3-no_q_r-IL-dp2] 74/384 games (1689/h, eta 11m)
  [s3-no_q_r-IL-dp2] 75/384 games (1668/h, eta 11m)
  [s3-no_q_r-IL-dp2] 76/384 games (1677/h, eta 11m)
  [s3-no_q_r-IL-dp2] 77/384 games (1675/h, eta 11m)
  [s3-no_q_r-IL-dp2] 78/384 games (1696/h, eta 11m)
  [s3-no_q_r-IL-dp2] 79/384 games (1718/h, eta 11m)
  [s3-no_q_r-IL-dp2] 80/384 games (1739/h, eta 10m)
  [s3-no_q_r-IL-dp2] 81/384 games (1752/h, eta 10m)
  [s3-no_q_r-IL-dp2] 82/384 games (1766/h, eta 10m)
  [s3-no_q_r-IL-dp2] 83/384 games (1780/h, eta 10m)
  [s3-no_q_r-IL-dp2] 84/384 games (1773/h, eta 10m)
  [s3-no_q_r-IL-dp2] 85/384 games (1793/h, eta 10m)
  [s3-no_q_r-IL-dp2] 86/384 games (1812/h, eta 10m)
  [s3-no_q_r-IL-dp2] 87/384 games (1794/h, eta 10m)
  [s3-no_q_r-IL-dp2] 88/384 games (1807/h, eta 10m)
  [s3-no_q_r-IL-dp2] 89/384 games (1779/h, eta 10m)
  [s3-no_q_r-IL-dp2] 90/384 games (1646/h, eta 11m)
  [s3-no_q_r-IL-dp2] 91/384 games (1654/h, eta 11m)
  [s3-no_q_r-IL-dp2] 92/384 games (1667/h, eta 11m)
  [s3-no_q_r-IL-dp2] 93/384 games (1661/h, eta 11m)
  [s3-no_q_r-IL-dp2] 94/384 games (1677/h, eta 10m)
  [s3-no_q_r-IL-dp2] 95/384 games (1690/h, eta 10m)
  [s3-no_q_r-IL-dp2] 96/384 games (1706/h, eta 10m)
  [s3-no_q_r-IL-dp2] 97/384 games (1715/h, eta 10m)
  [s3-no_q_r-IL-dp2] 98/384 games (1709/h, eta 10m)
  [s3-no_q_r-IL-dp2] 99/384 games (1724/h, eta 10m)
  [s3-no_q_r-IL-dp2] 100/384 games (1738/h, eta 10m)
  [s3-no_q_r-IL-dp2] 101/384 games (1755/h, eta 10m)
  [s3-no_q_r-IL-dp2] 102/384 games (1760/h, eta 10m)
  [s3-no_q_r-IL-dp2] 103/384 games (1770/h, eta 10m)
  [s3-no_q_r-IL-dp2] 104/384 games (1787/h, eta 9m)
  [s3-no_q_r-IL-dp2] 105/384 games (1800/h, eta 9m)
  [s3-no_q_r-IL-dp2] 106/384 games (1788/h, eta 9m)
  [s3-no_q_r-IL-dp2] 107/384 games (1771/h, eta 9m)
  [s3-no_q_r-IL-dp2] 108/384 games (1785/h, eta 9m)
  [s3-no_q_r-IL-dp2] 109/384 games (1797/h, eta 9m)
  [s3-no_q_r-IL-dp2] 110/384 games (1805/h, eta 9m)
  [s3-no_q_r-IL-dp2] 111/384 games (1811/h, eta 9m)
  [s3-no_q_r-IL-dp2] 112/384 games (1808/h, eta 9m)
  [s3-no_q_r-IL-dp2] 113/384 games (1809/h, eta 9m)
  [s3-no_q_r-IL-dp2] 114/384 games (1802/h, eta 9m)
  [s3-no_q_r-IL-dp2] 115/384 games (1739/h, eta 9m)
  [s3-no_q_r-IL-dp2] 116/384 games (1740/h, eta 9m)
  [s3-no_q_r-IL-dp2] 117/384 games (1739/h, eta 9m)
  [s3-no_q_r-IL-dp2] 118/384 games (1749/h, eta 9m)
  [s3-no_q_r-IL-dp2] 119/384 games (1754/h, eta 9m)
  [s3-no_q_r-IL-dp2] 120/384 games (1754/h, eta 9m)
  [s3-no_q_r-IL-dp2] 121/384 games (1722/h, eta 9m)
  [s3-no_q_r-IL-dp2] 122/384 games (1731/h, eta 9m)
  [s3-no_q_r-IL-dp2] 123/384 games (1744/h, eta 9m)
  [s3-no_q_r-IL-dp2] 124/384 games (1748/h, eta 9m)
  [s3-no_q_r-IL-dp2] 125/384 games (1757/h, eta 9m)
  [s3-no_q_r-IL-dp2] 126/384 games (1766/h, eta 9m)
  [s3-no_q_r-IL-dp2] 127/384 games (1769/h, eta 9m)
  [s3-no_q_r-IL-dp2] 128/384 games (1783/h, eta 9m)
  [s3-no_q_r-IL-dp2] 129/384 games (1792/h, eta 9m)
  [s3-no_q_r-IL-dp2] 130/384 games (1782/h, eta 9m)
  [s3-no_q_r-IL-dp2] 131/384 games (1787/h, eta 8m)
  [s3-no_q_r-IL-dp2] 132/384 games (1797/h, eta 8m)
  [s3-no_q_r-IL-dp2] 133/384 games (1799/h, eta 8m)
  [s3-no_q_r-IL-dp2] 134/384 games (1809/h, eta 8m)
  [s3-no_q_r-IL-dp2] 135/384 games (1794/h, eta 8m)
  [s3-no_q_r-IL-dp2] 136/384 games (1779/h, eta 8m)
  [s3-no_q_r-IL-dp2] 137/384 games (1787/h, eta 8m)
  [s3-no_q_r-IL-dp2] 138/384 games (1789/h, eta 8m)
  [s3-no_q_r-IL-dp2] 139/384 games (1785/h, eta 8m)
  [s3-no_q_r-IL-dp2] 140/384 games (1776/h, eta 8m)
  [s3-no_q_r-IL-dp2] 141/384 games (1786/h, eta 8m)
  [s3-no_q_r-IL-dp2] 142/384 games (1796/h, eta 8m)
  [s3-no_q_r-IL-dp2] 143/384 games (1804/h, eta 8m)
  [s3-no_q_r-IL-dp2] 144/384 games (1770/h, eta 8m)
  [s3-no_q_r-IL-dp2] 145/384 games (1760/h, eta 8m)
  [s3-no_q_r-IL-dp2] 146/384 games (1767/h, eta 8m)
  [s3-no_q_r-IL-dp2] 147/384 games (1776/h, eta 8m)
  [s3-no_q_r-IL-dp2] 148/384 games (1786/h, eta 8m)
  [s3-no_q_r-IL-dp2] 149/384 games (1790/h, eta 8m)
  [s3-no_q_r-IL-dp2] 150/384 games (1800/h, eta 8m)
  [s3-no_q_r-IL-dp2] 151/384 games (1803/h, eta 8m)
  [s3-no_q_r-IL-dp2] 152/384 games (1804/h, eta 8m)
  [s3-no_q_r-IL-dp2] 153/384 games (1807/h, eta 8m)
  [s3-no_q_r-IL-dp2] 154/384 games (1810/h, eta 8m)
  [s3-no_q_r-IL-dp2] 155/384 games (1821/h, eta 8m)
  [s3-no_q_r-IL-dp2] 156/384 games (1801/h, eta 8m)
  [s3-no_q_r-IL-dp2] 157/384 games (1810/h, eta 8m)
  [s3-no_q_r-IL-dp2] 158/384 games (1815/h, eta 7m)
  [s3-no_q_r-IL-dp2] 159/384 games (1817/h, eta 7m)
  [s3-no_q_r-IL-dp2] 160/384 games (1821/h, eta 7m)
  [s3-no_q_r-IL-dp2] 161/384 games (1775/h, eta 8m)
  [s3-no_q_r-IL-dp2] 162/384 games (1774/h, eta 8m)
  [s3-no_q_r-IL-dp2] 163/384 games (1783/h, eta 7m)
  [s3-no_q_r-IL-dp2] 164/384 games (1782/h, eta 7m)
  [s3-no_q_r-IL-dp2] 165/384 games (1790/h, eta 7m)
  [s3-no_q_r-IL-dp2] 166/384 games (1792/h, eta 7m)
  [s3-no_q_r-IL-dp2] 167/384 games (1781/h, eta 7m)
  [s3-no_q_r-IL-dp2] 168/384 games (1780/h, eta 7m)
  [s3-no_q_r-IL-dp2] 169/384 games (1780/h, eta 7m)
  [s3-no_q_r-IL-dp2] 170/384 games (1788/h, eta 7m)
  [s3-no_q_r-IL-dp2] 171/384 games (1793/h, eta 7m)
  [s3-no_q_r-IL-dp2] 172/384 games (1787/h, eta 7m)
  [s3-no_q_r-IL-dp2] 173/384 games (1792/h, eta 7m)
  [s3-no_q_r-IL-dp2] 174/384 games (1801/h, eta 7m)
  [s3-no_q_r-IL-dp2] 175/384 games (1811/h, eta 7m)
  [s3-no_q_r-IL-dp2] 176/384 games (1819/h, eta 7m)
  [s3-no_q_r-IL-dp2] 177/384 games (1782/h, eta 7m)
  [s3-no_q_r-IL-dp2] 178/384 games (1790/h, eta 7m)
  [s3-no_q_r-IL-dp2] 179/384 games (1799/h, eta 7m)
  [s3-no_q_r-IL-dp2] 180/384 games (1808/h, eta 7m)
  [s3-no_q_r-IL-dp2] 181/384 games (1813/h, eta 7m)
  [s3-no_q_r-IL-dp2] 182/384 games (1806/h, eta 7m)
  [s3-no_q_r-IL-dp2] 183/384 games (1812/h, eta 7m)
  [s3-no_q_r-IL-dp2] 184/384 games (1802/h, eta 7m)
  [s3-no_q_r-IL-dp2] 185/384 games (1779/h, eta 7m)
  [s3-no_q_r-IL-dp2] 186/384 games (1786/h, eta 7m)
  [s3-no_q_r-IL-dp2] 187/384 games (1795/h, eta 7m)
  [s3-no_q_r-IL-dp2] 188/384 games (1799/h, eta 7m)
  [s3-no_q_r-IL-dp2] 189/384 games (1798/h, eta 7m)
  [s3-no_q_r-IL-dp2] 190/384 games (1803/h, eta 6m)
  [s3-no_q_r-IL-dp2] 191/384 games (1801/h, eta 6m)
  [s3-no_q_r-IL-dp2] 192/384 games (1797/h, eta 6m)
  [s3-no_q_r-IL-dp2] 193/384 games (1790/h, eta 6m)
  [s3-no_q_r-IL-dp2] 194/384 games (1797/h, eta 6m)
  [s3-no_q_r-IL-dp2] 195/384 games (1803/h, eta 6m)
  [s3-no_q_r-IL-dp2] 196/384 games (1799/h, eta 6m)
  [s3-no_q_r-IL-dp2] 197/384 games (1789/h, eta 6m)
  [s3-no_q_r-IL-dp2] 198/384 games (1794/h, eta 6m)
  [s3-no_q_r-IL-dp2] 199/384 games (1801/h, eta 6m)
  [s3-no_q_r-IL-dp2] 200/384 games (1801/h, eta 6m)
  [s3-no_q_r-IL-dp2] 201/384 games (1787/h, eta 6m)
  [s3-no_q_r-IL-dp2] 202/384 games (1794/h, eta 6m)
  [s3-no_q_r-IL-dp2] 203/384 games (1794/h, eta 6m)
  [s3-no_q_r-IL-dp2] 204/384 games (1798/h, eta 6m)
  [s3-no_q_r-IL-dp2] 205/384 games (1796/h, eta 6m)
  [s3-no_q_r-IL-dp2] 206/384 games (1804/h, eta 6m)
  [s3-no_q_r-IL-dp2] 207/384 games (1793/h, eta 6m)
  [s3-no_q_r-IL-dp2] 208/384 games (1797/h, eta 6m)
  [s3-no_q_r-IL-dp2] 209/384 games (1771/h, eta 6m)
  [s3-no_q_r-IL-dp2] 210/384 games (1775/h, eta 6m)
  [s3-no_q_r-IL-dp2] 211/384 games (1778/h, eta 6m)
  [s3-no_q_r-IL-dp2] 212/384 games (1758/h, eta 6m)
  [s3-no_q_r-IL-dp2] 213/384 games (1763/h, eta 6m)
  [s3-no_q_r-IL-dp2] 214/384 games (1766/h, eta 6m)
  [s3-no_q_r-IL-dp2] 215/384 games (1767/h, eta 6m)
  [s3-no_q_r-IL-dp2] 216/384 games (1768/h, eta 6m)
  [s3-no_q_r-IL-dp2] 217/384 games (1776/h, eta 6m)
  [s3-no_q_r-IL-dp2] 218/384 games (1779/h, eta 6m)
  [s3-no_q_r-IL-dp2] 219/384 games (1786/h, eta 6m)
  [s3-no_q_r-IL-dp2] 220/384 games (1792/h, eta 5m)
  [s3-no_q_r-IL-dp2] 221/384 games (1799/h, eta 5m)
  [s3-no_q_r-IL-dp2] 222/384 games (1807/h, eta 5m)
  [s3-no_q_r-IL-dp2] 223/384 games (1812/h, eta 5m)
  [s3-no_q_r-IL-dp2] 224/384 games (1814/h, eta 5m)
  [s3-no_q_r-IL-dp2] 225/384 games (1816/h, eta 5m)
  [s3-no_q_r-IL-dp2] 226/384 games (1807/h, eta 5m)
  [s3-no_q_r-IL-dp2] 227/384 games (1797/h, eta 5m)
  [s3-no_q_r-IL-dp2] 228/384 games (1778/h, eta 5m)
  [s3-no_q_r-IL-dp2] 229/384 games (1777/h, eta 5m)
  [s3-no_q_r-IL-dp2] 230/384 games (1778/h, eta 5m)
  [s3-no_q_r-IL-dp2] 231/384 games (1785/h, eta 5m)
  [s3-no_q_r-IL-dp2] 232/384 games (1786/h, eta 5m)
  [s3-no_q_r-IL-dp2] 233/384 games (1788/h, eta 5m)
  [s3-no_q_r-IL-dp2] 234/384 games (1794/h, eta 5m)
  [s3-no_q_r-IL-dp2] 235/384 games (1793/h, eta 5m)
  [s3-no_q_r-IL-dp2] 236/384 games (1798/h, eta 5m)
  [s3-no_q_r-IL-dp2] 237/384 games (1795/h, eta 5m)
  [s3-no_q_r-IL-dp2] 238/384 games (1792/h, eta 5m)
  [s3-no_q_r-IL-dp2] 239/384 games (1795/h, eta 5m)
  [s3-no_q_r-IL-dp2] 240/384 games (1798/h, eta 5m)
  [s3-no_q_r-IL-dp2] 241/384 games (1800/h, eta 5m)
  [s3-no_q_r-IL-dp2] 242/384 games (1794/h, eta 5m)
  [s3-no_q_r-IL-dp2] 243/384 games (1801/h, eta 5m)
  [s3-no_q_r-IL-dp2] 244/384 games (1799/h, eta 5m)
  [s3-no_q_r-IL-dp2] 245/384 games (1804/h, eta 5m)
  [s3-no_q_r-IL-dp2] 246/384 games (1808/h, eta 5m)
  [s3-no_q_r-IL-dp2] 247/384 games (1815/h, eta 5m)
  [s3-no_q_r-IL-dp2] 248/384 games (1820/h, eta 4m)
  [s3-no_q_r-IL-dp2] 249/384 games (1827/h, eta 4m)
  [s3-no_q_r-IL-dp2] 250/384 games (1833/h, eta 4m)
  [s3-no_q_r-IL-dp2] 251/384 games (1833/h, eta 4m)
  [s3-no_q_r-IL-dp2] 252/384 games (1832/h, eta 4m)
  [s3-no_q_r-IL-dp2] 253/384 games (1824/h, eta 4m)
  [s3-no_q_r-IL-dp2] 254/384 games (1818/h, eta 4m)
  [s3-no_q_r-IL-dp2] 255/384 games (1818/h, eta 4m)
  [s3-no_q_r-IL-dp2] 256/384 games (1822/h, eta 4m)
  [s3-no_q_r-IL-dp2] 257/384 games (1826/h, eta 4m)
  [s3-no_q_r-IL-dp2] 258/384 games (1821/h, eta 4m)
  [s3-no_q_r-IL-dp2] 259/384 games (1824/h, eta 4m)
  [s3-no_q_r-IL-dp2] 260/384 games (1828/h, eta 4m)
  [s3-no_q_r-IL-dp2] 261/384 games (1832/h, eta 4m)
  [s3-no_q_r-IL-dp2] 262/384 games (1838/h, eta 4m)
  [s3-no_q_r-IL-dp2] 263/384 games (1834/h, eta 4m)
  [s3-no_q_r-IL-dp2] 264/384 games (1836/h, eta 4m)
  [s3-no_q_r-IL-dp2] 265/384 games (1833/h, eta 4m)
  [s3-no_q_r-IL-dp2] 266/384 games (1837/h, eta 4m)
  [s3-no_q_r-IL-dp2] 267/384 games (1843/h, eta 4m)
  [s3-no_q_r-IL-dp2] 268/384 games (1843/h, eta 4m)
  [s3-no_q_r-IL-dp2] 269/384 games (1848/h, eta 4m)
  [s3-no_q_r-IL-dp2] 270/384 games (1850/h, eta 4m)
  [s3-no_q_r-IL-dp2] 271/384 games (1855/h, eta 4m)
  [s3-no_q_r-IL-dp2] 272/384 games (1856/h, eta 4m)
  [s3-no_q_r-IL-dp2] 273/384 games (1860/h, eta 4m)
  [s3-no_q_r-IL-dp2] 274/384 games (1845/h, eta 4m)
  [s3-no_q_r-IL-dp2] 275/384 games (1845/h, eta 4m)
  [s3-no_q_r-IL-dp2] 276/384 games (1840/h, eta 4m)
  [s3-no_q_r-IL-dp2] 277/384 games (1840/h, eta 3m)
  [s3-no_q_r-IL-dp2] 278/384 games (1842/h, eta 3m)
  [s3-no_q_r-IL-dp2] 279/384 games (1845/h, eta 3m)
  [s3-no_q_r-IL-dp2] 280/384 games (1851/h, eta 3m)
  [s3-no_q_r-IL-dp2] 281/384 games (1847/h, eta 3m)
  [s3-no_q_r-IL-dp2] 282/384 games (1854/h, eta 3m)
  [s3-no_q_r-IL-dp2] 283/384 games (1859/h, eta 3m)
  [s3-no_q_r-IL-dp2] 284/384 games (1861/h, eta 3m)
  [s3-no_q_r-IL-dp2] 285/384 games (1865/h, eta 3m)
  [s3-no_q_r-IL-dp2] 286/384 games (1870/h, eta 3m)
  [s3-no_q_r-IL-dp2] 287/384 games (1865/h, eta 3m)
  [s3-no_q_r-IL-dp2] 288/384 games (1861/h, eta 3m)
  [s3-no_q_r-IL-dp2] 289/384 games (1866/h, eta 3m)
  [s3-no_q_r-IL-dp2] 290/384 games (1870/h, eta 3m)
  [s3-no_q_r-IL-dp2] 291/384 games (1856/h, eta 3m)
  [s3-no_q_r-IL-dp2] 292/384 games (1855/h, eta 3m)
  [s3-no_q_r-IL-dp2] 293/384 games (1843/h, eta 3m)
  [s3-no_q_r-IL-dp2] 294/384 games (1848/h, eta 3m)
  [s3-no_q_r-IL-dp2] 295/384 games (1850/h, eta 3m)
  [s3-no_q_r-IL-dp2] 296/384 games (1854/h, eta 3m)
  [s3-no_q_r-IL-dp2] 297/384 games (1859/h, eta 3m)
  [s3-no_q_r-IL-dp2] 298/384 games (1861/h, eta 3m)
  [s3-no_q_r-IL-dp2] 299/384 games (1867/h, eta 3m)
  [s3-no_q_r-IL-dp2] 300/384 games (1868/h, eta 3m)
  [s3-no_q_r-IL-dp2] 301/384 games (1873/h, eta 3m)
  [s3-no_q_r-IL-dp2] 302/384 games (1867/h, eta 3m)
  [s3-no_q_r-IL-dp2] 303/384 games (1866/h, eta 3m)
  [s3-no_q_r-IL-dp2] 304/384 games (1871/h, eta 3m)
  [s3-no_q_r-IL-dp2] 305/384 games (1872/h, eta 3m)
  [s3-no_q_r-IL-dp2] 306/384 games (1871/h, eta 3m)
  [s3-no_q_r-IL-dp2] 307/384 games (1864/h, eta 2m)
  [s3-no_q_r-IL-dp2] 308/384 games (1866/h, eta 2m)
  [s3-no_q_r-IL-dp2] 309/384 games (1871/h, eta 2m)
  [s3-no_q_r-IL-dp2] 310/384 games (1877/h, eta 2m)
  [s3-no_q_r-IL-dp2] 311/384 games (1880/h, eta 2m)
  [s3-no_q_r-IL-dp2] 312/384 games (1877/h, eta 2m)
  [s3-no_q_r-IL-dp2] 313/384 games (1871/h, eta 2m)
  [s3-no_q_r-IL-dp2] 314/384 games (1875/h, eta 2m)
  [s3-no_q_r-IL-dp2] 315/384 games (1868/h, eta 2m)
  [s3-no_q_r-IL-dp2] 316/384 games (1867/h, eta 2m)
  [s3-no_q_r-IL-dp2] 317/384 games (1869/h, eta 2m)
  [s3-no_q_r-IL-dp2] 318/384 games (1869/h, eta 2m)
  [s3-no_q_r-IL-dp2] 319/384 games (1873/h, eta 2m)
  [s3-no_q_r-IL-dp2] 320/384 games (1863/h, eta 2m)
  [s3-no_q_r-IL-dp2] 321/384 games (1867/h, eta 2m)
  [s3-no_q_r-IL-dp2] 322/384 games (1866/h, eta 2m)
  [s3-no_q_r-IL-dp2] 323/384 games (1869/h, eta 2m)
  [s3-no_q_r-IL-dp2] 324/384 games (1873/h, eta 2m)
  [s3-no_q_r-IL-dp2] 325/384 games (1874/h, eta 2m)
  [s3-no_q_r-IL-dp2] 326/384 games (1876/h, eta 2m)
  [s3-no_q_r-IL-dp2] 327/384 games (1862/h, eta 2m)
  [s3-no_q_r-IL-dp2] 328/384 games (1867/h, eta 2m)
  [s3-no_q_r-IL-dp2] 329/384 games (1871/h, eta 2m)
  [s3-no_q_r-IL-dp2] 330/384 games (1874/h, eta 2m)
  [s3-no_q_r-IL-dp2] 331/384 games (1867/h, eta 2m)
  [s3-no_q_r-IL-dp2] 332/384 games (1868/h, eta 2m)
  [s3-no_q_r-IL-dp2] 333/384 games (1868/h, eta 2m)
  [s3-no_q_r-IL-dp2] 334/384 games (1872/h, eta 2m)
  [s3-no_q_r-IL-dp2] 335/384 games (1871/h, eta 2m)
  [s3-no_q_r-IL-dp2] 336/384 games (1871/h, eta 2m)
  [s3-no_q_r-IL-dp2] 337/384 games (1875/h, eta 2m)
  [s3-no_q_r-IL-dp2] 338/384 games (1863/h, eta 1m)
  [s3-no_q_r-IL-dp2] 339/384 games (1867/h, eta 1m)
  [s3-no_q_r-IL-dp2] 340/384 games (1865/h, eta 1m)
  [s3-no_q_r-IL-dp2] 341/384 games (1870/h, eta 1m)
  [s3-no_q_r-IL-dp2] 342/384 games (1870/h, eta 1m)
  [s3-no_q_r-IL-dp2] 343/384 games (1870/h, eta 1m)
  [s3-no_q_r-IL-dp2] 344/384 games (1873/h, eta 1m)
  [s3-no_q_r-IL-dp2] 345/384 games (1870/h, eta 1m)
  [s3-no_q_r-IL-dp2] 346/384 games (1869/h, eta 1m)
  [s3-no_q_r-IL-dp2] 347/384 games (1874/h, eta 1m)
  [s3-no_q_r-IL-dp2] 348/384 games (1878/h, eta 1m)
  [s3-no_q_r-IL-dp2] 349/384 games (1881/h, eta 1m)
  [s3-no_q_r-IL-dp2] 350/384 games (1886/h, eta 1m)
  [s3-no_q_r-IL-dp2] 351/384 games (1878/h, eta 1m)
  [s3-no_q_r-IL-dp2] 352/384 games (1870/h, eta 1m)
  [s3-no_q_r-IL-dp2] 353/384 games (1874/h, eta 1m)
  [s3-no_q_r-IL-dp2] 354/384 games (1870/h, eta 1m)
  [s3-no_q_r-IL-dp2] 355/384 games (1865/h, eta 1m)
  [s3-no_q_r-IL-dp2] 356/384 games (1869/h, eta 1m)
  [s3-no_q_r-IL-dp2] 357/384 games (1872/h, eta 1m)
  [s3-no_q_r-IL-dp2] 358/384 games (1867/h, eta 1m)
  [s3-no_q_r-IL-dp2] 359/384 games (1872/h, eta 1m)
  [s3-no_q_r-IL-dp2] 360/384 games (1873/h, eta 1m)
  [s3-no_q_r-IL-dp2] 361/384 games (1877/h, eta 1m)
  [s3-no_q_r-IL-dp2] 362/384 games (1882/h, eta 1m)
  [s3-no_q_r-IL-dp2] 363/384 games (1871/h, eta 1m)
  [s3-no_q_r-IL-dp2] 364/384 games (1873/h, eta 1m)
  [s3-no_q_r-IL-dp2] 365/384 games (1856/h, eta 1m)
  [s3-no_q_r-IL-dp2] 366/384 games (1854/h, eta 1m)
  [s3-no_q_r-IL-dp2] 367/384 games (1857/h, eta 1m)
  [s3-no_q_r-IL-dp2] 368/384 games (1862/h, eta 1m)
  [s3-no_q_r-IL-dp2] 369/384 games (1866/h, eta 0m)
  [s3-no_q_r-IL-dp2] 370/384 games (1870/h, eta 0m)
  [s3-no_q_r-IL-dp2] 371/384 games (1868/h, eta 0m)
  [s3-no_q_r-IL-dp2] 372/384 games (1873/h, eta 0m)
  [s3-no_q_r-IL-dp2] 373/384 games (1876/h, eta 0m)
  [s3-no_q_r-IL-dp2] 374/384 games (1870/h, eta 0m)
  [s3-no_q_r-IL-dp2] 375/384 games (1873/h, eta 0m)
  [s3-no_q_r-IL-dp2] 376/384 games (1875/h, eta 0m)
  [s3-no_q_r-IL-dp2] 377/384 games (1874/h, eta 0m)
  [s3-no_q_r-IL-dp2] 378/384 games (1879/h, eta 0m)
  [s3-no_q_r-IL-dp2] 379/384 games (1882/h, eta 0m)
  [s3-no_q_r-IL-dp2] 380/384 games (1885/h, eta 0m)
  [s3-no_q_r-IL-dp2] 381/384 games (1888/h, eta 0m)
  [s3-no_q_r-IL-dp2] 382/384 games (1892/h, eta 0m)
  [s3-no_q_r-IL-dp2] 383/384 games (1890/h, eta 0m)
  [s3-no_q_r-IL-dp2] 384/384 games (1842/h, eta 0m)
== s3-no_q_r-IL-nc2-dp2 -> experiments/results/perturbation/s3-no_q_r-IL-nc2-dp2.jsonl
  [s3-no_q_r-IL-nc2-dp2] 1/384 games (422/h, eta 54m)
  [s3-no_q_r-IL-nc2-dp2] 2/384 games (564/h, eta 41m)
  [s3-no_q_r-IL-nc2-dp2] 3/384 games (810/h, eta 28m)
  [s3-no_q_r-IL-nc2-dp2] 4/384 games (879/h, eta 26m)
  [s3-no_q_r-IL-nc2-dp2] 5/384 games (726/h, eta 31m)
  [s3-no_q_r-IL-nc2-dp2] 6/384 games (757/h, eta 30m)
  [s3-no_q_r-IL-nc2-dp2] 7/384 games (836/h, eta 27m)
  [s3-no_q_r-IL-nc2-dp2] 8/384 games (851/h, eta 26m)
  [s3-no_q_r-IL-nc2-dp2] 9/384 games (847/h, eta 27m)
  [s3-no_q_r-IL-nc2-dp2] 10/384 games (882/h, eta 25m)
  [s3-no_q_r-IL-nc2-dp2] 11/384 games (962/h, eta 23m)
  [s3-no_q_r-IL-nc2-dp2] 12/384 games (1034/h, eta 22m)
  [s3-no_q_r-IL-nc2-dp2] 13/384 games (1056/h, eta 21m)
  [s3-no_q_r-IL-nc2-dp2] 14/384 games (1103/h, eta 20m)
  [s3-no_q_r-IL-nc2-dp2] 15/384 games (1180/h, eta 19m)
  [s3-no_q_r-IL-nc2-dp2] 16/384 games (1214/h, eta 18m)
  [s3-no_q_r-IL-nc2-dp2] 17/384 games (1230/h, eta 18m)
  [s3-no_q_r-IL-nc2-dp2] 18/384 games (1300/h, eta 17m)
  [s3-no_q_r-IL-nc2-dp2] 19/384 games (1365/h, eta 16m)
  [s3-no_q_r-IL-nc2-dp2] 20/384 games (1343/h, eta 16m)
  [s3-no_q_r-IL-nc2-dp2] 21/384 games (1397/h, eta 16m)
  [s3-no_q_r-IL-nc2-dp2] 22/384 games (1410/h, eta 15m)
  [s3-no_q_r-IL-nc2-dp2] 23/384 games (1460/h, eta 15m)
  [s3-no_q_r-IL-nc2-dp2] 24/384 games (1397/h, eta 15m)
  [s3-no_q_r-IL-nc2-dp2] 25/384 games (1451/h, eta 15m)
  [s3-no_q_r-IL-nc2-dp2] 26/384 games (1506/h, eta 14m)
  [s3-no_q_r-IL-nc2-dp2] 27/384 games (1489/h, eta 14m)
  [s3-no_q_r-IL-nc2-dp2] 28/384 games (1378/h, eta 16m)
  [s3-no_q_r-IL-nc2-dp2] 29/384 games (1423/h, eta 15m)
  [s3-no_q_r-IL-nc2-dp2] 30/384 games (1452/h, eta 15m)
  [s3-no_q_r-IL-nc2-dp2] 31/384 games (1481/h, eta 14m)
  [s3-no_q_r-IL-nc2-dp2] 32/384 games (1411/h, eta 15m)
  [s3-no_q_r-IL-nc2-dp2] 33/384 games (1452/h, eta 15m)
  [s3-no_q_r-IL-nc2-dp2] 34/384 games (1450/h, eta 14m)
  [s3-no_q_r-IL-nc2-dp2] 35/384 games (1485/h, eta 14m)
  [s3-no_q_r-IL-nc2-dp2] 36/384 games (1508/h, eta 14m)
  [s3-no_q_r-IL-nc2-dp2] 37/384 games (1480/h, eta 14m)
  [s3-no_q_r-IL-nc2-dp2] 38/384 games (1458/h, eta 14m)
  [s3-no_q_r-IL-nc2-dp2] 39/384 games (1492/h, eta 14m)
  [s3-no_q_r-IL-nc2-dp2] 40/384 games (1524/h, eta 14m)
  [s3-no_q_r-IL-nc2-dp2] 41/384 games (1538/h, eta 13m)
  [s3-no_q_r-IL-nc2-dp2] 42/384 games (1574/h, eta 13m)
  [s3-no_q_r-IL-nc2-dp2] 43/384 games (1594/h, eta 13m)
  [s3-no_q_r-IL-nc2-dp2] 44/384 games (1621/h, eta 13m)
  [s3-no_q_r-IL-nc2-dp2] 45/384 games (1614/h, eta 13m)
  [s3-no_q_r-IL-nc2-dp2] 46/384 games (1538/h, eta 13m)
  [s3-no_q_r-IL-nc2-dp2] 47/384 games (1555/h, eta 13m)
  [s3-no_q_r-IL-nc2-dp2] 48/384 games (1574/h, eta 13m)
  [s3-no_q_r-IL-nc2-dp2] 49/384 games (1577/h, eta 13m)
  [s3-no_q_r-IL-nc2-dp2] 50/384 games (1522/h, eta 13m)
  [s3-no_q_r-IL-nc2-dp2] 51/384 games (1492/h, eta 13m)
  [s3-no_q_r-IL-nc2-dp2] 52/384 games (1508/h, eta 13m)
  [s3-no_q_r-IL-nc2-dp2] 53/384 games (1514/h, eta 13m)
  [s3-no_q_r-IL-nc2-dp2] 54/384 games (1525/h, eta 13m)
  [s3-no_q_r-IL-nc2-dp2] 55/384 games (1551/h, eta 13m)
  [s3-no_q_r-IL-nc2-dp2] 56/384 games (1551/h, eta 13m)
  [s3-no_q_r-IL-nc2-dp2] 57/384 games (1554/h, eta 13m)
  [s3-no_q_r-IL-nc2-dp2] 58/384 games (1578/h, eta 12m)
  [s3-no_q_r-IL-nc2-dp2] 59/384 games (1542/h, eta 13m)
  [s3-no_q_r-IL-nc2-dp2] 60/384 games (1528/h, eta 13m)
  [s3-no_q_r-IL-nc2-dp2] 61/384 games (1548/h, eta 13m)
  [s3-no_q_r-IL-nc2-dp2] 62/384 games (1523/h, eta 13m)
  [s3-no_q_r-IL-nc2-dp2] 63/384 games (1508/h, eta 13m)
  [s3-no_q_r-IL-nc2-dp2] 64/384 games (1523/h, eta 13m)
  [s3-no_q_r-IL-nc2-dp2] 65/384 games (1537/h, eta 12m)
  [s3-no_q_r-IL-nc2-dp2] 66/384 games (1524/h, eta 13m)
  [s3-no_q_r-IL-nc2-dp2] 67/384 games (1506/h, eta 13m)
  [s3-no_q_r-IL-nc2-dp2] 68/384 games (1520/h, eta 12m)
  [s3-no_q_r-IL-nc2-dp2] 69/384 games (1533/h, eta 12m)
  [s3-no_q_r-IL-nc2-dp2] 70/384 games (1552/h, eta 12m)
  [s3-no_q_r-IL-nc2-dp2] 71/384 games (1553/h, eta 12m)
  [s3-no_q_r-IL-nc2-dp2] 72/384 games (1565/h, eta 12m)
  [s3-no_q_r-IL-nc2-dp2] 73/384 games (1582/h, eta 12m)
  [s3-no_q_r-IL-nc2-dp2] 74/384 games (1602/h, eta 12m)
  [s3-no_q_r-IL-nc2-dp2] 75/384 games (1572/h, eta 12m)
  [s3-no_q_r-IL-nc2-dp2] 76/384 games (1580/h, eta 12m)
  [s3-no_q_r-IL-nc2-dp2] 77/384 games (1591/h, eta 12m)
  [s3-no_q_r-IL-nc2-dp2] 78/384 games (1579/h, eta 12m)
  [s3-no_q_r-IL-nc2-dp2] 79/384 games (1588/h, eta 12m)
  [s3-no_q_r-IL-nc2-dp2] 80/384 games (1587/h, eta 11m)
  [s3-no_q_r-IL-nc2-dp2] 81/384 games (1573/h, eta 12m)
  [s3-no_q_r-IL-nc2-dp2] 82/384 games (1584/h, eta 11m)
  [s3-no_q_r-IL-nc2-dp2] 83/384 games (1594/h, eta 11m)
  [s3-no_q_r-IL-nc2-dp2] 84/384 games (1599/h, eta 11m)
  [s3-no_q_r-IL-nc2-dp2] 85/384 games (1604/h, eta 11m)
  [s3-no_q_r-IL-nc2-dp2] 86/384 games (1612/h, eta 11m)
  [s3-no_q_r-IL-nc2-dp2] 87/384 games (1595/h, eta 11m)
  [s3-no_q_r-IL-nc2-dp2] 88/384 games (1597/h, eta 11m)
  [s3-no_q_r-IL-nc2-dp2] 89/384 games (1601/h, eta 11m)
  [s3-no_q_r-IL-nc2-dp2] 90/384 games (1582/h, eta 11m)
  [s3-no_q_r-IL-nc2-dp2] 91/384 games (1597/h, eta 11m)
  [s3-no_q_r-IL-nc2-dp2] 92/384 games (1595/h, eta 11m)
  [s3-no_q_r-IL-nc2-dp2] 93/384 games (1584/h, eta 11m)
  [s3-no_q_r-IL-nc2-dp2] 94/384 games (1598/h, eta 11m)
  [s3-no_q_r-IL-nc2-dp2] 95/384 games (1605/h, eta 11m)
  [s3-no_q_r-IL-nc2-dp2] 96/384 games (1609/h, eta 11m)
  [s3-no_q_r-IL-nc2-dp2] 97/384 games (1616/h, eta 11m)
  [s3-no_q_r-IL-nc2-dp2] 98/384 games (1606/h, eta 11m)
  [s3-no_q_r-IL-nc2-dp2] 99/384 games (1612/h, eta 11m)
  [s3-no_q_r-IL-nc2-dp2] 100/384 games (1613/h, eta 11m)
  [s3-no_q_r-IL-nc2-dp2] 101/384 games (1622/h, eta 10m)
  [s3-no_q_r-IL-nc2-dp2] 102/384 games (1621/h, eta 10m)
  [s3-no_q_r-IL-nc2-dp2] 103/384 games (1624/h, eta 10m)
  [s3-no_q_r-IL-nc2-dp2] 104/384 games (1634/h, eta 10m)
  [s3-no_q_r-IL-nc2-dp2] 105/384 games (1635/h, eta 10m)
  [s3-no_q_r-IL-nc2-dp2] 106/384 games (1650/h, eta 10m)
  [s3-no_q_r-IL-nc2-dp2] 107/384 games (1641/h, eta 10m)
  [s3-no_q_r-IL-nc2-dp2] 108/384 games (1630/h, eta 10m)
  [s3-no_q_r-IL-nc2-dp2] 109/384 games (1628/h, eta 10m)
  [s3-no_q_r-IL-nc2-dp2] 110/384 games (1627/h, eta 10m)
  [s3-no_q_r-IL-nc2-dp2] 111/384 games (1630/h, eta 10m)
  [s3-no_q_r-IL-nc2-dp2] 112/384 games (1644/h, eta 10m)
  [s3-no_q_r-IL-nc2-dp2] 113/384 games (1642/h, eta 10m)
  [s3-no_q_r-IL-nc2-dp2] 114/384 games (1643/h, eta 10m)
  [s3-no_q_r-IL-nc2-dp2] 115/384 games (1649/h, eta 10m)
  [s3-no_q_r-IL-nc2-dp2] 116/384 games (1638/h, eta 10m)
  [s3-no_q_r-IL-nc2-dp2] 117/384 games (1628/h, eta 10m)
  [s3-no_q_r-IL-nc2-dp2] 118/384 games (1617/h, eta 10m)
  [s3-no_q_r-IL-nc2-dp2] 119/384 games (1626/h, eta 10m)
  [s3-no_q_r-IL-nc2-dp2] 120/384 games (1638/h, eta 10m)
  [s3-no_q_r-IL-nc2-dp2] 121/384 games (1650/h, eta 10m)
  [s3-no_q_r-IL-nc2-dp2] 122/384 games (1644/h, eta 10m)
  [s3-no_q_r-IL-nc2-dp2] 123/384 games (1656/h, eta 9m)
  [s3-no_q_r-IL-nc2-dp2] 124/384 games (1653/h, eta 9m)
  [s3-no_q_r-IL-nc2-dp2] 125/384 games (1659/h, eta 9m)
  [s3-no_q_r-IL-nc2-dp2] 126/384 games (1645/h, eta 9m)
  [s3-no_q_r-IL-nc2-dp2] 127/384 games (1637/h, eta 9m)
  [s3-no_q_r-IL-nc2-dp2] 128/384 games (1648/h, eta 9m)
  [s3-no_q_r-IL-nc2-dp2] 129/384 games (1634/h, eta 9m)
  [s3-no_q_r-IL-nc2-dp2] 130/384 games (1639/h, eta 9m)
  [s3-no_q_r-IL-nc2-dp2] 131/384 games (1644/h, eta 9m)
  [s3-no_q_r-IL-nc2-dp2] 132/384 games (1647/h, eta 9m)
  [s3-no_q_r-IL-nc2-dp2] 133/384 games (1657/h, eta 9m)
  [s3-no_q_r-IL-nc2-dp2] 134/384 games (1654/h, eta 9m)
  [s3-no_q_r-IL-nc2-dp2] 135/384 games (1662/h, eta 9m)
  [s3-no_q_r-IL-nc2-dp2] 136/384 games (1666/h, eta 9m)
  [s3-no_q_r-IL-nc2-dp2] 137/384 games (1660/h, eta 9m)
  [s3-no_q_r-IL-nc2-dp2] 138/384 games (1656/h, eta 9m)
  [s3-no_q_r-IL-nc2-dp2] 139/384 games (1667/h, eta 9m)
  [s3-no_q_r-IL-nc2-dp2] 140/384 games (1662/h, eta 9m)
  [s3-no_q_r-IL-nc2-dp2] 141/384 games (1672/h, eta 9m)
  [s3-no_q_r-IL-nc2-dp2] 142/384 games (1662/h, eta 9m)
  [s3-no_q_r-IL-nc2-dp2] 143/384 games (1655/h, eta 9m)
  [s3-no_q_r-IL-nc2-dp2] 144/384 games (1637/h, eta 9m)
  [s3-no_q_r-IL-nc2-dp2] 145/384 games (1645/h, eta 9m)
  [s3-no_q_r-IL-nc2-dp2] 146/384 games (1646/h, eta 9m)
  [s3-no_q_r-IL-nc2-dp2] 147/384 games (1613/h, eta 9m)
  [s3-no_q_r-IL-nc2-dp2] 148/384 games (1612/h, eta 9m)
  [s3-no_q_r-IL-nc2-dp2] 149/384 games (1621/h, eta 9m)
  [s3-no_q_r-IL-nc2-dp2] 150/384 games (1627/h, eta 9m)
  [s3-no_q_r-IL-nc2-dp2] 151/384 games (1631/h, eta 9m)
  [s3-no_q_r-IL-nc2-dp2] 152/384 games (1636/h, eta 9m)
  [s3-no_q_r-IL-nc2-dp2] 153/384 games (1625/h, eta 9m)
  [s3-no_q_r-IL-nc2-dp2] 154/384 games (1632/h, eta 8m)
  [s3-no_q_r-IL-nc2-dp2] 155/384 games (1642/h, eta 8m)
  [s3-no_q_r-IL-nc2-dp2] 156/384 games (1645/h, eta 8m)
  [s3-no_q_r-IL-nc2-dp2] 157/384 games (1655/h, eta 8m)
  [s3-no_q_r-IL-nc2-dp2] 158/384 games (1643/h, eta 8m)
  [s3-no_q_r-IL-nc2-dp2] 159/384 games (1622/h, eta 8m)
  [s3-no_q_r-IL-nc2-dp2] 160/384 games (1622/h, eta 8m)
  [s3-no_q_r-IL-nc2-dp2] 161/384 games (1632/h, eta 8m)
  [s3-no_q_r-IL-nc2-dp2] 162/384 games (1638/h, eta 8m)
  [s3-no_q_r-IL-nc2-dp2] 163/384 games (1644/h, eta 8m)
  [s3-no_q_r-IL-nc2-dp2] 164/384 games (1636/h, eta 8m)
  [s3-no_q_r-IL-nc2-dp2] 165/384 games (1638/h, eta 8m)
  [s3-no_q_r-IL-nc2-dp2] 166/384 games (1646/h, eta 8m)
  [s3-no_q_r-IL-nc2-dp2] 167/384 games (1650/h, eta 8m)
  [s3-no_q_r-IL-nc2-dp2] 168/384 games (1654/h, eta 8m)
  [s3-no_q_r-IL-nc2-dp2] 169/384 games (1663/h, eta 8m)
  [s3-no_q_r-IL-nc2-dp2] 170/384 games (1651/h, eta 8m)
  [s3-no_q_r-IL-nc2-dp2] 171/384 games (1619/h, eta 8m)
  [s3-no_q_r-IL-nc2-dp2] 172/384 games (1627/h, eta 8m)
  [s3-no_q_r-IL-nc2-dp2] 173/384 games (1622/h, eta 8m)
  [s3-no_q_r-IL-nc2-dp2] 174/384 games (1628/h, eta 8m)
  [s3-no_q_r-IL-nc2-dp2] 175/384 games (1637/h, eta 8m)
  [s3-no_q_r-IL-nc2-dp2] 176/384 games (1642/h, eta 8m)
  [s3-no_q_r-IL-nc2-dp2] 177/384 games (1635/h, eta 8m)
  [s3-no_q_r-IL-nc2-dp2] 178/384 games (1643/h, eta 8m)
  [s3-no_q_r-IL-nc2-dp2] 179/384 games (1597/h, eta 8m)
  [s3-no_q_r-IL-nc2-dp2] 180/384 games (1602/h, eta 8m)
  [s3-no_q_r-IL-nc2-dp2] 181/384 games (1601/h, eta 8m)
  [s3-no_q_r-IL-nc2-dp2] 182/384 games (1609/h, eta 8m)
  [s3-no_q_r-IL-nc2-dp2] 183/384 games (1611/h, eta 7m)
  [s3-no_q_r-IL-nc2-dp2] 184/384 games (1613/h, eta 7m)
  [s3-no_q_r-IL-nc2-dp2] 185/384 games (1598/h, eta 7m)
  [s3-no_q_r-IL-nc2-dp2] 186/384 games (1597/h, eta 7m)
  [s3-no_q_r-IL-nc2-dp2] 187/384 games (1603/h, eta 7m)
  [s3-no_q_r-IL-nc2-dp2] 188/384 games (1611/h, eta 7m)
  [s3-no_q_r-IL-nc2-dp2] 189/384 games (1614/h, eta 7m)
  [s3-no_q_r-IL-nc2-dp2] 190/384 games (1610/h, eta 7m)
  [s3-no_q_r-IL-nc2-dp2] 191/384 games (1605/h, eta 7m)
  [s3-no_q_r-IL-nc2-dp2] 192/384 games (1611/h, eta 7m)
  [s3-no_q_r-IL-nc2-dp2] 193/384 games (1615/h, eta 7m)
  [s3-no_q_r-IL-nc2-dp2] 194/384 games (1623/h, eta 7m)
  [s3-no_q_r-IL-nc2-dp2] 195/384 games (1621/h, eta 7m)
  [s3-no_q_r-IL-nc2-dp2] 196/384 games (1622/h, eta 7m)
  [s3-no_q_r-IL-nc2-dp2] 197/384 games (1617/h, eta 7m)
  [s3-no_q_r-IL-nc2-dp2] 198/384 games (1588/h, eta 7m)
  [s3-no_q_r-IL-nc2-dp2] 199/384 games (1593/h, eta 7m)
  [s3-no_q_r-IL-nc2-dp2] 200/384 games (1601/h, eta 7m)
  [s3-no_q_r-IL-nc2-dp2] 201/384 games (1598/h, eta 7m)
  [s3-no_q_r-IL-nc2-dp2] 202/384 games (1602/h, eta 7m)
  [s3-no_q_r-IL-nc2-dp2] 203/384 games (1603/h, eta 7m)
  [s3-no_q_r-IL-nc2-dp2] 204/384 games (1584/h, eta 7m)
  [s3-no_q_r-IL-nc2-dp2] 205/384 games (1588/h, eta 7m)
  [s3-no_q_r-IL-nc2-dp2] 206/384 games (1587/h, eta 7m)
  [s3-no_q_r-IL-nc2-dp2] 207/384 games (1589/h, eta 7m)
  [s3-no_q_r-IL-nc2-dp2] 208/384 games (1594/h, eta 7m)
  [s3-no_q_r-IL-nc2-dp2] 209/384 games (1590/h, eta 7m)
  [s3-no_q_r-IL-nc2-dp2] 210/384 games (1593/h, eta 7m)
  [s3-no_q_r-IL-nc2-dp2] 211/384 games (1590/h, eta 7m)
  [s3-no_q_r-IL-nc2-dp2] 212/384 games (1592/h, eta 6m)
  [s3-no_q_r-IL-nc2-dp2] 213/384 games (1598/h, eta 6m)
  [s3-no_q_r-IL-nc2-dp2] 214/384 games (1598/h, eta 6m)
  [s3-no_q_r-IL-nc2-dp2] 215/384 games (1604/h, eta 6m)
  [s3-no_q_r-IL-nc2-dp2] 216/384 games (1608/h, eta 6m)
  [s3-no_q_r-IL-nc2-dp2] 217/384 games (1599/h, eta 6m)
  [s3-no_q_r-IL-nc2-dp2] 218/384 games (1599/h, eta 6m)
  [s3-no_q_r-IL-nc2-dp2] 219/384 games (1604/h, eta 6m)
  [s3-no_q_r-IL-nc2-dp2] 220/384 games (1596/h, eta 6m)
  [s3-no_q_r-IL-nc2-dp2] 221/384 games (1602/h, eta 6m)
  [s3-no_q_r-IL-nc2-dp2] 222/384 games (1608/h, eta 6m)
  [s3-no_q_r-IL-nc2-dp2] 223/384 games (1607/h, eta 6m)
  [s3-no_q_r-IL-nc2-dp2] 224/384 games (1602/h, eta 6m)
  [s3-no_q_r-IL-nc2-dp2] 225/384 games (1596/h, eta 6m)
  [s3-no_q_r-IL-nc2-dp2] 226/384 games (1593/h, eta 6m)
  [s3-no_q_r-IL-nc2-dp2] 227/384 games (1593/h, eta 6m)
  [s3-no_q_r-IL-nc2-dp2] 228/384 games (1599/h, eta 6m)
  [s3-no_q_r-IL-nc2-dp2] 229/384 games (1599/h, eta 6m)
  [s3-no_q_r-IL-nc2-dp2] 230/384 games (1603/h, eta 6m)
  [s3-no_q_r-IL-nc2-dp2] 231/384 games (1610/h, eta 6m)
  [s3-no_q_r-IL-nc2-dp2] 232/384 games (1612/h, eta 6m)
  [s3-no_q_r-IL-nc2-dp2] 233/384 games (1618/h, eta 6m)
  [s3-no_q_r-IL-nc2-dp2] 234/384 games (1615/h, eta 6m)
  [s3-no_q_r-IL-nc2-dp2] 235/384 games (1618/h, eta 6m)
  [s3-no_q_r-IL-nc2-dp2] 236/384 games (1621/h, eta 5m)
  [s3-no_q_r-IL-nc2-dp2] 237/384 games (1624/h, eta 5m)
  [s3-no_q_r-IL-nc2-dp2] 238/384 games (1610/h, eta 5m)
  [s3-no_q_r-IL-nc2-dp2] 239/384 games (1611/h, eta 5m)
  [s3-no_q_r-IL-nc2-dp2] 240/384 games (1612/h, eta 5m)
  [s3-no_q_r-IL-nc2-dp2] 241/384 games (1604/h, eta 5m)
  [s3-no_q_r-IL-nc2-dp2] 242/384 games (1606/h, eta 5m)
  [s3-no_q_r-IL-nc2-dp2] 243/384 games (1601/h, eta 5m)
  [s3-no_q_r-IL-nc2-dp2] 244/384 games (1604/h, eta 5m)
  [s3-no_q_r-IL-nc2-dp2] 245/384 games (1610/h, eta 5m)
  [s3-no_q_r-IL-nc2-dp2] 246/384 games (1612/h, eta 5m)
  [s3-no_q_r-IL-nc2-dp2] 247/384 games (1611/h, eta 5m)
  [s3-no_q_r-IL-nc2-dp2] 248/384 games (1610/h, eta 5m)
  [s3-no_q_r-IL-nc2-dp2] 249/384 games (1606/h, eta 5m)
  [s3-no_q_r-IL-nc2-dp2] 250/384 games (1600/h, eta 5m)
  [s3-no_q_r-IL-nc2-dp2] 251/384 games (1594/h, eta 5m)
  [s3-no_q_r-IL-nc2-dp2] 252/384 games (1600/h, eta 5m)
  [s3-no_q_r-IL-nc2-dp2] 253/384 games (1606/h, eta 5m)
  [s3-no_q_r-IL-nc2-dp2] 254/384 games (1611/h, eta 5m)
  [s3-no_q_r-IL-nc2-dp2] 255/384 games (1597/h, eta 5m)
  [s3-no_q_r-IL-nc2-dp2] 256/384 games (1599/h, eta 5m)
  [s3-no_q_r-IL-nc2-dp2] 257/384 games (1590/h, eta 5m)
  [s3-no_q_r-IL-nc2-dp2] 258/384 games (1595/h, eta 5m)
  [s3-no_q_r-IL-nc2-dp2] 259/384 games (1599/h, eta 5m)
  [s3-no_q_r-IL-nc2-dp2] 260/384 games (1598/h, eta 5m)
  [s3-no_q_r-IL-nc2-dp2] 261/384 games (1593/h, eta 5m)
  [s3-no_q_r-IL-nc2-dp2] 262/384 games (1591/h, eta 5m)
  [s3-no_q_r-IL-nc2-dp2] 263/384 games (1594/h, eta 5m)
  [s3-no_q_r-IL-nc2-dp2] 264/384 games (1597/h, eta 5m)
  [s3-no_q_r-IL-nc2-dp2] 265/384 games (1603/h, eta 4m)
  [s3-no_q_r-IL-nc2-dp2] 266/384 games (1594/h, eta 4m)
  [s3-no_q_r-IL-nc2-dp2] 267/384 games (1599/h, eta 4m)
  [s3-no_q_r-IL-nc2-dp2] 268/384 games (1603/h, eta 4m)
  [s3-no_q_r-IL-nc2-dp2] 269/384 games (1605/h, eta 4m)
  [s3-no_q_r-IL-nc2-dp2] 270/384 games (1611/h, eta 4m)
  [s3-no_q_r-IL-nc2-dp2] 271/384 games (1601/h, eta 4m)
  [s3-no_q_r-IL-nc2-dp2] 272/384 games (1601/h, eta 4m)
  [s3-no_q_r-IL-nc2-dp2] 273/384 games (1603/h, eta 4m)
  [s3-no_q_r-IL-nc2-dp2] 274/384 games (1604/h, eta 4m)
  [s3-no_q_r-IL-nc2-dp2] 275/384 games (1597/h, eta 4m)
  [s3-no_q_r-IL-nc2-dp2] 276/384 games (1578/h, eta 4m)
  [s3-no_q_r-IL-nc2-dp2] 277/384 games (1578/h, eta 4m)
  [s3-no_q_r-IL-nc2-dp2] 278/384 games (1578/h, eta 4m)
  [s3-no_q_r-IL-nc2-dp2] 279/384 games (1583/h, eta 4m)
  [s3-no_q_r-IL-nc2-dp2] 280/384 games (1584/h, eta 4m)
  [s3-no_q_r-IL-nc2-dp2] 281/384 games (1589/h, eta 4m)
  [s3-no_q_r-IL-nc2-dp2] 282/384 games (1590/h, eta 4m)
  [s3-no_q_r-IL-nc2-dp2] 283/384 games (1590/h, eta 4m)
  [s3-no_q_r-IL-nc2-dp2] 284/384 games (1588/h, eta 4m)
  [s3-no_q_r-IL-nc2-dp2] 285/384 games (1591/h, eta 4m)
  [s3-no_q_r-IL-nc2-dp2] 286/384 games (1589/h, eta 4m)
  [s3-no_q_r-IL-nc2-dp2] 287/384 games (1594/h, eta 4m)
  [s3-no_q_r-IL-nc2-dp2] 288/384 games (1598/h, eta 4m)
  [s3-no_q_r-IL-nc2-dp2] 289/384 games (1601/h, eta 4m)
  [s3-no_q_r-IL-nc2-dp2] 290/384 games (1601/h, eta 4m)
  [s3-no_q_r-IL-nc2-dp2] 291/384 games (1605/h, eta 3m)
  [s3-no_q_r-IL-nc2-dp2] 292/384 games (1609/h, eta 3m)
  [s3-no_q_r-IL-nc2-dp2] 293/384 games (1610/h, eta 3m)
  [s3-no_q_r-IL-nc2-dp2] 294/384 games (1615/h, eta 3m)
  [s3-no_q_r-IL-nc2-dp2] 295/384 games (1620/h, eta 3m)
  [s3-no_q_r-IL-nc2-dp2] 296/384 games (1590/h, eta 3m)
  [s3-no_q_r-IL-nc2-dp2] 297/384 games (1585/h, eta 3m)
  [s3-no_q_r-IL-nc2-dp2] 298/384 games (1589/h, eta 3m)
  [s3-no_q_r-IL-nc2-dp2] 299/384 games (1592/h, eta 3m)
  [s3-no_q_r-IL-nc2-dp2] 300/384 games (1596/h, eta 3m)
  [s3-no_q_r-IL-nc2-dp2] 301/384 games (1594/h, eta 3m)
  [s3-no_q_r-IL-nc2-dp2] 302/384 games (1598/h, eta 3m)
  [s3-no_q_r-IL-nc2-dp2] 303/384 games (1595/h, eta 3m)
  [s3-no_q_r-IL-nc2-dp2] 304/384 games (1595/h, eta 3m)
  [s3-no_q_r-IL-nc2-dp2] 305/384 games (1599/h, eta 3m)
  [s3-no_q_r-IL-nc2-dp2] 306/384 games (1597/h, eta 3m)
  [s3-no_q_r-IL-nc2-dp2] 307/384 games (1591/h, eta 3m)
  [s3-no_q_r-IL-nc2-dp2] 308/384 games (1595/h, eta 3m)
  [s3-no_q_r-IL-nc2-dp2] 309/384 games (1590/h, eta 3m)
  [s3-no_q_r-IL-nc2-dp2] 310/384 games (1594/h, eta 3m)
  [s3-no_q_r-IL-nc2-dp2] 311/384 games (1593/h, eta 3m)
  [s3-no_q_r-IL-nc2-dp2] 312/384 games (1596/h, eta 3m)
  [s3-no_q_r-IL-nc2-dp2] 313/384 games (1601/h, eta 3m)
  [s3-no_q_r-IL-nc2-dp2] 314/384 games (1603/h, eta 3m)
  [s3-no_q_r-IL-nc2-dp2] 315/384 games (1607/h, eta 3m)
  [s3-no_q_r-IL-nc2-dp2] 316/384 games (1611/h, eta 3m)
  [s3-no_q_r-IL-nc2-dp2] 317/384 games (1612/h, eta 2m)
  [s3-no_q_r-IL-nc2-dp2] 318/384 games (1605/h, eta 2m)
  [s3-no_q_r-IL-nc2-dp2] 319/384 games (1603/h, eta 2m)
  [s3-no_q_r-IL-nc2-dp2] 320/384 games (1605/h, eta 2m)
  [s3-no_q_r-IL-nc2-dp2] 321/384 games (1608/h, eta 2m)
  [s3-no_q_r-IL-nc2-dp2] 322/384 games (1597/h, eta 2m)
  [s3-no_q_r-IL-nc2-dp2] 323/384 games (1600/h, eta 2m)
  [s3-no_q_r-IL-nc2-dp2] 324/384 games (1602/h, eta 2m)
  [s3-no_q_r-IL-nc2-dp2] 325/384 games (1590/h, eta 2m)
  [s3-no_q_r-IL-nc2-dp2] 326/384 games (1592/h, eta 2m)
  [s3-no_q_r-IL-nc2-dp2] 327/384 games (1594/h, eta 2m)
  [s3-no_q_r-IL-nc2-dp2] 328/384 games (1592/h, eta 2m)
  [s3-no_q_r-IL-nc2-dp2] 329/384 games (1590/h, eta 2m)
  [s3-no_q_r-IL-nc2-dp2] 330/384 games (1593/h, eta 2m)
  [s3-no_q_r-IL-nc2-dp2] 331/384 games (1596/h, eta 2m)
  [s3-no_q_r-IL-nc2-dp2] 332/384 games (1601/h, eta 2m)
  [s3-no_q_r-IL-nc2-dp2] 333/384 games (1598/h, eta 2m)
  [s3-no_q_r-IL-nc2-dp2] 334/384 games (1601/h, eta 2m)
  [s3-no_q_r-IL-nc2-dp2] 335/384 games (1604/h, eta 2m)
  [s3-no_q_r-IL-nc2-dp2] 336/384 games (1602/h, eta 2m)
  [s3-no_q_r-IL-nc2-dp2] 337/384 games (1597/h, eta 2m)
  [s3-no_q_r-IL-nc2-dp2] 338/384 games (1593/h, eta 2m)
  [s3-no_q_r-IL-nc2-dp2] 339/384 games (1593/h, eta 2m)
  [s3-no_q_r-IL-nc2-dp2] 340/384 games (1591/h, eta 2m)
  [s3-no_q_r-IL-nc2-dp2] 341/384 games (1586/h, eta 2m)
  [s3-no_q_r-IL-nc2-dp2] 342/384 games (1585/h, eta 2m)
  [s3-no_q_r-IL-nc2-dp2] 343/384 games (1588/h, eta 2m)
  [s3-no_q_r-IL-nc2-dp2] 344/384 games (1589/h, eta 2m)
  [s3-no_q_r-IL-nc2-dp2] 345/384 games (1592/h, eta 1m)
  [s3-no_q_r-IL-nc2-dp2] 346/384 games (1595/h, eta 1m)
  [s3-no_q_r-IL-nc2-dp2] 347/384 games (1599/h, eta 1m)
  [s3-no_q_r-IL-nc2-dp2] 348/384 games (1598/h, eta 1m)
  [s3-no_q_r-IL-nc2-dp2] 349/384 games (1602/h, eta 1m)
  [s3-no_q_r-IL-nc2-dp2] 350/384 games (1599/h, eta 1m)
  [s3-no_q_r-IL-nc2-dp2] 351/384 games (1602/h, eta 1m)
  [s3-no_q_r-IL-nc2-dp2] 352/384 games (1602/h, eta 1m)
  [s3-no_q_r-IL-nc2-dp2] 353/384 games (1605/h, eta 1m)
  [s3-no_q_r-IL-nc2-dp2] 354/384 games (1604/h, eta 1m)
  [s3-no_q_r-IL-nc2-dp2] 355/384 games (1606/h, eta 1m)
  [s3-no_q_r-IL-nc2-dp2] 356/384 games (1607/h, eta 1m)
  [s3-no_q_r-IL-nc2-dp2] 357/384 games (1608/h, eta 1m)
  [s3-no_q_r-IL-nc2-dp2] 358/384 games (1611/h, eta 1m)
  [s3-no_q_r-IL-nc2-dp2] 359/384 games (1602/h, eta 1m)
  [s3-no_q_r-IL-nc2-dp2] 360/384 games (1604/h, eta 1m)
  [s3-no_q_r-IL-nc2-dp2] 361/384 games (1602/h, eta 1m)
  [s3-no_q_r-IL-nc2-dp2] 362/384 games (1604/h, eta 1m)
  [s3-no_q_r-IL-nc2-dp2] 363/384 games (1607/h, eta 1m)
  [s3-no_q_r-IL-nc2-dp2] 364/384 games (1605/h, eta 1m)
  [s3-no_q_r-IL-nc2-dp2] 365/384 games (1607/h, eta 1m)
  [s3-no_q_r-IL-nc2-dp2] 366/384 games (1607/h, eta 1m)
  [s3-no_q_r-IL-nc2-dp2] 367/384 games (1611/h, eta 1m)
  [s3-no_q_r-IL-nc2-dp2] 368/384 games (1610/h, eta 1m)
  [s3-no_q_r-IL-nc2-dp2] 369/384 games (1610/h, eta 1m)
  [s3-no_q_r-IL-nc2-dp2] 370/384 games (1615/h, eta 1m)
  [s3-no_q_r-IL-nc2-dp2] 371/384 games (1617/h, eta 0m)
  [s3-no_q_r-IL-nc2-dp2] 372/384 games (1621/h, eta 0m)
  [s3-no_q_r-IL-nc2-dp2] 373/384 games (1619/h, eta 0m)
  [s3-no_q_r-IL-nc2-dp2] 374/384 games (1623/h, eta 0m)
  [s3-no_q_r-IL-nc2-dp2] 375/384 games (1625/h, eta 0m)
  [s3-no_q_r-IL-nc2-dp2] 376/384 games (1628/h, eta 0m)
  [s3-no_q_r-IL-nc2-dp2] 377/384 games (1616/h, eta 0m)
  [s3-no_q_r-IL-nc2-dp2] 378/384 games (1616/h, eta 0m)
  [s3-no_q_r-IL-nc2-dp2] 379/384 games (1619/h, eta 0m)
  [s3-no_q_r-IL-nc2-dp2] 380/384 games (1624/h, eta 0m)
  [s3-no_q_r-IL-nc2-dp2] 381/384 games (1626/h, eta 0m)
  [s3-no_q_r-IL-nc2-dp2] 382/384 games (1629/h, eta 0m)
  [s3-no_q_r-IL-nc2-dp2] 383/384 games (1624/h, eta 0m)
  [s3-no_q_r-IL-nc2-dp2] 384/384 games (1618/h, eta 0m)
== s3-no_q_rr-IL-nc2 -> experiments/results/perturbation/s3-no_q_rr-IL-nc2.jsonl
  [s3-no_q_rr-IL-nc2] 1/384 games (523/h, eta 44m)
  [s3-no_q_rr-IL-nc2] 2/384 games (604/h, eta 38m)
  [s3-no_q_rr-IL-nc2] 3/384 games (569/h, eta 40m)
  [s3-no_q_rr-IL-nc2] 4/384 games (588/h, eta 39m)
  [s3-no_q_rr-IL-nc2] 5/384 games (727/h, eta 31m)
  [s3-no_q_rr-IL-nc2] 6/384 games (868/h, eta 26m)
  [s3-no_q_rr-IL-nc2] 7/384 games (995/h, eta 23m)
  [s3-no_q_rr-IL-nc2] 8/384 games (1107/h, eta 20m)
  [s3-no_q_rr-IL-nc2] 9/384 games (1209/h, eta 19m)
  [s3-no_q_rr-IL-nc2] 10/384 games (1194/h, eta 19m)
  [s3-no_q_rr-IL-nc2] 11/384 games (1304/h, eta 17m)
  [s3-no_q_rr-IL-nc2] 12/384 games (1368/h, eta 16m)
  [s3-no_q_rr-IL-nc2] 13/384 games (1382/h, eta 16m)
  [s3-no_q_rr-IL-nc2] 14/384 games (1462/h, eta 15m)
  [s3-no_q_rr-IL-nc2] 15/384 games (1529/h, eta 14m)
  [s3-no_q_rr-IL-nc2] 16/384 games (1425/h, eta 15m)
  [s3-no_q_rr-IL-nc2] 17/384 games (1458/h, eta 15m)
  [s3-no_q_rr-IL-nc2] 18/384 games (1502/h, eta 15m)
  [s3-no_q_rr-IL-nc2] 19/384 games (1583/h, eta 14m)
  [s3-no_q_rr-IL-nc2] 20/384 games (1645/h, eta 13m)
  [s3-no_q_rr-IL-nc2] 21/384 games (1674/h, eta 13m)
  [s3-no_q_rr-IL-nc2] 22/384 games (1720/h, eta 13m)
  [s3-no_q_rr-IL-nc2] 23/384 games (1791/h, eta 12m)
  [s3-no_q_rr-IL-nc2] 24/384 games (1799/h, eta 12m)
  [s3-no_q_rr-IL-nc2] 25/384 games (1864/h, eta 12m)
  [s3-no_q_rr-IL-nc2] 26/384 games (1763/h, eta 12m)
  [s3-no_q_rr-IL-nc2] 27/384 games (1803/h, eta 12m)
  [s3-no_q_rr-IL-nc2] 28/384 games (1804/h, eta 12m)
  [s3-no_q_rr-IL-nc2] 29/384 games (1780/h, eta 12m)
  [s3-no_q_rr-IL-nc2] 30/384 games (1814/h, eta 12m)
  [s3-no_q_rr-IL-nc2] 31/384 games (1859/h, eta 11m)
  [s3-no_q_rr-IL-nc2] 32/384 games (1854/h, eta 11m)
  [s3-no_q_rr-IL-nc2] 33/384 games (1822/h, eta 12m)
  [s3-no_q_rr-IL-nc2] 34/384 games (1820/h, eta 12m)
  [s3-no_q_rr-IL-nc2] 35/384 games (1864/h, eta 11m)
  [s3-no_q_rr-IL-nc2] 36/384 games (1861/h, eta 11m)
  [s3-no_q_rr-IL-nc2] 37/384 games (1824/h, eta 11m)
  [s3-no_q_rr-IL-nc2] 38/384 games (1827/h, eta 11m)
  [s3-no_q_rr-IL-nc2] 39/384 games (1826/h, eta 11m)
  [s3-no_q_rr-IL-nc2] 40/384 games (1844/h, eta 11m)
  [s3-no_q_rr-IL-nc2] 41/384 games (1855/h, eta 11m)
  [s3-no_q_rr-IL-nc2] 42/384 games (1893/h, eta 11m)
  [s3-no_q_rr-IL-nc2] 43/384 games (1905/h, eta 11m)
  [s3-no_q_rr-IL-nc2] 44/384 games (1905/h, eta 11m)
  [s3-no_q_rr-IL-nc2] 45/384 games (1921/h, eta 11m)
  [s3-no_q_rr-IL-nc2] 46/384 games (1855/h, eta 11m)
  [s3-no_q_rr-IL-nc2] 47/384 games (1845/h, eta 11m)
  [s3-no_q_rr-IL-nc2] 48/384 games (1798/h, eta 11m)
  [s3-no_q_rr-IL-nc2] 49/384 games (1831/h, eta 11m)
  [s3-no_q_rr-IL-nc2] 50/384 games (1861/h, eta 11m)
  [s3-no_q_rr-IL-nc2] 51/384 games (1832/h, eta 11m)
  [s3-no_q_rr-IL-nc2] 52/384 games (1856/h, eta 11m)
  [s3-no_q_rr-IL-nc2] 53/384 games (1831/h, eta 11m)
  [s3-no_q_rr-IL-nc2] 54/384 games (1836/h, eta 11m)
  [s3-no_q_rr-IL-nc2] 55/384 games (1857/h, eta 11m)
  [s3-no_q_rr-IL-nc2] 56/384 games (1883/h, eta 10m)
  [s3-no_q_rr-IL-nc2] 57/384 games (1901/h, eta 10m)
  [s3-no_q_rr-IL-nc2] 58/384 games (1911/h, eta 10m)
  [s3-no_q_rr-IL-nc2] 59/384 games (1886/h, eta 10m)
  [s3-no_q_rr-IL-nc2] 60/384 games (1915/h, eta 10m)
  [s3-no_q_rr-IL-nc2] 61/384 games (1857/h, eta 10m)
  [s3-no_q_rr-IL-nc2] 62/384 games (1876/h, eta 10m)
  [s3-no_q_rr-IL-nc2] 63/384 games (1885/h, eta 10m)
  [s3-no_q_rr-IL-nc2] 64/384 games (1902/h, eta 10m)
  [s3-no_q_rr-IL-nc2] 65/384 games (1929/h, eta 10m)
  [s3-no_q_rr-IL-nc2] 66/384 games (1931/h, eta 10m)
  [s3-no_q_rr-IL-nc2] 67/384 games (1904/h, eta 10m)
  [s3-no_q_rr-IL-nc2] 68/384 games (1925/h, eta 10m)
  [s3-no_q_rr-IL-nc2] 69/384 games (1897/h, eta 10m)
  [s3-no_q_rr-IL-nc2] 70/384 games (1922/h, eta 10m)
  [s3-no_q_rr-IL-nc2] 71/384 games (1910/h, eta 10m)
  [s3-no_q_rr-IL-nc2] 72/384 games (1916/h, eta 10m)
  [s3-no_q_rr-IL-nc2] 73/384 games (1926/h, eta 10m)
  [s3-no_q_rr-IL-nc2] 74/384 games (1930/h, eta 10m)
  [s3-no_q_rr-IL-nc2] 75/384 games (1914/h, eta 10m)
  [s3-no_q_rr-IL-nc2] 76/384 games (1921/h, eta 10m)
  [s3-no_q_rr-IL-nc2] 77/384 games (1925/h, eta 10m)
  [s3-no_q_rr-IL-nc2] 78/384 games (1949/h, eta 9m)
  [s3-no_q_rr-IL-nc2] 79/384 games (1968/h, eta 9m)
  [s3-no_q_rr-IL-nc2] 80/384 games (1970/h, eta 9m)
  [s3-no_q_rr-IL-nc2] 81/384 games (1979/h, eta 9m)
  [s3-no_q_rr-IL-nc2] 82/384 games (1976/h, eta 9m)
  [s3-no_q_rr-IL-nc2] 83/384 games (1971/h, eta 9m)
  [s3-no_q_rr-IL-nc2] 84/384 games (1942/h, eta 9m)
  [s3-no_q_rr-IL-nc2] 85/384 games (1912/h, eta 9m)
  [s3-no_q_rr-IL-nc2] 86/384 games (1913/h, eta 9m)
  [s3-no_q_rr-IL-nc2] 87/384 games (1920/h, eta 9m)
  [s3-no_q_rr-IL-nc2] 88/384 games (1915/h, eta 9m)
  [s3-no_q_rr-IL-nc2] 89/384 games (1921/h, eta 9m)
  [s3-no_q_rr-IL-nc2] 90/384 games (1896/h, eta 9m)
  [s3-no_q_rr-IL-nc2] 91/384 games (1904/h, eta 9m)
  [s3-no_q_rr-IL-nc2] 92/384 games (1908/h, eta 9m)
  [s3-no_q_rr-IL-nc2] 93/384 games (1913/h, eta 9m)
  [s3-no_q_rr-IL-nc2] 94/384 games (1906/h, eta 9m)
  [s3-no_q_rr-IL-nc2] 95/384 games (1892/h, eta 9m)
  [s3-no_q_rr-IL-nc2] 96/384 games (1899/h, eta 9m)
  [s3-no_q_rr-IL-nc2] 97/384 games (1900/h, eta 9m)
  [s3-no_q_rr-IL-nc2] 98/384 games (1915/h, eta 9m)
  [s3-no_q_rr-IL-nc2] 99/384 games (1912/h, eta 9m)
  [s3-no_q_rr-IL-nc2] 100/384 games (1927/h, eta 9m)
  [s3-no_q_rr-IL-nc2] 101/384 games (1905/h, eta 9m)
  [s3-no_q_rr-IL-nc2] 102/384 games (1920/h, eta 9m)
  [s3-no_q_rr-IL-nc2] 103/384 games (1929/h, eta 9m)
  [s3-no_q_rr-IL-nc2] 104/384 games (1925/h, eta 9m)
  [s3-no_q_rr-IL-nc2] 105/384 games (1913/h, eta 9m)
  [s3-no_q_rr-IL-nc2] 106/384 games (1923/h, eta 9m)
  [s3-no_q_rr-IL-nc2] 107/384 games (1940/h, eta 9m)
  [s3-no_q_rr-IL-nc2] 108/384 games (1958/h, eta 8m)
  [s3-no_q_rr-IL-nc2] 109/384 games (1941/h, eta 9m)
  [s3-no_q_rr-IL-nc2] 110/384 games (1950/h, eta 8m)
  [s3-no_q_rr-IL-nc2] 111/384 games (1964/h, eta 8m)
  [s3-no_q_rr-IL-nc2] 112/384 games (1917/h, eta 9m)
  [s3-no_q_rr-IL-nc2] 113/384 games (1919/h, eta 8m)
  [s3-no_q_rr-IL-nc2] 114/384 games (1936/h, eta 8m)
  [s3-no_q_rr-IL-nc2] 115/384 games (1931/h, eta 8m)
  [s3-no_q_rr-IL-nc2] 116/384 games (1941/h, eta 8m)
  [s3-no_q_rr-IL-nc2] 117/384 games (1933/h, eta 8m)
  [s3-no_q_rr-IL-nc2] 118/384 games (1917/h, eta 8m)
  [s3-no_q_rr-IL-nc2] 119/384 games (1926/h, eta 8m)
  [s3-no_q_rr-IL-nc2] 120/384 games (1909/h, eta 8m)
  [s3-no_q_rr-IL-nc2] 121/384 games (1917/h, eta 8m)
  [s3-no_q_rr-IL-nc2] 122/384 games (1933/h, eta 8m)
  [s3-no_q_rr-IL-nc2] 123/384 games (1897/h, eta 8m)
  [s3-no_q_rr-IL-nc2] 124/384 games (1904/h, eta 8m)
  [s3-no_q_rr-IL-nc2] 125/384 games (1914/h, eta 8m)
  [s3-no_q_rr-IL-nc2] 126/384 games (1917/h, eta 8m)
  [s3-no_q_rr-IL-nc2] 127/384 games (1920/h, eta 8m)
  [s3-no_q_rr-IL-nc2] 128/384 games (1932/h, eta 8m)
  [s3-no_q_rr-IL-nc2] 129/384 games (1909/h, eta 8m)
  [s3-no_q_rr-IL-nc2] 130/384 games (1885/h, eta 8m)
  [s3-no_q_rr-IL-nc2] 131/384 games (1897/h, eta 8m)
  [s3-no_q_rr-IL-nc2] 132/384 games (1899/h, eta 8m)
  [s3-no_q_rr-IL-nc2] 133/384 games (1907/h, eta 8m)
  [s3-no_q_rr-IL-nc2] 134/384 games (1905/h, eta 8m)
  [s3-no_q_rr-IL-nc2] 135/384 games (1904/h, eta 8m)
  [s3-no_q_rr-IL-nc2] 136/384 games (1917/h, eta 8m)
  [s3-no_q_rr-IL-nc2] 137/384 games (1924/h, eta 8m)
  [s3-no_q_rr-IL-nc2] 138/384 games (1912/h, eta 8m)
  [s3-no_q_rr-IL-nc2] 139/384 games (1919/h, eta 8m)
  [s3-no_q_rr-IL-nc2] 140/384 games (1929/h, eta 8m)
  [s3-no_q_rr-IL-nc2] 141/384 games (1927/h, eta 8m)
  [s3-no_q_rr-IL-nc2] 142/384 games (1938/h, eta 7m)
  [s3-no_q_rr-IL-nc2] 143/384 games (1944/h, eta 7m)
  [s3-no_q_rr-IL-nc2] 144/384 games (1932/h, eta 7m)
  [s3-no_q_rr-IL-nc2] 145/384 games (1945/h, eta 7m)
  [s3-no_q_rr-IL-nc2] 146/384 games (1910/h, eta 7m)
  [s3-no_q_rr-IL-nc2] 147/384 games (1916/h, eta 7m)
  [s3-no_q_rr-IL-nc2] 148/384 games (1928/h, eta 7m)
  [s3-no_q_rr-IL-nc2] 149/384 games (1929/h, eta 7m)
  [s3-no_q_rr-IL-nc2] 150/384 games (1936/h, eta 7m)
  [s3-no_q_rr-IL-nc2] 151/384 games (1940/h, eta 7m)
  [s3-no_q_rr-IL-nc2] 152/384 games (1932/h, eta 7m)
  [s3-no_q_rr-IL-nc2] 153/384 games (1939/h, eta 7m)
  [s3-no_q_rr-IL-nc2] 154/384 games (1922/h, eta 7m)
  [s3-no_q_rr-IL-nc2] 155/384 games (1930/h, eta 7m)
  [s3-no_q_rr-IL-nc2] 156/384 games (1905/h, eta 7m)
  [s3-no_q_rr-IL-nc2] 157/384 games (1914/h, eta 7m)
  [s3-no_q_rr-IL-nc2] 158/384 games (1925/h, eta 7m)
  [s3-no_q_rr-IL-nc2] 159/384 games (1931/h, eta 7m)
  [s3-no_q_rr-IL-nc2] 160/384 games (1940/h, eta 7m)
  [s3-no_q_rr-IL-nc2] 161/384 games (1950/h, eta 7m)
  [s3-no_q_rr-IL-nc2] 162/384 games (1950/h, eta 7m)
  [s3-no_q_rr-IL-nc2] 163/384 games (1961/h, eta 7m)
  [s3-no_q_rr-IL-nc2] 164/384 games (1972/h, eta 7m)
  [s3-no_q_rr-IL-nc2] 165/384 games (1980/h, eta 7m)
  [s3-no_q_rr-IL-nc2] 166/384 games (1947/h, eta 7m)
  [s3-no_q_rr-IL-nc2] 167/384 games (1906/h, eta 7m)
  [s3-no_q_rr-IL-nc2] 168/384 games (1914/h, eta 7m)
  [s3-no_q_rr-IL-nc2] 169/384 games (1912/h, eta 7m)
  [s3-no_q_rr-IL-nc2] 170/384 games (1922/h, eta 7m)
  [s3-no_q_rr-IL-nc2] 171/384 games (1932/h, eta 7m)
  [s3-no_q_rr-IL-nc2] 172/384 games (1942/h, eta 7m)
  [s3-no_q_rr-IL-nc2] 173/384 games (1947/h, eta 7m)
  [s3-no_q_rr-IL-nc2] 174/384 games (1956/h, eta 6m)
  [s3-no_q_rr-IL-nc2] 175/384 games (1965/h, eta 6m)
  [s3-no_q_rr-IL-nc2] 176/384 games (1974/h, eta 6m)
  [s3-no_q_rr-IL-nc2] 177/384 games (1983/h, eta 6m)
  [s3-no_q_rr-IL-nc2] 178/384 games (1927/h, eta 6m)
  [s3-no_q_rr-IL-nc2] 179/384 games (1938/h, eta 6m)
  [s3-no_q_rr-IL-nc2] 180/384 games (1910/h, eta 6m)
  [s3-no_q_rr-IL-nc2] 181/384 games (1917/h, eta 6m)
  [s3-no_q_rr-IL-nc2] 182/384 games (1910/h, eta 6m)
  [s3-no_q_rr-IL-nc2] 183/384 games (1920/h, eta 6m)
  [s3-no_q_rr-IL-nc2] 184/384 games (1926/h, eta 6m)
  [s3-no_q_rr-IL-nc2] 185/384 games (1924/h, eta 6m)
  [s3-no_q_rr-IL-nc2] 186/384 games (1928/h, eta 6m)
  [s3-no_q_rr-IL-nc2] 187/384 games (1924/h, eta 6m)
  [s3-no_q_rr-IL-nc2] 188/384 games (1932/h, eta 6m)
  [s3-no_q_rr-IL-nc2] 189/384 games (1938/h, eta 6m)
  [s3-no_q_rr-IL-nc2] 190/384 games (1947/h, eta 6m)
  [s3-no_q_rr-IL-nc2] 191/384 games (1950/h, eta 6m)
  [s3-no_q_rr-IL-nc2] 192/384 games (1952/h, eta 6m)
  [s3-no_q_rr-IL-nc2] 193/384 games (1954/h, eta 6m)
  [s3-no_q_rr-IL-nc2] 194/384 games (1953/h, eta 6m)
  [s3-no_q_rr-IL-nc2] 195/384 games (1962/h, eta 6m)
  [s3-no_q_rr-IL-nc2] 196/384 games (1971/h, eta 6m)
  [s3-no_q_rr-IL-nc2] 197/384 games (1964/h, eta 6m)
  [s3-no_q_rr-IL-nc2] 198/384 games (1967/h, eta 6m)
  [s3-no_q_rr-IL-nc2] 199/384 games (1977/h, eta 6m)
  [s3-no_q_rr-IL-nc2] 200/384 games (1986/h, eta 6m)
  [s3-no_q_rr-IL-nc2] 201/384 games (1982/h, eta 6m)
  [s3-no_q_rr-IL-nc2] 202/384 games (1987/h, eta 5m)
  [s3-no_q_rr-IL-nc2] 203/384 games (1993/h, eta 5m)
  [s3-no_q_rr-IL-nc2] 204/384 games (1991/h, eta 5m)
  [s3-no_q_rr-IL-nc2] 205/384 games (1980/h, eta 5m)
  [s3-no_q_rr-IL-nc2] 206/384 games (1966/h, eta 5m)
  [s3-no_q_rr-IL-nc2] 207/384 games (1972/h, eta 5m)
  [s3-no_q_rr-IL-nc2] 208/384 games (1972/h, eta 5m)
  [s3-no_q_rr-IL-nc2] 209/384 games (1959/h, eta 5m)
  [s3-no_q_rr-IL-nc2] 210/384 games (1964/h, eta 5m)
  [s3-no_q_rr-IL-nc2] 211/384 games (1971/h, eta 5m)
  [s3-no_q_rr-IL-nc2] 212/384 games (1973/h, eta 5m)
  [s3-no_q_rr-IL-nc2] 213/384 games (1981/h, eta 5m)
  [s3-no_q_rr-IL-nc2] 214/384 games (1969/h, eta 5m)
  [s3-no_q_rr-IL-nc2] 215/384 games (1964/h, eta 5m)
  [s3-no_q_rr-IL-nc2] 216/384 games (1970/h, eta 5m)
  [s3-no_q_rr-IL-nc2] 217/384 games (1978/h, eta 5m)
  [s3-no_q_rr-IL-nc2] 218/384 games (1968/h, eta 5m)
  [s3-no_q_rr-IL-nc2] 219/384 games (1974/h, eta 5m)
  [s3-no_q_rr-IL-nc2] 220/384 games (1981/h, eta 5m)
  [s3-no_q_rr-IL-nc2] 221/384 games (1977/h, eta 5m)
  [s3-no_q_rr-IL-nc2] 222/384 games (1974/h, eta 5m)
  [s3-no_q_rr-IL-nc2] 223/384 games (1961/h, eta 5m)
  [s3-no_q_rr-IL-nc2] 224/384 games (1960/h, eta 5m)
  [s3-no_q_rr-IL-nc2] 225/384 games (1957/h, eta 5m)
  [s3-no_q_rr-IL-nc2] 226/384 games (1960/h, eta 5m)
  [s3-no_q_rr-IL-nc2] 227/384 games (1968/h, eta 5m)
  [s3-no_q_rr-IL-nc2] 228/384 games (1977/h, eta 5m)
  [s3-no_q_rr-IL-nc2] 229/384 games (1983/h, eta 5m)
  [s3-no_q_rr-IL-nc2] 230/384 games (1984/h, eta 5m)
  [s3-no_q_rr-IL-nc2] 231/384 games (1990/h, eta 5m)
  [s3-no_q_rr-IL-nc2] 232/384 games (1989/h, eta 5m)
  [s3-no_q_rr-IL-nc2] 233/384 games (1994/h, eta 5m)
  [s3-no_q_rr-IL-nc2] 234/384 games (1987/h, eta 5m)
  [s3-no_q_rr-IL-nc2] 235/384 games (1982/h, eta 5m)
  [s3-no_q_rr-IL-nc2] 236/384 games (1990/h, eta 4m)
  [s3-no_q_rr-IL-nc2] 237/384 games (1992/h, eta 4m)
  [s3-no_q_rr-IL-nc2] 238/384 games (1980/h, eta 4m)
  [s3-no_q_rr-IL-nc2] 239/384 games (1981/h, eta 4m)
  [s3-no_q_rr-IL-nc2] 240/384 games (1982/h, eta 4m)
  [s3-no_q_rr-IL-nc2] 241/384 games (1986/h, eta 4m)
  [s3-no_q_rr-IL-nc2] 242/384 games (1991/h, eta 4m)
  [s3-no_q_rr-IL-nc2] 243/384 games (1995/h, eta 4m)
  [s3-no_q_rr-IL-nc2] 244/384 games (2001/h, eta 4m)
  [s3-no_q_rr-IL-nc2] 245/384 games (2004/h, eta 4m)
  [s3-no_q_rr-IL-nc2] 246/384 games (2009/h, eta 4m)
  [s3-no_q_rr-IL-nc2] 247/384 games (1981/h, eta 4m)
  [s3-no_q_rr-IL-nc2] 248/384 games (1983/h, eta 4m)
  [s3-no_q_rr-IL-nc2] 249/384 games (1989/h, eta 4m)
  [s3-no_q_rr-IL-nc2] 250/384 games (1987/h, eta 4m)
  [s3-no_q_rr-IL-nc2] 251/384 games (1993/h, eta 4m)
  [s3-no_q_rr-IL-nc2] 252/384 games (1996/h, eta 4m)
  [s3-no_q_rr-IL-nc2] 253/384 games (2001/h, eta 4m)
  [s3-no_q_rr-IL-nc2] 254/384 games (2007/h, eta 4m)
  [s3-no_q_rr-IL-nc2] 255/384 games (2004/h, eta 4m)
  [s3-no_q_rr-IL-nc2] 256/384 games (2008/h, eta 4m)
  [s3-no_q_rr-IL-nc2] 257/384 games (2004/h, eta 4m)
  [s3-no_q_rr-IL-nc2] 258/384 games (1983/h, eta 4m)
  [s3-no_q_rr-IL-nc2] 259/384 games (1984/h, eta 4m)
  [s3-no_q_rr-IL-nc2] 260/384 games (1990/h, eta 4m)
  [s3-no_q_rr-IL-nc2] 261/384 games (1998/h, eta 4m)
  [s3-no_q_rr-IL-nc2] 262/384 games (1983/h, eta 4m)
  [s3-no_q_rr-IL-nc2] 263/384 games (1976/h, eta 4m)
  [s3-no_q_rr-IL-nc2] 264/384 games (1980/h, eta 4m)
  [s3-no_q_rr-IL-nc2] 265/384 games (1972/h, eta 4m)
  [s3-no_q_rr-IL-nc2] 266/384 games (1978/h, eta 4m)
  [s3-no_q_rr-IL-nc2] 267/384 games (1980/h, eta 4m)
  [s3-no_q_rr-IL-nc2] 268/384 games (1986/h, eta 4m)
  [s3-no_q_rr-IL-nc2] 269/384 games (1987/h, eta 3m)
  [s3-no_q_rr-IL-nc2] 270/384 games (1987/h, eta 3m)
  [s3-no_q_rr-IL-nc2] 271/384 games (1988/h, eta 3m)
  [s3-no_q_rr-IL-nc2] 272/384 games (1993/h, eta 3m)
  [s3-no_q_rr-IL-nc2] 273/384 games (1997/h, eta 3m)
  [s3-no_q_rr-IL-nc2] 274/384 games (1998/h, eta 3m)
  [s3-no_q_rr-IL-nc2] 275/384 games (2002/h, eta 3m)
  [s3-no_q_rr-IL-nc2] 276/384 games (2006/h, eta 3m)
  [s3-no_q_rr-IL-nc2] 277/384 games (2010/h, eta 3m)
  [s3-no_q_rr-IL-nc2] 278/384 games (1996/h, eta 3m)
  [s3-no_q_rr-IL-nc2] 279/384 games (2002/h, eta 3m)
  [s3-no_q_rr-IL-nc2] 280/384 games (1999/h, eta 3m)
  [s3-no_q_rr-IL-nc2] 281/384 games (1990/h, eta 3m)
  [s3-no_q_rr-IL-nc2] 282/384 games (1996/h, eta 3m)
  [s3-no_q_rr-IL-nc2] 283/384 games (1993/h, eta 3m)
  [s3-no_q_rr-IL-nc2] 284/384 games (1997/h, eta 3m)
  [s3-no_q_rr-IL-nc2] 285/384 games (1994/h, eta 3m)
  [s3-no_q_rr-IL-nc2] 286/384 games (1986/h, eta 3m)
  [s3-no_q_rr-IL-nc2] 287/384 games (1989/h, eta 3m)
  [s3-no_q_rr-IL-nc2] 288/384 games (1994/h, eta 3m)
  [s3-no_q_rr-IL-nc2] 289/384 games (1992/h, eta 3m)
  [s3-no_q_rr-IL-nc2] 290/384 games (1996/h, eta 3m)
  [s3-no_q_rr-IL-nc2] 291/384 games (2002/h, eta 3m)
  [s3-no_q_rr-IL-nc2] 292/384 games (2003/h, eta 3m)
  [s3-no_q_rr-IL-nc2] 293/384 games (2009/h, eta 3m)
  [s3-no_q_rr-IL-nc2] 294/384 games (2012/h, eta 3m)
  [s3-no_q_rr-IL-nc2] 295/384 games (2006/h, eta 3m)
  [s3-no_q_rr-IL-nc2] 296/384 games (2007/h, eta 3m)
  [s3-no_q_rr-IL-nc2] 297/384 games (2010/h, eta 3m)
  [s3-no_q_rr-IL-nc2] 298/384 games (2011/h, eta 3m)
  [s3-no_q_rr-IL-nc2] 299/384 games (2012/h, eta 3m)
  [s3-no_q_rr-IL-nc2] 300/384 games (2012/h, eta 3m)
  [s3-no_q_rr-IL-nc2] 301/384 games (2017/h, eta 2m)
  [s3-no_q_rr-IL-nc2] 302/384 games (2013/h, eta 2m)
  [s3-no_q_rr-IL-nc2] 303/384 games (2012/h, eta 2m)
  [s3-no_q_rr-IL-nc2] 304/384 games (2016/h, eta 2m)
  [s3-no_q_rr-IL-nc2] 305/384 games (1999/h, eta 2m)
  [s3-no_q_rr-IL-nc2] 306/384 games (2005/h, eta 2m)
  [s3-no_q_rr-IL-nc2] 307/384 games (1996/h, eta 2m)
  [s3-no_q_rr-IL-nc2] 308/384 games (1999/h, eta 2m)
  [s3-no_q_rr-IL-nc2] 309/384 games (2002/h, eta 2m)
  [s3-no_q_rr-IL-nc2] 310/384 games (2005/h, eta 2m)
  [s3-no_q_rr-IL-nc2] 311/384 games (2000/h, eta 2m)
  [s3-no_q_rr-IL-nc2] 312/384 games (2004/h, eta 2m)
  [s3-no_q_rr-IL-nc2] 313/384 games (1998/h, eta 2m)
  [s3-no_q_rr-IL-nc2] 314/384 games (1992/h, eta 2m)
  [s3-no_q_rr-IL-nc2] 315/384 games (1990/h, eta 2m)
  [s3-no_q_rr-IL-nc2] 316/384 games (1994/h, eta 2m)
  [s3-no_q_rr-IL-nc2] 317/384 games (2000/h, eta 2m)
  [s3-no_q_rr-IL-nc2] 318/384 games (1994/h, eta 2m)
  [s3-no_q_rr-IL-nc2] 319/384 games (1997/h, eta 2m)
  [s3-no_q_rr-IL-nc2] 320/384 games (2002/h, eta 2m)
  [s3-no_q_rr-IL-nc2] 321/384 games (1996/h, eta 2m)
  [s3-no_q_rr-IL-nc2] 322/384 games (2001/h, eta 2m)
  [s3-no_q_rr-IL-nc2] 323/384 games (2007/h, eta 2m)
  [s3-no_q_rr-IL-nc2] 324/384 games (2004/h, eta 2m)
  [s3-no_q_rr-IL-nc2] 325/384 games (2007/h, eta 2m)
  [s3-no_q_rr-IL-nc2] 326/384 games (2012/h, eta 2m)
  [s3-no_q_rr-IL-nc2] 327/384 games (2017/h, eta 2m)
  [s3-no_q_rr-IL-nc2] 328/384 games (2022/h, eta 2m)
  [s3-no_q_rr-IL-nc2] 329/384 games (2026/h, eta 2m)
  [s3-no_q_rr-IL-nc2] 330/384 games (2014/h, eta 2m)
  [s3-no_q_rr-IL-nc2] 331/384 games (2013/h, eta 2m)
  [s3-no_q_rr-IL-nc2] 332/384 games (2002/h, eta 2m)
  [s3-no_q_rr-IL-nc2] 333/384 games (2006/h, eta 2m)
  [s3-no_q_rr-IL-nc2] 334/384 games (2006/h, eta 1m)
  [s3-no_q_rr-IL-nc2] 335/384 games (1987/h, eta 1m)
  [s3-no_q_rr-IL-nc2] 336/384 games (1984/h, eta 1m)
  [s3-no_q_rr-IL-nc2] 337/384 games (1978/h, eta 1m)
  [s3-no_q_rr-IL-nc2] 338/384 games (1983/h, eta 1m)
  [s3-no_q_rr-IL-nc2] 339/384 games (1984/h, eta 1m)
  [s3-no_q_rr-IL-nc2] 340/384 games (1988/h, eta 1m)
  [s3-no_q_rr-IL-nc2] 341/384 games (1989/h, eta 1m)
  [s3-no_q_rr-IL-nc2] 342/384 games (1990/h, eta 1m)
  [s3-no_q_rr-IL-nc2] 343/384 games (1995/h, eta 1m)
  [s3-no_q_rr-IL-nc2] 344/384 games (1999/h, eta 1m)
  [s3-no_q_rr-IL-nc2] 345/384 games (2001/h, eta 1m)
  [s3-no_q_rr-IL-nc2] 346/384 games (2007/h, eta 1m)
  [s3-no_q_rr-IL-nc2] 347/384 games (2002/h, eta 1m)
  [s3-no_q_rr-IL-nc2] 348/384 games (2006/h, eta 1m)
  [s3-no_q_rr-IL-nc2] 349/384 games (2011/h, eta 1m)
  [s3-no_q_rr-IL-nc2] 350/384 games (1998/h, eta 1m)
  [s3-no_q_rr-IL-nc2] 351/384 games (1998/h, eta 1m)
  [s3-no_q_rr-IL-nc2] 352/384 games (1988/h, eta 1m)
  [s3-no_q_rr-IL-nc2] 353/384 games (1989/h, eta 1m)
  [s3-no_q_rr-IL-nc2] 354/384 games (1980/h, eta 1m)
  [s3-no_q_rr-IL-nc2] 355/384 games (1985/h, eta 1m)
  [s3-no_q_rr-IL-nc2] 356/384 games (1987/h, eta 1m)
  [s3-no_q_rr-IL-nc2] 357/384 games (1987/h, eta 1m)
  [s3-no_q_rr-IL-nc2] 358/384 games (1992/h, eta 1m)
  [s3-no_q_rr-IL-nc2] 359/384 games (1987/h, eta 1m)
  [s3-no_q_rr-IL-nc2] 360/384 games (1978/h, eta 1m)
  [s3-no_q_rr-IL-nc2] 361/384 games (1981/h, eta 1m)
  [s3-no_q_rr-IL-nc2] 362/384 games (1986/h, eta 1m)
  [s3-no_q_rr-IL-nc2] 363/384 games (1991/h, eta 1m)
  [s3-no_q_rr-IL-nc2] 364/384 games (1989/h, eta 1m)
  [s3-no_q_rr-IL-nc2] 365/384 games (1993/h, eta 1m)
  [s3-no_q_rr-IL-nc2] 366/384 games (1996/h, eta 1m)
  [s3-no_q_rr-IL-nc2] 367/384 games (1991/h, eta 1m)
  [s3-no_q_rr-IL-nc2] 368/384 games (1994/h, eta 0m)
  [s3-no_q_rr-IL-nc2] 369/384 games (1999/h, eta 0m)
  [s3-no_q_rr-IL-nc2] 370/384 games (2002/h, eta 0m)
  [s3-no_q_rr-IL-nc2] 371/384 games (2004/h, eta 0m)
  [s3-no_q_rr-IL-nc2] 372/384 games (2009/h, eta 0m)
  [s3-no_q_rr-IL-nc2] 373/384 games (2009/h, eta 0m)
  [s3-no_q_rr-IL-nc2] 374/384 games (2000/h, eta 0m)
  [s3-no_q_rr-IL-nc2] 375/384 games (2004/h, eta 0m)
  [s3-no_q_rr-IL-nc2] 376/384 games (2006/h, eta 0m)
  [s3-no_q_rr-IL-nc2] 377/384 games (2011/h, eta 0m)
  [s3-no_q_rr-IL-nc2] 378/384 games (2008/h, eta 0m)
  [s3-no_q_rr-IL-nc2] 379/384 games (2013/h, eta 0m)
  [s3-no_q_rr-IL-nc2] 380/384 games (2016/h, eta 0m)
  [s3-no_q_rr-IL-nc2] 381/384 games (2014/h, eta 0m)
  [s3-no_q_rr-IL-nc2] 382/384 games (2012/h, eta 0m)
  [s3-no_q_rr-IL-nc2] 383/384 games (2017/h, eta 0m)
  [s3-no_q_rr-IL-nc2] 384/384 games (2010/h, eta 0m)
== s3-no_q_rr-IL-dp2 -> experiments/results/perturbation/s3-no_q_rr-IL-dp2.jsonl
  [s3-no_q_rr-IL-dp2] 1/384 games (279/h, eta 82m)
  [s3-no_q_rr-IL-dp2] 2/384 games (456/h, eta 50m)
  [s3-no_q_rr-IL-dp2] 3/384 games (459/h, eta 50m)
  [s3-no_q_rr-IL-dp2] 4/384 games (454/h, eta 50m)
  [s3-no_q_rr-IL-dp2] 5/384 games (525/h, eta 43m)
  [s3-no_q_rr-IL-dp2] 6/384 games (592/h, eta 38m)
  [s3-no_q_rr-IL-dp2] 7/384 games (630/h, eta 36m)
  [s3-no_q_rr-IL-dp2] 8/384 games (719/h, eta 31m)
  [s3-no_q_rr-IL-dp2] 9/384 games (773/h, eta 29m)
  [s3-no_q_rr-IL-dp2] 10/384 games (840/h, eta 27m)
  [s3-no_q_rr-IL-dp2] 11/384 games (899/h, eta 25m)
  [s3-no_q_rr-IL-dp2] 12/384 games (935/h, eta 24m)
  [s3-no_q_rr-IL-dp2] 13/384 games (930/h, eta 24m)
  [s3-no_q_rr-IL-dp2] 14/384 games (978/h, eta 23m)
  [s3-no_q_rr-IL-dp2] 15/384 games (1012/h, eta 22m)
  [s3-no_q_rr-IL-dp2] 16/384 games (1067/h, eta 21m)
  [s3-no_q_rr-IL-dp2] 17/384 games (1089/h, eta 20m)
  [s3-no_q_rr-IL-dp2] 18/384 games (1145/h, eta 19m)
  [s3-no_q_rr-IL-dp2] 19/384 games (1203/h, eta 18m)
  [s3-no_q_rr-IL-dp2] 20/384 games (1156/h, eta 19m)
  [s3-no_q_rr-IL-dp2] 21/384 games (1207/h, eta 18m)
  [s3-no_q_rr-IL-dp2] 22/384 games (1257/h, eta 17m)
  [s3-no_q_rr-IL-dp2] 23/384 games (1285/h, eta 17m)
  [s3-no_q_rr-IL-dp2] 24/384 games (1330/h, eta 16m)
  [s3-no_q_rr-IL-dp2] 25/384 games (1369/h, eta 16m)
  [s3-no_q_rr-IL-dp2] 26/384 games (1413/h, eta 15m)
  [s3-no_q_rr-IL-dp2] 27/384 games (1455/h, eta 15m)
  [s3-no_q_rr-IL-dp2] 28/384 games (1499/h, eta 14m)
  [s3-no_q_rr-IL-dp2] 29/384 games (1470/h, eta 14m)
  [s3-no_q_rr-IL-dp2] 30/384 games (1483/h, eta 14m)
  [s3-no_q_rr-IL-dp2] 31/384 games (1452/h, eta 15m)
  [s3-no_q_rr-IL-dp2] 32/384 games (1424/h, eta 15m)
  [s3-no_q_rr-IL-dp2] 33/384 games (1432/h, eta 15m)
  [s3-no_q_rr-IL-dp2] 34/384 games (1468/h, eta 14m)
  [s3-no_q_rr-IL-dp2] 35/384 games (1493/h, eta 14m)
  [s3-no_q_rr-IL-dp2] 36/384 games (1520/h, eta 14m)
  [s3-no_q_rr-IL-dp2] 37/384 games (1555/h, eta 13m)
  [s3-no_q_rr-IL-dp2] 38/384 games (1532/h, eta 14m)
  [s3-no_q_rr-IL-dp2] 39/384 games (1569/h, eta 13m)
  [s3-no_q_rr-IL-dp2] 40/384 games (1570/h, eta 13m)
  [s3-no_q_rr-IL-dp2] 41/384 games (1508/h, eta 14m)
  [s3-no_q_rr-IL-dp2] 42/384 games (1526/h, eta 13m)
  [s3-no_q_rr-IL-dp2] 43/384 games (1562/h, eta 13m)
  [s3-no_q_rr-IL-dp2] 44/384 games (1584/h, eta 13m)
  [s3-no_q_rr-IL-dp2] 45/384 games (1549/h, eta 13m)
  [s3-no_q_rr-IL-dp2] 46/384 games (1579/h, eta 13m)
  [s3-no_q_rr-IL-dp2] 47/384 games (1607/h, eta 13m)
  [s3-no_q_rr-IL-dp2] 48/384 games (1594/h, eta 13m)
  [s3-no_q_rr-IL-dp2] 49/384 games (1619/h, eta 12m)
  [s3-no_q_rr-IL-dp2] 50/384 games (1626/h, eta 12m)
  [s3-no_q_rr-IL-dp2] 51/384 games (1652/h, eta 12m)
  [s3-no_q_rr-IL-dp2] 52/384 games (1621/h, eta 12m)
  [s3-no_q_rr-IL-dp2] 53/384 games (1648/h, eta 12m)
  [s3-no_q_rr-IL-dp2] 54/384 games (1623/h, eta 12m)
  [s3-no_q_rr-IL-dp2] 55/384 games (1607/h, eta 12m)
  [s3-no_q_rr-IL-dp2] 56/384 games (1595/h, eta 12m)
  [s3-no_q_rr-IL-dp2] 57/384 games (1598/h, eta 12m)
  [s3-no_q_rr-IL-dp2] 58/384 games (1616/h, eta 12m)
  [s3-no_q_rr-IL-dp2] 59/384 games (1609/h, eta 12m)
  [s3-no_q_rr-IL-dp2] 60/384 games (1614/h, eta 12m)
  [s3-no_q_rr-IL-dp2] 61/384 games (1628/h, eta 12m)
  [s3-no_q_rr-IL-dp2] 62/384 games (1651/h, eta 12m)
  [s3-no_q_rr-IL-dp2] 63/384 games (1678/h, eta 11m)
  [s3-no_q_rr-IL-dp2] 64/384 games (1690/h, eta 11m)
  [s3-no_q_rr-IL-dp2] 65/384 games (1686/h, eta 11m)
  [s3-no_q_rr-IL-dp2] 66/384 games (1669/h, eta 11m)
  [s3-no_q_rr-IL-dp2] 67/384 games (1672/h, eta 11m)
  [s3-no_q_rr-IL-dp2] 68/384 games (1687/h, eta 11m)
  [s3-no_q_rr-IL-dp2] 69/384 games (1689/h, eta 11m)
  [s3-no_q_rr-IL-dp2] 70/384 games (1688/h, eta 11m)
  [s3-no_q_rr-IL-dp2] 71/384 games (1699/h, eta 11m)
  [s3-no_q_rr-IL-dp2] 72/384 games (1676/h, eta 11m)
  [s3-no_q_rr-IL-dp2] 73/384 games (1686/h, eta 11m)
  [s3-no_q_rr-IL-dp2] 74/384 games (1679/h, eta 11m)
  [s3-no_q_rr-IL-dp2] 75/384 games (1679/h, eta 11m)
  [s3-no_q_rr-IL-dp2] 76/384 games (1701/h, eta 11m)
  [s3-no_q_rr-IL-dp2] 77/384 games (1695/h, eta 11m)
  [s3-no_q_rr-IL-dp2] 78/384 games (1701/h, eta 11m)
  [s3-no_q_rr-IL-dp2] 79/384 games (1692/h, eta 11m)
  [s3-no_q_rr-IL-dp2] 80/384 games (1712/h, eta 11m)
  [s3-no_q_rr-IL-dp2] 81/384 games (1713/h, eta 11m)
  [s3-no_q_rr-IL-dp2] 82/384 games (1704/h, eta 11m)
  [s3-no_q_rr-IL-dp2] 83/384 games (1719/h, eta 11m)
  [s3-no_q_rr-IL-dp2] 84/384 games (1718/h, eta 10m)
  [s3-no_q_rr-IL-dp2] 85/384 games (1724/h, eta 10m)
  [s3-no_q_rr-IL-dp2] 86/384 games (1733/h, eta 10m)
  [s3-no_q_rr-IL-dp2] 87/384 games (1742/h, eta 10m)
  [s3-no_q_rr-IL-dp2] 88/384 games (1761/h, eta 10m)
  [s3-no_q_rr-IL-dp2] 89/384 games (1707/h, eta 10m)
  [s3-no_q_rr-IL-dp2] 90/384 games (1718/h, eta 10m)
  [s3-no_q_rr-IL-dp2] 91/384 games (1728/h, eta 10m)
  [s3-no_q_rr-IL-dp2] 92/384 games (1731/h, eta 10m)
  [s3-no_q_rr-IL-dp2] 93/384 games (1687/h, eta 10m)
  [s3-no_q_rr-IL-dp2] 94/384 games (1682/h, eta 10m)
  [s3-no_q_rr-IL-dp2] 95/384 games (1700/h, eta 10m)
  [s3-no_q_rr-IL-dp2] 96/384 games (1712/h, eta 10m)
  [s3-no_q_rr-IL-dp2] 97/384 games (1713/h, eta 10m)
  [s3-no_q_rr-IL-dp2] 98/384 games (1726/h, eta 10m)
  [s3-no_q_rr-IL-dp2] 99/384 games (1724/h, eta 10m)
  [s3-no_q_rr-IL-dp2] 100/384 games (1740/h, eta 10m)
  [s3-no_q_rr-IL-dp2] 101/384 games (1714/h, eta 10m)
  [s3-no_q_rr-IL-dp2] 102/384 games (1724/h, eta 10m)
  [s3-no_q_rr-IL-dp2] 103/384 games (1736/h, eta 10m)
  [s3-no_q_rr-IL-dp2] 104/384 games (1746/h, eta 10m)
  [s3-no_q_rr-IL-dp2] 105/384 games (1761/h, eta 10m)
  [s3-no_q_rr-IL-dp2] 106/384 games (1772/h, eta 9m)
  [s3-no_q_rr-IL-dp2] 107/384 games (1732/h, eta 10m)
  [s3-no_q_rr-IL-dp2] 108/384 games (1742/h, eta 10m)
  [s3-no_q_rr-IL-dp2] 109/384 games (1749/h, eta 9m)
  [s3-no_q_rr-IL-dp2] 110/384 games (1723/h, eta 10m)
  [s3-no_q_rr-IL-dp2] 111/384 games (1726/h, eta 9m)
  [s3-no_q_rr-IL-dp2] 112/384 games (1718/h, eta 9m)
  [s3-no_q_rr-IL-dp2] 113/384 games (1716/h, eta 9m)
  [s3-no_q_rr-IL-dp2] 114/384 games (1726/h, eta 9m)
  [s3-no_q_rr-IL-dp2] 115/384 games (1736/h, eta 9m)
  [s3-no_q_rr-IL-dp2] 116/384 games (1746/h, eta 9m)
  [s3-no_q_rr-IL-dp2] 117/384 games (1735/h, eta 9m)
  [s3-no_q_rr-IL-dp2] 118/384 games (1748/h, eta 9m)
  [s3-no_q_rr-IL-dp2] 119/384 games (1751/h, eta 9m)
  [s3-no_q_rr-IL-dp2] 120/384 games (1756/h, eta 9m)
  [s3-no_q_rr-IL-dp2] 121/384 games (1756/h, eta 9m)
  [s3-no_q_rr-IL-dp2] 122/384 games (1754/h, eta 9m)
  [s3-no_q_rr-IL-dp2] 123/384 games (1766/h, eta 9m)
  [s3-no_q_rr-IL-dp2] 124/384 games (1774/h, eta 9m)
  [s3-no_q_rr-IL-dp2] 125/384 games (1750/h, eta 9m)
  [s3-no_q_rr-IL-dp2] 126/384 games (1720/h, eta 9m)
  [s3-no_q_rr-IL-dp2] 127/384 games (1732/h, eta 9m)
  [s3-no_q_rr-IL-dp2] 128/384 games (1726/h, eta 9m)
  [s3-no_q_rr-IL-dp2] 129/384 games (1729/h, eta 9m)
  [s3-no_q_rr-IL-dp2] 130/384 games (1721/h, eta 9m)
  [s3-no_q_rr-IL-dp2] 131/384 games (1711/h, eta 9m)
  [s3-no_q_rr-IL-dp2] 132/384 games (1706/h, eta 9m)
  [s3-no_q_rr-IL-dp2] 133/384 games (1718/h, eta 9m)
  [s3-no_q_rr-IL-dp2] 134/384 games (1726/h, eta 9m)
  [s3-no_q_rr-IL-dp2] 135/384 games (1728/h, eta 9m)
  [s3-no_q_rr-IL-dp2] 136/384 games (1733/h, eta 9m)
  [s3-no_q_rr-IL-dp2] 137/384 games (1728/h, eta 9m)
  [s3-no_q_rr-IL-dp2] 138/384 games (1740/h, eta 8m)
  [s3-no_q_rr-IL-dp2] 139/384 games (1751/h, eta 8m)
  [s3-no_q_rr-IL-dp2] 140/384 games (1748/h, eta 8m)
  [s3-no_q_rr-IL-dp2] 141/384 games (1759/h, eta 8m)
  [s3-no_q_rr-IL-dp2] 142/384 games (1769/h, eta 8m)
  [s3-no_q_rr-IL-dp2] 143/384 games (1780/h, eta 8m)
  [s3-no_q_rr-IL-dp2] 144/384 games (1777/h, eta 8m)
  [s3-no_q_rr-IL-dp2] 145/384 games (1779/h, eta 8m)
  [s3-no_q_rr-IL-dp2] 146/384 games (1788/h, eta 8m)
  [s3-no_q_rr-IL-dp2] 147/384 games (1758/h, eta 8m)
  [s3-no_q_rr-IL-dp2] 148/384 games (1770/h, eta 8m)
  [s3-no_q_rr-IL-dp2] 149/384 games (1752/h, eta 8m)
  [s3-no_q_rr-IL-dp2] 150/384 games (1749/h, eta 8m)
  [s3-no_q_rr-IL-dp2] 151/384 games (1750/h, eta 8m)
  [s3-no_q_rr-IL-dp2] 152/384 games (1759/h, eta 8m)
  [s3-no_q_rr-IL-dp2] 153/384 games (1767/h, eta 8m)
  [s3-no_q_rr-IL-dp2] 154/384 games (1777/h, eta 8m)
  [s3-no_q_rr-IL-dp2] 155/384 games (1781/h, eta 8m)
  [s3-no_q_rr-IL-dp2] 156/384 games (1781/h, eta 8m)
  [s3-no_q_rr-IL-dp2] 157/384 games (1783/h, eta 8m)
  [s3-no_q_rr-IL-dp2] 158/384 games (1789/h, eta 8m)
  [s3-no_q_rr-IL-dp2] 159/384 games (1775/h, eta 8m)
  [s3-no_q_rr-IL-dp2] 160/384 games (1773/h, eta 8m)
  [s3-no_q_rr-IL-dp2] 161/384 games (1774/h, eta 8m)
  [s3-no_q_rr-IL-dp2] 162/384 games (1776/h, eta 8m)
  [s3-no_q_rr-IL-dp2] 163/384 games (1783/h, eta 7m)
  [s3-no_q_rr-IL-dp2] 164/384 games (1779/h, eta 7m)
  [s3-no_q_rr-IL-dp2] 165/384 games (1782/h, eta 7m)
  [s3-no_q_rr-IL-dp2] 166/384 games (1786/h, eta 7m)
  [s3-no_q_rr-IL-dp2] 167/384 games (1795/h, eta 7m)
  [s3-no_q_rr-IL-dp2] 168/384 games (1802/h, eta 7m)
  [s3-no_q_rr-IL-dp2] 169/384 games (1802/h, eta 7m)
  [s3-no_q_rr-IL-dp2] 170/384 games (1805/h, eta 7m)
  [s3-no_q_rr-IL-dp2] 171/384 games (1805/h, eta 7m)
  [s3-no_q_rr-IL-dp2] 172/384 games (1807/h, eta 7m)
  [s3-no_q_rr-IL-dp2] 173/384 games (1789/h, eta 7m)
  [s3-no_q_rr-IL-dp2] 174/384 games (1797/h, eta 7m)
  [s3-no_q_rr-IL-dp2] 175/384 games (1803/h, eta 7m)
  [s3-no_q_rr-IL-dp2] 176/384 games (1799/h, eta 7m)
  [s3-no_q_rr-IL-dp2] 177/384 games (1797/h, eta 7m)
  [s3-no_q_rr-IL-dp2] 178/384 games (1806/h, eta 7m)
  [s3-no_q_rr-IL-dp2] 179/384 games (1797/h, eta 7m)
  [s3-no_q_rr-IL-dp2] 180/384 games (1793/h, eta 7m)
  [s3-no_q_rr-IL-dp2] 181/384 games (1799/h, eta 7m)
  [s3-no_q_rr-IL-dp2] 182/384 games (1806/h, eta 7m)
  [s3-no_q_rr-IL-dp2] 183/384 games (1812/h, eta 7m)
  [s3-no_q_rr-IL-dp2] 184/384 games (1811/h, eta 7m)
  [s3-no_q_rr-IL-dp2] 185/384 games (1809/h, eta 7m)
  [s3-no_q_rr-IL-dp2] 186/384 games (1804/h, eta 7m)
  [s3-no_q_rr-IL-dp2] 187/384 games (1807/h, eta 7m)
  [s3-no_q_rr-IL-dp2] 188/384 games (1803/h, eta 7m)
  [s3-no_q_rr-IL-dp2] 189/384 games (1795/h, eta 7m)
  [s3-no_q_rr-IL-dp2] 190/384 games (1784/h, eta 7m)
  [s3-no_q_rr-IL-dp2] 191/384 games (1780/h, eta 7m)
  [s3-no_q_rr-IL-dp2] 192/384 games (1786/h, eta 6m)
  [s3-no_q_rr-IL-dp2] 193/384 games (1793/h, eta 6m)
  [s3-no_q_rr-IL-dp2] 194/384 games (1798/h, eta 6m)
  [s3-no_q_rr-IL-dp2] 195/384 games (1803/h, eta 6m)
  [s3-no_q_rr-IL-dp2] 196/384 games (1791/h, eta 6m)
  [s3-no_q_rr-IL-dp2] 197/384 games (1792/h, eta 6m)
  [s3-no_q_rr-IL-dp2] 198/384 games (1797/h, eta 6m)
  [s3-no_q_rr-IL-dp2] 199/384 games (1794/h, eta 6m)
  [s3-no_q_rr-IL-dp2] 200/384 games (1803/h, eta 6m)
  [s3-no_q_rr-IL-dp2] 201/384 games (1803/h, eta 6m)
  [s3-no_q_rr-IL-dp2] 202/384 games (1792/h, eta 6m)
  [s3-no_q_rr-IL-dp2] 203/384 games (1778/h, eta 6m)
  [s3-no_q_rr-IL-dp2] 204/384 games (1781/h, eta 6m)
  [s3-no_q_rr-IL-dp2] 205/384 games (1788/h, eta 6m)
  [s3-no_q_rr-IL-dp2] 206/384 games (1788/h, eta 6m)
  [s3-no_q_rr-IL-dp2] 207/384 games (1788/h, eta 6m)
  [s3-no_q_rr-IL-dp2] 208/384 games (1789/h, eta 6m)
  [s3-no_q_rr-IL-dp2] 209/384 games (1796/h, eta 6m)
  [s3-no_q_rr-IL-dp2] 210/384 games (1800/h, eta 6m)
  [s3-no_q_rr-IL-dp2] 211/384 games (1789/h, eta 6m)
  [s3-no_q_rr-IL-dp2] 212/384 games (1787/h, eta 6m)
  [s3-no_q_rr-IL-dp2] 213/384 games (1786/h, eta 6m)
  [s3-no_q_rr-IL-dp2] 214/384 games (1787/h, eta 6m)
  [s3-no_q_rr-IL-dp2] 215/384 games (1780/h, eta 6m)
  [s3-no_q_rr-IL-dp2] 216/384 games (1785/h, eta 6m)
  [s3-no_q_rr-IL-dp2] 217/384 games (1787/h, eta 6m)
  [s3-no_q_rr-IL-dp2] 218/384 games (1795/h, eta 6m)
  [s3-no_q_rr-IL-dp2] 219/384 games (1798/h, eta 6m)
  [s3-no_q_rr-IL-dp2] 220/384 games (1806/h, eta 5m)
  [s3-no_q_rr-IL-dp2] 221/384 games (1802/h, eta 5m)
  [s3-no_q_rr-IL-dp2] 222/384 games (1806/h, eta 5m)
  [s3-no_q_rr-IL-dp2] 223/384 games (1808/h, eta 5m)
  [s3-no_q_rr-IL-dp2] 224/384 games (1814/h, eta 5m)
  [s3-no_q_rr-IL-dp2] 225/384 games (1822/h, eta 5m)
  [s3-no_q_rr-IL-dp2] 226/384 games (1812/h, eta 5m)
  [s3-no_q_rr-IL-dp2] 227/384 games (1813/h, eta 5m)
  [s3-no_q_rr-IL-dp2] 228/384 games (1805/h, eta 5m)
  [s3-no_q_rr-IL-dp2] 229/384 games (1805/h, eta 5m)
  [s3-no_q_rr-IL-dp2] 230/384 games (1809/h, eta 5m)
  [s3-no_q_rr-IL-dp2] 231/384 games (1800/h, eta 5m)
  [s3-no_q_rr-IL-dp2] 232/384 games (1805/h, eta 5m)
  [s3-no_q_rr-IL-dp2] 233/384 games (1805/h, eta 5m)
  [s3-no_q_rr-IL-dp2] 234/384 games (1811/h, eta 5m)
  [s3-no_q_rr-IL-dp2] 235/384 games (1817/h, eta 5m)
  [s3-no_q_rr-IL-dp2] 236/384 games (1823/h, eta 5m)
  [s3-no_q_rr-IL-dp2] 237/384 games (1807/h, eta 5m)
  [s3-no_q_rr-IL-dp2] 238/384 games (1807/h, eta 5m)
  [s3-no_q_rr-IL-dp2] 239/384 games (1813/h, eta 5m)
  [s3-no_q_rr-IL-dp2] 240/384 games (1809/h, eta 5m)
  [s3-no_q_rr-IL-dp2] 241/384 games (1805/h, eta 5m)
  [s3-no_q_rr-IL-dp2] 242/384 games (1808/h, eta 5m)
  [s3-no_q_rr-IL-dp2] 243/384 games (1802/h, eta 5m)
  [s3-no_q_rr-IL-dp2] 244/384 games (1800/h, eta 5m)
  [s3-no_q_rr-IL-dp2] 245/384 games (1805/h, eta 5m)
  [s3-no_q_rr-IL-dp2] 246/384 games (1810/h, eta 5m)
  [s3-no_q_rr-IL-dp2] 247/384 games (1815/h, eta 5m)
  [s3-no_q_rr-IL-dp2] 248/384 games (1821/h, eta 4m)
  [s3-no_q_rr-IL-dp2] 249/384 games (1814/h, eta 4m)
  [s3-no_q_rr-IL-dp2] 250/384 games (1798/h, eta 4m)
  [s3-no_q_rr-IL-dp2] 251/384 games (1799/h, eta 4m)
  [s3-no_q_rr-IL-dp2] 252/384 games (1798/h, eta 4m)
  [s3-no_q_rr-IL-dp2] 253/384 games (1802/h, eta 4m)
  [s3-no_q_rr-IL-dp2] 254/384 games (1808/h, eta 4m)
  [s3-no_q_rr-IL-dp2] 255/384 games (1792/h, eta 4m)
  [s3-no_q_rr-IL-dp2] 256/384 games (1797/h, eta 4m)
  [s3-no_q_rr-IL-dp2] 257/384 games (1792/h, eta 4m)
  [s3-no_q_rr-IL-dp2] 258/384 games (1799/h, eta 4m)
  [s3-no_q_rr-IL-dp2] 259/384 games (1792/h, eta 4m)
  [s3-no_q_rr-IL-dp2] 260/384 games (1798/h, eta 4m)
  [s3-no_q_rr-IL-dp2] 261/384 games (1784/h, eta 4m)
  [s3-no_q_rr-IL-dp2] 262/384 games (1790/h, eta 4m)
  [s3-no_q_rr-IL-dp2] 263/384 games (1796/h, eta 4m)
  [s3-no_q_rr-IL-dp2] 264/384 games (1802/h, eta 4m)
  [s3-no_q_rr-IL-dp2] 265/384 games (1808/h, eta 4m)
  [s3-no_q_rr-IL-dp2] 266/384 games (1790/h, eta 4m)
  [s3-no_q_rr-IL-dp2] 267/384 games (1795/h, eta 4m)
  [s3-no_q_rr-IL-dp2] 268/384 games (1795/h, eta 4m)
  [s3-no_q_rr-IL-dp2] 269/384 games (1796/h, eta 4m)
  [s3-no_q_rr-IL-dp2] 270/384 games (1803/h, eta 4m)
  [s3-no_q_rr-IL-dp2] 271/384 games (1807/h, eta 4m)
  [s3-no_q_rr-IL-dp2] 272/384 games (1800/h, eta 4m)
  [s3-no_q_rr-IL-dp2] 273/384 games (1801/h, eta 4m)
  [s3-no_q_rr-IL-dp2] 274/384 games (1797/h, eta 4m)
  [s3-no_q_rr-IL-dp2] 275/384 games (1800/h, eta 4m)
  [s3-no_q_rr-IL-dp2] 276/384 games (1800/h, eta 4m)
  [s3-no_q_rr-IL-dp2] 277/384 games (1790/h, eta 4m)
  [s3-no_q_rr-IL-dp2] 278/384 games (1792/h, eta 4m)
  [s3-no_q_rr-IL-dp2] 279/384 games (1796/h, eta 4m)
  [s3-no_q_rr-IL-dp2] 280/384 games (1785/h, eta 3m)
  [s3-no_q_rr-IL-dp2] 281/384 games (1790/h, eta 3m)
  [s3-no_q_rr-IL-dp2] 282/384 games (1790/h, eta 3m)
  [s3-no_q_rr-IL-dp2] 283/384 games (1791/h, eta 3m)
  [s3-no_q_rr-IL-dp2] 284/384 games (1794/h, eta 3m)
  [s3-no_q_rr-IL-dp2] 285/384 games (1800/h, eta 3m)
  [s3-no_q_rr-IL-dp2] 286/384 games (1804/h, eta 3m)
  [s3-no_q_rr-IL-dp2] 287/384 games (1806/h, eta 3m)
  [s3-no_q_rr-IL-dp2] 288/384 games (1811/h, eta 3m)
  [s3-no_q_rr-IL-dp2] 289/384 games (1817/h, eta 3m)
  [s3-no_q_rr-IL-dp2] 290/384 games (1823/h, eta 3m)
  [s3-no_q_rr-IL-dp2] 291/384 games (1827/h, eta 3m)
  [s3-no_q_rr-IL-dp2] 292/384 games (1832/h, eta 3m)
  [s3-no_q_rr-IL-dp2] 293/384 games (1820/h, eta 3m)
  [s3-no_q_rr-IL-dp2] 294/384 games (1801/h, eta 3m)
  [s3-no_q_rr-IL-dp2] 295/384 games (1803/h, eta 3m)
  [s3-no_q_rr-IL-dp2] 296/384 games (1804/h, eta 3m)
  [s3-no_q_rr-IL-dp2] 297/384 games (1798/h, eta 3m)
  [s3-no_q_rr-IL-dp2] 298/384 games (1804/h, eta 3m)
  [s3-no_q_rr-IL-dp2] 299/384 games (1809/h, eta 3m)
  [s3-no_q_rr-IL-dp2] 300/384 games (1812/h, eta 3m)
  [s3-no_q_rr-IL-dp2] 301/384 games (1815/h, eta 3m)
  [s3-no_q_rr-IL-dp2] 302/384 games (1813/h, eta 3m)
  [s3-no_q_rr-IL-dp2] 303/384 games (1815/h, eta 3m)
  [s3-no_q_rr-IL-dp2] 304/384 games (1817/h, eta 3m)
  [s3-no_q_rr-IL-dp2] 305/384 games (1815/h, eta 3m)
  [s3-no_q_rr-IL-dp2] 306/384 games (1820/h, eta 3m)
  [s3-no_q_rr-IL-dp2] 307/384 games (1819/h, eta 3m)
  [s3-no_q_rr-IL-dp2] 308/384 games (1824/h, eta 3m)
  [s3-no_q_rr-IL-dp2] 309/384 games (1830/h, eta 2m)
  [s3-no_q_rr-IL-dp2] 310/384 games (1819/h, eta 2m)
  [s3-no_q_rr-IL-dp2] 311/384 games (1821/h, eta 2m)
  [s3-no_q_rr-IL-dp2] 312/384 games (1827/h, eta 2m)
  [s3-no_q_rr-IL-dp2] 313/384 games (1822/h, eta 2m)
  [s3-no_q_rr-IL-dp2] 314/384 games (1796/h, eta 2m)
  [s3-no_q_rr-IL-dp2] 315/384 games (1800/h, eta 2m)
  [s3-no_q_rr-IL-dp2] 316/384 games (1804/h, eta 2m)
  [s3-no_q_rr-IL-dp2] 317/384 games (1802/h, eta 2m)
  [s3-no_q_rr-IL-dp2] 318/384 games (1807/h, eta 2m)
  [s3-no_q_rr-IL-dp2] 319/384 games (1812/h, eta 2m)
  [s3-no_q_rr-IL-dp2] 320/384 games (1814/h, eta 2m)
  [s3-no_q_rr-IL-dp2] 321/384 games (1815/h, eta 2m)
  [s3-no_q_rr-IL-dp2] 322/384 games (1818/h, eta 2m)
  [s3-no_q_rr-IL-dp2] 323/384 games (1814/h, eta 2m)
  [s3-no_q_rr-IL-dp2] 324/384 games (1818/h, eta 2m)
  [s3-no_q_rr-IL-dp2] 325/384 games (1823/h, eta 2m)
  [s3-no_q_rr-IL-dp2] 326/384 games (1824/h, eta 2m)
  [s3-no_q_rr-IL-dp2] 327/384 games (1827/h, eta 2m)
  [s3-no_q_rr-IL-dp2] 328/384 games (1823/h, eta 2m)
  [s3-no_q_rr-IL-dp2] 329/384 games (1816/h, eta 2m)
  [s3-no_q_rr-IL-dp2] 330/384 games (1820/h, eta 2m)
  [s3-no_q_rr-IL-dp2] 331/384 games (1821/h, eta 2m)
  [s3-no_q_rr-IL-dp2] 332/384 games (1820/h, eta 2m)
  [s3-no_q_rr-IL-dp2] 333/384 games (1824/h, eta 2m)
  [s3-no_q_rr-IL-dp2] 334/384 games (1822/h, eta 2m)
  [s3-no_q_rr-IL-dp2] 335/384 games (1823/h, eta 2m)
  [s3-no_q_rr-IL-dp2] 336/384 games (1819/h, eta 2m)
  [s3-no_q_rr-IL-dp2] 337/384 games (1821/h, eta 2m)
  [s3-no_q_rr-IL-dp2] 338/384 games (1815/h, eta 2m)
  [s3-no_q_rr-IL-dp2] 339/384 games (1816/h, eta 1m)
  [s3-no_q_rr-IL-dp2] 340/384 games (1817/h, eta 1m)
  [s3-no_q_rr-IL-dp2] 341/384 games (1816/h, eta 1m)
  [s3-no_q_rr-IL-dp2] 342/384 games (1816/h, eta 1m)
  [s3-no_q_rr-IL-dp2] 343/384 games (1819/h, eta 1m)
  [s3-no_q_rr-IL-dp2] 344/384 games (1816/h, eta 1m)
  [s3-no_q_rr-IL-dp2] 345/384 games (1820/h, eta 1m)
  [s3-no_q_rr-IL-dp2] 346/384 games (1823/h, eta 1m)
  [s3-no_q_rr-IL-dp2] 347/384 games (1808/h, eta 1m)
  [s3-no_q_rr-IL-dp2] 348/384 games (1804/h, eta 1m)
  [s3-no_q_rr-IL-dp2] 349/384 games (1809/h, eta 1m)
  [s3-no_q_rr-IL-dp2] 350/384 games (1812/h, eta 1m)
  [s3-no_q_rr-IL-dp2] 351/384 games (1815/h, eta 1m)
  [s3-no_q_rr-IL-dp2] 352/384 games (1818/h, eta 1m)
  [s3-no_q_rr-IL-dp2] 353/384 games (1822/h, eta 1m)
  [s3-no_q_rr-IL-dp2] 354/384 games (1824/h, eta 1m)
  [s3-no_q_rr-IL-dp2] 355/384 games (1825/h, eta 1m)
  [s3-no_q_rr-IL-dp2] 356/384 games (1830/h, eta 1m)
  [s3-no_q_rr-IL-dp2] 357/384 games (1825/h, eta 1m)
  [s3-no_q_rr-IL-dp2] 358/384 games (1824/h, eta 1m)
  [s3-no_q_rr-IL-dp2] 359/384 games (1810/h, eta 1m)
  [s3-no_q_rr-IL-dp2] 360/384 games (1815/h, eta 1m)
  [s3-no_q_rr-IL-dp2] 361/384 games (1812/h, eta 1m)
  [s3-no_q_rr-IL-dp2] 362/384 games (1813/h, eta 1m)
  [s3-no_q_rr-IL-dp2] 363/384 games (1816/h, eta 1m)
  [s3-no_q_rr-IL-dp2] 364/384 games (1818/h, eta 1m)
  [s3-no_q_rr-IL-dp2] 365/384 games (1820/h, eta 1m)
  [s3-no_q_rr-IL-dp2] 366/384 games (1818/h, eta 1m)
  [s3-no_q_rr-IL-dp2] 367/384 games (1819/h, eta 1m)
  [s3-no_q_rr-IL-dp2] 368/384 games (1817/h, eta 1m)
  [s3-no_q_rr-IL-dp2] 369/384 games (1814/h, eta 0m)
  [s3-no_q_rr-IL-dp2] 370/384 games (1805/h, eta 0m)
  [s3-no_q_rr-IL-dp2] 371/384 games (1809/h, eta 0m)
  [s3-no_q_rr-IL-dp2] 372/384 games (1805/h, eta 0m)
  [s3-no_q_rr-IL-dp2] 373/384 games (1808/h, eta 0m)
  [s3-no_q_rr-IL-dp2] 374/384 games (1813/h, eta 0m)
  [s3-no_q_rr-IL-dp2] 375/384 games (1817/h, eta 0m)
  [s3-no_q_rr-IL-dp2] 376/384 games (1819/h, eta 0m)
  [s3-no_q_rr-IL-dp2] 377/384 games (1821/h, eta 0m)
  [s3-no_q_rr-IL-dp2] 378/384 games (1825/h, eta 0m)
  [s3-no_q_rr-IL-dp2] 379/384 games (1826/h, eta 0m)
  [s3-no_q_rr-IL-dp2] 380/384 games (1830/h, eta 0m)
  [s3-no_q_rr-IL-dp2] 381/384 games (1829/h, eta 0m)
  [s3-no_q_rr-IL-dp2] 382/384 games (1804/h, eta 0m)
  [s3-no_q_rr-IL-dp2] 383/384 games (1798/h, eta 0m)
  [s3-no_q_rr-IL-dp2] 384/384 games (1786/h, eta 0m)
== s3-no_q_rr-IL-nc2-dp2 -> experiments/results/perturbation/s3-no_q_rr-IL-nc2-dp2.jsonl
  [s3-no_q_rr-IL-nc2-dp2] 1/384 games (198/h, eta 116m)
  [s3-no_q_rr-IL-nc2-dp2] 2/384 games (324/h, eta 71m)
  [s3-no_q_rr-IL-nc2-dp2] 3/384 games (286/h, eta 80m)
  [s3-no_q_rr-IL-nc2-dp2] 4/384 games (358/h, eta 64m)
  [s3-no_q_rr-IL-nc2-dp2] 5/384 games (437/h, eta 52m)
  [s3-no_q_rr-IL-nc2-dp2] 6/384 games (491/h, eta 46m)
  [s3-no_q_rr-IL-nc2-dp2] 7/384 games (565/h, eta 40m)
  [s3-no_q_rr-IL-nc2-dp2] 8/384 games (638/h, eta 35m)
  [s3-no_q_rr-IL-nc2-dp2] 9/384 games (707/h, eta 32m)
  [s3-no_q_rr-IL-nc2-dp2] 10/384 games (735/h, eta 31m)
  [s3-no_q_rr-IL-nc2-dp2] 11/384 games (795/h, eta 28m)
  [s3-no_q_rr-IL-nc2-dp2] 12/384 games (849/h, eta 26m)
  [s3-no_q_rr-IL-nc2-dp2] 13/384 games (908/h, eta 25m)
  [s3-no_q_rr-IL-nc2-dp2] 14/384 games (972/h, eta 23m)
  [s3-no_q_rr-IL-nc2-dp2] 15/384 games (1003/h, eta 22m)
  [s3-no_q_rr-IL-nc2-dp2] 16/384 games (981/h, eta 23m)
  [s3-no_q_rr-IL-nc2-dp2] 17/384 games (1022/h, eta 22m)
  [s3-no_q_rr-IL-nc2-dp2] 18/384 games (1031/h, eta 21m)
  [s3-no_q_rr-IL-nc2-dp2] 19/384 games (1056/h, eta 21m)
  [s3-no_q_rr-IL-nc2-dp2] 20/384 games (1077/h, eta 20m)
  [s3-no_q_rr-IL-nc2-dp2] 21/384 games (1100/h, eta 20m)
  [s3-no_q_rr-IL-nc2-dp2] 22/384 games (1142/h, eta 19m)
  [s3-no_q_rr-IL-nc2-dp2] 23/384 games (1179/h, eta 18m)
  [s3-no_q_rr-IL-nc2-dp2] 24/384 games (1193/h, eta 18m)
  [s3-no_q_rr-IL-nc2-dp2] 25/384 games (1204/h, eta 18m)
  [s3-no_q_rr-IL-nc2-dp2] 26/384 games (1209/h, eta 18m)
  [s3-no_q_rr-IL-nc2-dp2] 27/384 games (1221/h, eta 18m)
  [s3-no_q_rr-IL-nc2-dp2] 28/384 games (1260/h, eta 17m)
  [s3-no_q_rr-IL-nc2-dp2] 29/384 games (1286/h, eta 17m)
  [s3-no_q_rr-IL-nc2-dp2] 30/384 games (1312/h, eta 16m)
  [s3-no_q_rr-IL-nc2-dp2] 31/384 games (1285/h, eta 16m)
  [s3-no_q_rr-IL-nc2-dp2] 32/384 games (1254/h, eta 17m)
  [s3-no_q_rr-IL-nc2-dp2] 33/384 games (1271/h, eta 17m)
  [s3-no_q_rr-IL-nc2-dp2] 34/384 games (1275/h, eta 16m)
  [s3-no_q_rr-IL-nc2-dp2] 35/384 games (1275/h, eta 16m)
  [s3-no_q_rr-IL-nc2-dp2] 36/384 games (1302/h, eta 16m)
  [s3-no_q_rr-IL-nc2-dp2] 37/384 games (1287/h, eta 16m)
  [s3-no_q_rr-IL-nc2-dp2] 38/384 games (1315/h, eta 16m)
  [s3-no_q_rr-IL-nc2-dp2] 39/384 games (1307/h, eta 16m)
  [s3-no_q_rr-IL-nc2-dp2] 40/384 games (1288/h, eta 16m)
  [s3-no_q_rr-IL-nc2-dp2] 41/384 games (1292/h, eta 16m)
  [s3-no_q_rr-IL-nc2-dp2] 42/384 games (1322/h, eta 16m)
  [s3-no_q_rr-IL-nc2-dp2] 43/384 games (1339/h, eta 15m)
  [s3-no_q_rr-IL-nc2-dp2] 44/384 games (1370/h, eta 15m)
  [s3-no_q_rr-IL-nc2-dp2] 45/384 games (1309/h, eta 16m)
  [s3-no_q_rr-IL-nc2-dp2] 46/384 games (1304/h, eta 16m)
  [s3-no_q_rr-IL-nc2-dp2] 47/384 games (1318/h, eta 15m)
  [s3-no_q_rr-IL-nc2-dp2] 48/384 games (1341/h, eta 15m)
  [s3-no_q_rr-IL-nc2-dp2] 49/384 games (1361/h, eta 15m)
  [s3-no_q_rr-IL-nc2-dp2] 50/384 games (1375/h, eta 15m)
  [s3-no_q_rr-IL-nc2-dp2] 51/384 games (1365/h, eta 15m)
  [s3-no_q_rr-IL-nc2-dp2] 52/384 games (1380/h, eta 14m)
  [s3-no_q_rr-IL-nc2-dp2] 53/384 games (1369/h, eta 15m)
  [s3-no_q_rr-IL-nc2-dp2] 54/384 games (1358/h, eta 15m)
  [s3-no_q_rr-IL-nc2-dp2] 55/384 games (1377/h, eta 14m)
  [s3-no_q_rr-IL-nc2-dp2] 56/384 games (1388/h, eta 14m)
  [s3-no_q_rr-IL-nc2-dp2] 57/384 games (1401/h, eta 14m)
  [s3-no_q_rr-IL-nc2-dp2] 58/384 games (1415/h, eta 14m)
  [s3-no_q_rr-IL-nc2-dp2] 59/384 games (1406/h, eta 14m)
  [s3-no_q_rr-IL-nc2-dp2] 60/384 games (1419/h, eta 14m)
  [s3-no_q_rr-IL-nc2-dp2] 61/384 games (1438/h, eta 13m)
  [s3-no_q_rr-IL-nc2-dp2] 62/384 games (1445/h, eta 13m)
  [s3-no_q_rr-IL-nc2-dp2] 63/384 games (1444/h, eta 13m)
  [s3-no_q_rr-IL-nc2-dp2] 64/384 games (1431/h, eta 13m)
  [s3-no_q_rr-IL-nc2-dp2] 65/384 games (1453/h, eta 13m)
  [s3-no_q_rr-IL-nc2-dp2] 66/384 games (1419/h, eta 13m)
  [s3-no_q_rr-IL-nc2-dp2] 67/384 games (1410/h, eta 13m)
  [s3-no_q_rr-IL-nc2-dp2] 68/384 games (1422/h, eta 13m)
  [s3-no_q_rr-IL-nc2-dp2] 69/384 games (1390/h, eta 14m)
  [s3-no_q_rr-IL-nc2-dp2] 70/384 games (1410/h, eta 13m)
  [s3-no_q_rr-IL-nc2-dp2] 71/384 games (1405/h, eta 13m)
  [s3-no_q_rr-IL-nc2-dp2] 72/384 games (1375/h, eta 14m)
  [s3-no_q_rr-IL-nc2-dp2] 73/384 games (1356/h, eta 14m)
  [s3-no_q_rr-IL-nc2-dp2] 74/384 games (1367/h, eta 14m)
  [s3-no_q_rr-IL-nc2-dp2] 75/384 games (1363/h, eta 14m)
  [s3-no_q_rr-IL-nc2-dp2] 76/384 games (1379/h, eta 13m)
  [s3-no_q_rr-IL-nc2-dp2] 77/384 games (1393/h, eta 13m)
  [s3-no_q_rr-IL-nc2-dp2] 78/384 games (1397/h, eta 13m)
  [s3-no_q_rr-IL-nc2-dp2] 79/384 games (1415/h, eta 13m)
  [s3-no_q_rr-IL-nc2-dp2] 80/384 games (1419/h, eta 13m)
  [s3-no_q_rr-IL-nc2-dp2] 81/384 games (1436/h, eta 13m)
  [s3-no_q_rr-IL-nc2-dp2] 82/384 games (1416/h, eta 13m)
  [s3-no_q_rr-IL-nc2-dp2] 83/384 games (1430/h, eta 13m)
  [s3-no_q_rr-IL-nc2-dp2] 84/384 games (1417/h, eta 13m)
  [s3-no_q_rr-IL-nc2-dp2] 85/384 games (1397/h, eta 13m)
  [s3-no_q_rr-IL-nc2-dp2] 86/384 games (1384/h, eta 13m)
  [s3-no_q_rr-IL-nc2-dp2] 87/384 games (1358/h, eta 13m)
  [s3-no_q_rr-IL-nc2-dp2] 88/384 games (1370/h, eta 13m)
  [s3-no_q_rr-IL-nc2-dp2] 89/384 games (1384/h, eta 13m)
  [s3-no_q_rr-IL-nc2-dp2] 90/384 games (1397/h, eta 13m)
  [s3-no_q_rr-IL-nc2-dp2] 91/384 games (1405/h, eta 13m)
  [s3-no_q_rr-IL-nc2-dp2] 92/384 games (1415/h, eta 12m)
  [s3-no_q_rr-IL-nc2-dp2] 93/384 games (1422/h, eta 12m)
  [s3-no_q_rr-IL-nc2-dp2] 94/384 games (1431/h, eta 12m)
  [s3-no_q_rr-IL-nc2-dp2] 95/384 games (1414/h, eta 12m)
  [s3-no_q_rr-IL-nc2-dp2] 96/384 games (1425/h, eta 12m)
  [s3-no_q_rr-IL-nc2-dp2] 97/384 games (1415/h, eta 12m)
  [s3-no_q_rr-IL-nc2-dp2] 98/384 games (1428/h, eta 12m)
  [s3-no_q_rr-IL-nc2-dp2] 99/384 games (1407/h, eta 12m)
  [s3-no_q_rr-IL-nc2-dp2] 100/384 games (1415/h, eta 12m)
  [s3-no_q_rr-IL-nc2-dp2] 101/384 games (1421/h, eta 12m)
  [s3-no_q_rr-IL-nc2-dp2] 102/384 games (1418/h, eta 12m)
  [s3-no_q_rr-IL-nc2-dp2] 103/384 games (1425/h, eta 12m)
  [s3-no_q_rr-IL-nc2-dp2] 104/384 games (1435/h, eta 12m)
  [s3-no_q_rr-IL-nc2-dp2] 105/384 games (1431/h, eta 12m)
  [s3-no_q_rr-IL-nc2-dp2] 106/384 games (1442/h, eta 12m)
  [s3-no_q_rr-IL-nc2-dp2] 107/384 games (1417/h, eta 12m)
  [s3-no_q_rr-IL-nc2-dp2] 108/384 games (1426/h, eta 12m)
  [s3-no_q_rr-IL-nc2-dp2] 109/384 games (1434/h, eta 12m)
  [s3-no_q_rr-IL-nc2-dp2] 110/384 games (1446/h, eta 11m)
  [s3-no_q_rr-IL-nc2-dp2] 111/384 games (1424/h, eta 12m)
  [s3-no_q_rr-IL-nc2-dp2] 112/384 games (1429/h, eta 11m)
  [s3-no_q_rr-IL-nc2-dp2] 113/384 games (1438/h, eta 11m)
  [s3-no_q_rr-IL-nc2-dp2] 114/384 games (1436/h, eta 11m)
  [s3-no_q_rr-IL-nc2-dp2] 115/384 games (1433/h, eta 11m)
  [s3-no_q_rr-IL-nc2-dp2] 116/384 games (1431/h, eta 11m)
  [s3-no_q_rr-IL-nc2-dp2] 117/384 games (1438/h, eta 11m)
  [s3-no_q_rr-IL-nc2-dp2] 118/384 games (1421/h, eta 11m)
  [s3-no_q_rr-IL-nc2-dp2] 119/384 games (1430/h, eta 11m)
  [s3-no_q_rr-IL-nc2-dp2] 120/384 games (1436/h, eta 11m)
  [s3-no_q_rr-IL-nc2-dp2] 121/384 games (1445/h, eta 11m)
  [s3-no_q_rr-IL-nc2-dp2] 122/384 games (1455/h, eta 11m)
  [s3-no_q_rr-IL-nc2-dp2] 123/384 games (1454/h, eta 11m)
  [s3-no_q_rr-IL-nc2-dp2] 124/384 games (1464/h, eta 11m)
  [s3-no_q_rr-IL-nc2-dp2] 125/384 games (1464/h, eta 11m)
  [s3-no_q_rr-IL-nc2-dp2] 126/384 games (1466/h, eta 11m)
  [s3-no_q_rr-IL-nc2-dp2] 127/384 games (1471/h, eta 10m)
  [s3-no_q_rr-IL-nc2-dp2] 128/384 games (1464/h, eta 10m)
  [s3-no_q_rr-IL-nc2-dp2] 129/384 games (1466/h, eta 10m)
  [s3-no_q_rr-IL-nc2-dp2] 130/384 games (1468/h, eta 10m)
  [s3-no_q_rr-IL-nc2-dp2] 131/384 games (1461/h, eta 10m)
  [s3-no_q_rr-IL-nc2-dp2] 132/384 games (1467/h, eta 10m)
  [s3-no_q_rr-IL-nc2-dp2] 133/384 games (1454/h, eta 10m)
  [s3-no_q_rr-IL-nc2-dp2] 134/384 games (1453/h, eta 10m)
  [s3-no_q_rr-IL-nc2-dp2] 135/384 games (1458/h, eta 10m)
  [s3-no_q_rr-IL-nc2-dp2] 136/384 games (1468/h, eta 10m)
  [s3-no_q_rr-IL-nc2-dp2] 137/384 games (1467/h, eta 10m)
  [s3-no_q_rr-IL-nc2-dp2] 138/384 games (1468/h, eta 10m)
  [s3-no_q_rr-IL-nc2-dp2] 139/384 games (1463/h, eta 10m)
  [s3-no_q_rr-IL-nc2-dp2] 140/384 games (1460/h, eta 10m)
  [s3-no_q_rr-IL-nc2-dp2] 141/384 games (1469/h, eta 10m)
  [s3-no_q_rr-IL-nc2-dp2] 142/384 games (1477/h, eta 10m)
  [s3-no_q_rr-IL-nc2-dp2] 143/384 games (1472/h, eta 10m)
  [s3-no_q_rr-IL-nc2-dp2] 144/384 games (1471/h, eta 10m)
  [s3-no_q_rr-IL-nc2-dp2] 145/384 games (1472/h, eta 10m)
  [s3-no_q_rr-IL-nc2-dp2] 146/384 games (1468/h, eta 10m)
  [s3-no_q_rr-IL-nc2-dp2] 147/384 games (1474/h, eta 10m)
  [s3-no_q_rr-IL-nc2-dp2] 148/384 games (1472/h, eta 10m)
  [s3-no_q_rr-IL-nc2-dp2] 149/384 games (1462/h, eta 10m)
  [s3-no_q_rr-IL-nc2-dp2] 150/384 games (1454/h, eta 10m)
  [s3-no_q_rr-IL-nc2-dp2] 151/384 games (1455/h, eta 10m)
  [s3-no_q_rr-IL-nc2-dp2] 152/384 games (1455/h, eta 10m)
  [s3-no_q_rr-IL-nc2-dp2] 153/384 games (1460/h, eta 9m)
  [s3-no_q_rr-IL-nc2-dp2] 154/384 games (1467/h, eta 9m)
  [s3-no_q_rr-IL-nc2-dp2] 155/384 games (1475/h, eta 9m)
  [s3-no_q_rr-IL-nc2-dp2] 156/384 games (1478/h, eta 9m)
  [s3-no_q_rr-IL-nc2-dp2] 157/384 games (1487/h, eta 9m)
  [s3-no_q_rr-IL-nc2-dp2] 158/384 games (1493/h, eta 9m)
  [s3-no_q_rr-IL-nc2-dp2] 159/384 games (1502/h, eta 9m)
  [s3-no_q_rr-IL-nc2-dp2] 160/384 games (1508/h, eta 9m)
  [s3-no_q_rr-IL-nc2-dp2] 161/384 games (1510/h, eta 9m)
  [s3-no_q_rr-IL-nc2-dp2] 162/384 games (1516/h, eta 9m)
  [s3-no_q_rr-IL-nc2-dp2] 163/384 games (1488/h, eta 9m)
  [s3-no_q_rr-IL-nc2-dp2] 164/384 games (1492/h, eta 9m)
  [s3-no_q_rr-IL-nc2-dp2] 165/384 games (1474/h, eta 9m)
  [s3-no_q_rr-IL-nc2-dp2] 166/384 games (1468/h, eta 9m)
  [s3-no_q_rr-IL-nc2-dp2] 167/384 games (1476/h, eta 9m)
  [s3-no_q_rr-IL-nc2-dp2] 168/384 games (1485/h, eta 9m)
  [s3-no_q_rr-IL-nc2-dp2] 169/384 games (1491/h, eta 9m)
  [s3-no_q_rr-IL-nc2-dp2] 170/384 games (1494/h, eta 9m)
  [s3-no_q_rr-IL-nc2-dp2] 171/384 games (1493/h, eta 9m)
  [s3-no_q_rr-IL-nc2-dp2] 172/384 games (1501/h, eta 8m)
  [s3-no_q_rr-IL-nc2-dp2] 173/384 games (1507/h, eta 8m)
  [s3-no_q_rr-IL-nc2-dp2] 174/384 games (1516/h, eta 8m)
  [s3-no_q_rr-IL-nc2-dp2] 175/384 games (1519/h, eta 8m)
  [s3-no_q_rr-IL-nc2-dp2] 176/384 games (1499/h, eta 8m)
  [s3-no_q_rr-IL-nc2-dp2] 177/384 games (1498/h, eta 8m)
  [s3-no_q_rr-IL-nc2-dp2] 178/384 games (1500/h, eta 8m)
  [s3-no_q_rr-IL-nc2-dp2] 179/384 games (1508/h, eta 8m)
  [s3-no_q_rr-IL-nc2-dp2] 180/384 games (1513/h, eta 8m)
  [s3-no_q_rr-IL-nc2-dp2] 181/384 games (1511/h, eta 8m)
  [s3-no_q_rr-IL-nc2-dp2] 182/384 games (1517/h, eta 8m)
  [s3-no_q_rr-IL-nc2-dp2] 183/384 games (1521/h, eta 8m)
  [s3-no_q_rr-IL-nc2-dp2] 184/384 games (1515/h, eta 8m)
  [s3-no_q_rr-IL-nc2-dp2] 185/384 games (1510/h, eta 8m)
  [s3-no_q_rr-IL-nc2-dp2] 186/384 games (1516/h, eta 8m)
  [s3-no_q_rr-IL-nc2-dp2] 187/384 games (1524/h, eta 8m)
  [s3-no_q_rr-IL-nc2-dp2] 188/384 games (1520/h, eta 8m)
  [s3-no_q_rr-IL-nc2-dp2] 189/384 games (1527/h, eta 8m)
  [s3-no_q_rr-IL-nc2-dp2] 190/384 games (1505/h, eta 8m)
  [s3-no_q_rr-IL-nc2-dp2] 191/384 games (1509/h, eta 8m)
  [s3-no_q_rr-IL-nc2-dp2] 192/384 games (1500/h, eta 8m)
  [s3-no_q_rr-IL-nc2-dp2] 193/384 games (1499/h, eta 8m)
  [s3-no_q_rr-IL-nc2-dp2] 194/384 games (1498/h, eta 8m)
  [s3-no_q_rr-IL-nc2-dp2] 195/384 games (1505/h, eta 8m)
  [s3-no_q_rr-IL-nc2-dp2] 196/384 games (1511/h, eta 7m)
  [s3-no_q_rr-IL-nc2-dp2] 197/384 games (1511/h, eta 7m)
  [s3-no_q_rr-IL-nc2-dp2] 198/384 games (1516/h, eta 7m)
  [s3-no_q_rr-IL-nc2-dp2] 199/384 games (1516/h, eta 7m)
  [s3-no_q_rr-IL-nc2-dp2] 200/384 games (1519/h, eta 7m)
  [s3-no_q_rr-IL-nc2-dp2] 201/384 games (1524/h, eta 7m)
  [s3-no_q_rr-IL-nc2-dp2] 202/384 games (1531/h, eta 7m)
  [s3-no_q_rr-IL-nc2-dp2] 203/384 games (1538/h, eta 7m)
  [s3-no_q_rr-IL-nc2-dp2] 204/384 games (1531/h, eta 7m)
  [s3-no_q_rr-IL-nc2-dp2] 205/384 games (1533/h, eta 7m)
  [s3-no_q_rr-IL-nc2-dp2] 206/384 games (1536/h, eta 7m)
  [s3-no_q_rr-IL-nc2-dp2] 207/384 games (1540/h, eta 7m)
  [s3-no_q_rr-IL-nc2-dp2] 208/384 games (1534/h, eta 7m)
  [s3-no_q_rr-IL-nc2-dp2] 209/384 games (1538/h, eta 7m)
  [s3-no_q_rr-IL-nc2-dp2] 210/384 games (1544/h, eta 7m)
  [s3-no_q_rr-IL-nc2-dp2] 211/384 games (1544/h, eta 7m)
  [s3-no_q_rr-IL-nc2-dp2] 212/384 games (1539/h, eta 7m)
  [s3-no_q_rr-IL-nc2-dp2] 213/384 games (1540/h, eta 7m)
  [s3-no_q_rr-IL-nc2-dp2] 214/384 games (1547/h, eta 7m)
  [s3-no_q_rr-IL-nc2-dp2] 215/384 games (1539/h, eta 7m)
  [s3-no_q_rr-IL-nc2-dp2] 216/384 games (1533/h, eta 7m)
  [s3-no_q_rr-IL-nc2-dp2] 217/384 games (1537/h, eta 7m)
  [s3-no_q_rr-IL-nc2-dp2] 218/384 games (1533/h, eta 6m)
  [s3-no_q_rr-IL-nc2-dp2] 219/384 games (1537/h, eta 6m)
  [s3-no_q_rr-IL-nc2-dp2] 220/384 games (1543/h, eta 6m)
  [s3-no_q_rr-IL-nc2-dp2] 221/384 games (1546/h, eta 6m)
  [s3-no_q_rr-IL-nc2-dp2] 222/384 games (1539/h, eta 6m)
  [s3-no_q_rr-IL-nc2-dp2] 223/384 games (1535/h, eta 6m)
  [s3-no_q_rr-IL-nc2-dp2] 224/384 games (1542/h, eta 6m)
  [s3-no_q_rr-IL-nc2-dp2] 225/384 games (1542/h, eta 6m)
  [s3-no_q_rr-IL-nc2-dp2] 226/384 games (1546/h, eta 6m)
  [s3-no_q_rr-IL-nc2-dp2] 227/384 games (1539/h, eta 6m)
  [s3-no_q_rr-IL-nc2-dp2] 228/384 games (1546/h, eta 6m)
  [s3-no_q_rr-IL-nc2-dp2] 229/384 games (1549/h, eta 6m)
  [s3-no_q_rr-IL-nc2-dp2] 230/384 games (1550/h, eta 6m)
  [s3-no_q_rr-IL-nc2-dp2] 231/384 games (1553/h, eta 6m)
  [s3-no_q_rr-IL-nc2-dp2] 232/384 games (1553/h, eta 6m)
  [s3-no_q_rr-IL-nc2-dp2] 233/384 games (1551/h, eta 6m)
  [s3-no_q_rr-IL-nc2-dp2] 234/384 games (1554/h, eta 6m)
  [s3-no_q_rr-IL-nc2-dp2] 235/384 games (1555/h, eta 6m)
  [s3-no_q_rr-IL-nc2-dp2] 236/384 games (1555/h, eta 6m)
  [s3-no_q_rr-IL-nc2-dp2] 237/384 games (1528/h, eta 6m)
  [s3-no_q_rr-IL-nc2-dp2] 238/384 games (1531/h, eta 6m)
  [s3-no_q_rr-IL-nc2-dp2] 239/384 games (1535/h, eta 6m)
  [s3-no_q_rr-IL-nc2-dp2] 240/384 games (1538/h, eta 6m)
  [s3-no_q_rr-IL-nc2-dp2] 241/384 games (1543/h, eta 6m)
  [s3-no_q_rr-IL-nc2-dp2] 242/384 games (1546/h, eta 6m)
  [s3-no_q_rr-IL-nc2-dp2] 243/384 games (1541/h, eta 5m)
  [s3-no_q_rr-IL-nc2-dp2] 244/384 games (1542/h, eta 5m)
  [s3-no_q_rr-IL-nc2-dp2] 245/384 games (1545/h, eta 5m)
  [s3-no_q_rr-IL-nc2-dp2] 246/384 games (1536/h, eta 5m)
  [s3-no_q_rr-IL-nc2-dp2] 247/384 games (1539/h, eta 5m)
  [s3-no_q_rr-IL-nc2-dp2] 248/384 games (1542/h, eta 5m)
  [s3-no_q_rr-IL-nc2-dp2] 249/384 games (1540/h, eta 5m)
  [s3-no_q_rr-IL-nc2-dp2] 250/384 games (1545/h, eta 5m)
  [s3-no_q_rr-IL-nc2-dp2] 251/384 games (1549/h, eta 5m)
  [s3-no_q_rr-IL-nc2-dp2] 252/384 games (1544/h, eta 5m)
  [s3-no_q_rr-IL-nc2-dp2] 253/384 games (1541/h, eta 5m)
  [s3-no_q_rr-IL-nc2-dp2] 254/384 games (1540/h, eta 5m)
  [s3-no_q_rr-IL-nc2-dp2] 255/384 games (1542/h, eta 5m)
  [s3-no_q_rr-IL-nc2-dp2] 256/384 games (1545/h, eta 5m)
  [s3-no_q_rr-IL-nc2-dp2] 257/384 games (1548/h, eta 5m)
  [s3-no_q_rr-IL-nc2-dp2] 258/384 games (1547/h, eta 5m)
  [s3-no_q_rr-IL-nc2-dp2] 259/384 games (1544/h, eta 5m)
  [s3-no_q_rr-IL-nc2-dp2] 260/384 games (1550/h, eta 5m)
  [s3-no_q_rr-IL-nc2-dp2] 261/384 games (1555/h, eta 5m)
  [s3-no_q_rr-IL-nc2-dp2] 262/384 games (1558/h, eta 5m)
  [s3-no_q_rr-IL-nc2-dp2] 263/384 games (1561/h, eta 5m)
  [s3-no_q_rr-IL-nc2-dp2] 264/384 games (1557/h, eta 5m)
  [s3-no_q_rr-IL-nc2-dp2] 265/384 games (1558/h, eta 5m)
  [s3-no_q_rr-IL-nc2-dp2] 266/384 games (1564/h, eta 5m)
  [s3-no_q_rr-IL-nc2-dp2] 267/384 games (1559/h, eta 5m)
  [s3-no_q_rr-IL-nc2-dp2] 268/384 games (1561/h, eta 4m)
  [s3-no_q_rr-IL-nc2-dp2] 269/384 games (1561/h, eta 4m)
  [s3-no_q_rr-IL-nc2-dp2] 270/384 games (1563/h, eta 4m)
  [s3-no_q_rr-IL-nc2-dp2] 271/384 games (1559/h, eta 4m)
  [s3-no_q_rr-IL-nc2-dp2] 272/384 games (1561/h, eta 4m)
  [s3-no_q_rr-IL-nc2-dp2] 273/384 games (1567/h, eta 4m)
  [s3-no_q_rr-IL-nc2-dp2] 274/384 games (1573/h, eta 4m)
  [s3-no_q_rr-IL-nc2-dp2] 275/384 games (1554/h, eta 4m)
  [s3-no_q_rr-IL-nc2-dp2] 276/384 games (1556/h, eta 4m)
  [s3-no_q_rr-IL-nc2-dp2] 277/384 games (1561/h, eta 4m)
  [s3-no_q_rr-IL-nc2-dp2] 278/384 games (1561/h, eta 4m)
  [s3-no_q_rr-IL-nc2-dp2] 279/384 games (1566/h, eta 4m)
  [s3-no_q_rr-IL-nc2-dp2] 280/384 games (1572/h, eta 4m)
  [s3-no_q_rr-IL-nc2-dp2] 281/384 games (1559/h, eta 4m)
  [s3-no_q_rr-IL-nc2-dp2] 282/384 games (1563/h, eta 4m)
  [s3-no_q_rr-IL-nc2-dp2] 283/384 games (1567/h, eta 4m)
  [s3-no_q_rr-IL-nc2-dp2] 284/384 games (1562/h, eta 4m)
  [s3-no_q_rr-IL-nc2-dp2] 285/384 games (1556/h, eta 4m)
  [s3-no_q_rr-IL-nc2-dp2] 286/384 games (1553/h, eta 4m)
  [s3-no_q_rr-IL-nc2-dp2] 287/384 games (1554/h, eta 4m)
  [s3-no_q_rr-IL-nc2-dp2] 288/384 games (1554/h, eta 4m)
  [s3-no_q_rr-IL-nc2-dp2] 289/384 games (1556/h, eta 4m)
  [s3-no_q_rr-IL-nc2-dp2] 290/384 games (1559/h, eta 4m)
  [s3-no_q_rr-IL-nc2-dp2] 291/384 games (1563/h, eta 4m)
  [s3-no_q_rr-IL-nc2-dp2] 292/384 games (1560/h, eta 4m)
  [s3-no_q_rr-IL-nc2-dp2] 293/384 games (1553/h, eta 4m)
  [s3-no_q_rr-IL-nc2-dp2] 294/384 games (1556/h, eta 3m)
  [s3-no_q_rr-IL-nc2-dp2] 295/384 games (1560/h, eta 3m)
  [s3-no_q_rr-IL-nc2-dp2] 296/384 games (1565/h, eta 3m)
  [s3-no_q_rr-IL-nc2-dp2] 297/384 games (1564/h, eta 3m)
  [s3-no_q_rr-IL-nc2-dp2] 298/384 games (1564/h, eta 3m)
  [s3-no_q_rr-IL-nc2-dp2] 299/384 games (1561/h, eta 3m)
  [s3-no_q_rr-IL-nc2-dp2] 300/384 games (1565/h, eta 3m)
  [s3-no_q_rr-IL-nc2-dp2] 301/384 games (1564/h, eta 3m)
  [s3-no_q_rr-IL-nc2-dp2] 302/384 games (1568/h, eta 3m)
  [s3-no_q_rr-IL-nc2-dp2] 303/384 games (1572/h, eta 3m)
  [s3-no_q_rr-IL-nc2-dp2] 304/384 games (1572/h, eta 3m)
  [s3-no_q_rr-IL-nc2-dp2] 305/384 games (1565/h, eta 3m)
  [s3-no_q_rr-IL-nc2-dp2] 306/384 games (1569/h, eta 3m)
  [s3-no_q_rr-IL-nc2-dp2] 307/384 games (1574/h, eta 3m)
  [s3-no_q_rr-IL-nc2-dp2] 308/384 games (1567/h, eta 3m)
  [s3-no_q_rr-IL-nc2-dp2] 309/384 games (1567/h, eta 3m)
  [s3-no_q_rr-IL-nc2-dp2] 310/384 games (1572/h, eta 3m)
  [s3-no_q_rr-IL-nc2-dp2] 311/384 games (1560/h, eta 3m)
  [s3-no_q_rr-IL-nc2-dp2] 312/384 games (1565/h, eta 3m)
  [s3-no_q_rr-IL-nc2-dp2] 313/384 games (1569/h, eta 3m)
  [s3-no_q_rr-IL-nc2-dp2] 314/384 games (1566/h, eta 3m)
  [s3-no_q_rr-IL-nc2-dp2] 315/384 games (1564/h, eta 3m)
  [s3-no_q_rr-IL-nc2-dp2] 316/384 games (1567/h, eta 3m)
  [s3-no_q_rr-IL-nc2-dp2] 317/384 games (1571/h, eta 3m)
  [s3-no_q_rr-IL-nc2-dp2] 318/384 games (1573/h, eta 3m)
  [s3-no_q_rr-IL-nc2-dp2] 319/384 games (1575/h, eta 2m)
  [s3-no_q_rr-IL-nc2-dp2] 320/384 games (1575/h, eta 2m)
  [s3-no_q_rr-IL-nc2-dp2] 321/384 games (1577/h, eta 2m)
  [s3-no_q_rr-IL-nc2-dp2] 322/384 games (1578/h, eta 2m)
  [s3-no_q_rr-IL-nc2-dp2] 323/384 games (1583/h, eta 2m)
  [s3-no_q_rr-IL-nc2-dp2] 324/384 games (1587/h, eta 2m)
  [s3-no_q_rr-IL-nc2-dp2] 325/384 games (1590/h, eta 2m)
  [s3-no_q_rr-IL-nc2-dp2] 326/384 games (1583/h, eta 2m)
  [s3-no_q_rr-IL-nc2-dp2] 327/384 games (1577/h, eta 2m)
  [s3-no_q_rr-IL-nc2-dp2] 328/384 games (1579/h, eta 2m)
  [s3-no_q_rr-IL-nc2-dp2] 329/384 games (1579/h, eta 2m)
  [s3-no_q_rr-IL-nc2-dp2] 330/384 games (1582/h, eta 2m)
  [s3-no_q_rr-IL-nc2-dp2] 331/384 games (1585/h, eta 2m)
  [s3-no_q_rr-IL-nc2-dp2] 332/384 games (1580/h, eta 2m)
  [s3-no_q_rr-IL-nc2-dp2] 333/384 games (1576/h, eta 2m)
  [s3-no_q_rr-IL-nc2-dp2] 334/384 games (1580/h, eta 2m)
  [s3-no_q_rr-IL-nc2-dp2] 335/384 games (1579/h, eta 2m)
  [s3-no_q_rr-IL-nc2-dp2] 336/384 games (1582/h, eta 2m)
  [s3-no_q_rr-IL-nc2-dp2] 337/384 games (1577/h, eta 2m)
  [s3-no_q_rr-IL-nc2-dp2] 338/384 games (1578/h, eta 2m)
  [s3-no_q_rr-IL-nc2-dp2] 339/384 games (1582/h, eta 2m)
  [s3-no_q_rr-IL-nc2-dp2] 340/384 games (1574/h, eta 2m)
  [s3-no_q_rr-IL-nc2-dp2] 341/384 games (1577/h, eta 2m)
  [s3-no_q_rr-IL-nc2-dp2] 342/384 games (1579/h, eta 2m)
  [s3-no_q_rr-IL-nc2-dp2] 343/384 games (1573/h, eta 2m)
  [s3-no_q_rr-IL-nc2-dp2] 344/384 games (1577/h, eta 2m)
  [s3-no_q_rr-IL-nc2-dp2] 345/384 games (1578/h, eta 1m)
  [s3-no_q_rr-IL-nc2-dp2] 346/384 games (1579/h, eta 1m)
  [s3-no_q_rr-IL-nc2-dp2] 347/384 games (1578/h, eta 1m)
  [s3-no_q_rr-IL-nc2-dp2] 348/384 games (1578/h, eta 1m)
  [s3-no_q_rr-IL-nc2-dp2] 349/384 games (1578/h, eta 1m)
  [s3-no_q_rr-IL-nc2-dp2] 350/384 games (1574/h, eta 1m)
  [s3-no_q_rr-IL-nc2-dp2] 351/384 games (1577/h, eta 1m)
  [s3-no_q_rr-IL-nc2-dp2] 352/384 games (1580/h, eta 1m)
  [s3-no_q_rr-IL-nc2-dp2] 353/384 games (1581/h, eta 1m)
  [s3-no_q_rr-IL-nc2-dp2] 354/384 games (1583/h, eta 1m)
  [s3-no_q_rr-IL-nc2-dp2] 355/384 games (1586/h, eta 1m)
  [s3-no_q_rr-IL-nc2-dp2] 356/384 games (1585/h, eta 1m)
  [s3-no_q_rr-IL-nc2-dp2] 357/384 games (1580/h, eta 1m)
  [s3-no_q_rr-IL-nc2-dp2] 358/384 games (1579/h, eta 1m)
  [s3-no_q_rr-IL-nc2-dp2] 359/384 games (1581/h, eta 1m)
  [s3-no_q_rr-IL-nc2-dp2] 360/384 games (1584/h, eta 1m)
  [s3-no_q_rr-IL-nc2-dp2] 361/384 games (1588/h, eta 1m)
  [s3-no_q_rr-IL-nc2-dp2] 362/384 games (1589/h, eta 1m)
  [s3-no_q_rr-IL-nc2-dp2] 363/384 games (1590/h, eta 1m)
  [s3-no_q_rr-IL-nc2-dp2] 364/384 games (1587/h, eta 1m)
  [s3-no_q_rr-IL-nc2-dp2] 365/384 games (1581/h, eta 1m)
  [s3-no_q_rr-IL-nc2-dp2] 366/384 games (1584/h, eta 1m)
  [s3-no_q_rr-IL-nc2-dp2] 367/384 games (1588/h, eta 1m)
  [s3-no_q_rr-IL-nc2-dp2] 368/384 games (1583/h, eta 1m)
  [s3-no_q_rr-IL-nc2-dp2] 369/384 games (1583/h, eta 1m)
  [s3-no_q_rr-IL-nc2-dp2] 370/384 games (1582/h, eta 1m)
  [s3-no_q_rr-IL-nc2-dp2] 371/384 games (1582/h, eta 0m)
  [s3-no_q_rr-IL-nc2-dp2] 372/384 games (1586/h, eta 0m)
  [s3-no_q_rr-IL-nc2-dp2] 373/384 games (1587/h, eta 0m)
  [s3-no_q_rr-IL-nc2-dp2] 374/384 games (1590/h, eta 0m)
  [s3-no_q_rr-IL-nc2-dp2] 375/384 games (1590/h, eta 0m)
  [s3-no_q_rr-IL-nc2-dp2] 376/384 games (1594/h, eta 0m)
  [s3-no_q_rr-IL-nc2-dp2] 377/384 games (1596/h, eta 0m)
  [s3-no_q_rr-IL-nc2-dp2] 378/384 games (1600/h, eta 0m)
  [s3-no_q_rr-IL-nc2-dp2] 379/384 games (1599/h, eta 0m)
  [s3-no_q_rr-IL-nc2-dp2] 380/384 games (1603/h, eta 0m)
  [s3-no_q_rr-IL-nc2-dp2] 381/384 games (1601/h, eta 0m)
  [s3-no_q_rr-IL-nc2-dp2] 382/384 games (1585/h, eta 0m)
  [s3-no_q_rr-IL-nc2-dp2] 383/384 games (1589/h, eta 0m)
  [s3-no_q_rr-IL-nc2-dp2] 384/384 games (1589/h, eta 0m)
[2026-08-31T10:16:29+00:00] DONE  B_s3_trim_damper
# Sweep results (double-mover score)

Sorted by distance from 50%. `balanced` = Wilson CI within [0.40,0.60] and score within [0.45,0.55] (spec.md criterion, tau=0.05 needs N>~384).

| label | point | N | W/D/L | score | 95% CI | Elo | med.len | terminations | balanced |
|---|---|---|---|---|---|---|---|---|---|
| s3-no_q_rr-ET-nc2-dp2 | `mat=no_q_rr\|reg=ET\|nc2=1\|dp2=1\|k=1\|dbl=W\|first=W\|n=8000\|e=search` | 384 | 184/30/170 | 0.518 | [0.468, 0.568] | +13 | 30 | checkmate:354, repetition:22, no_progress:8 | **YES** |
| s3-no_q_rr-IL-dp2 | `mat=no_q_rr\|reg=IL\|nc2=0\|dp2=1\|k=1\|dbl=W\|first=W\|n=8000\|e=search` | 384 | 198/27/159 | 0.551 | [0.501, 0.600] | +35 | 29 | checkmate:357, repetition:22, no_progress:5 | no |
| s3-no_q_rr-ET-dp2 | `mat=no_q_rr\|reg=ET\|nc2=0\|dp2=1\|k=1\|dbl=W\|first=W\|n=8000\|e=search` | 384 | 212/29/143 | 0.590 | [0.540, 0.638] | +63 | 27 | checkmate:355, repetition:25, no_progress:4 | no |
| s3-no_q_rr-IL-nc2-dp2 | `mat=no_q_rr\|reg=IL\|nc2=1\|dp2=1\|k=1\|dbl=W\|first=W\|n=8000\|e=search` | 384 | 130/28/226 | 0.375 | [0.328, 0.424] | -89 | 32 | checkmate:356, repetition:24, no_progress:4 | no |
| s3-no_q_r-IL-nc2-dp2 | `mat=no_q_r\|reg=IL\|nc2=1\|dp2=1\|k=1\|dbl=W\|first=W\|n=8000\|e=search` | 384 | 260/21/103 | 0.704 | [0.657, 0.748] | +151 | 31 | checkmate:363, repetition:17, no_progress:4 | no |
| s3-no_q_r-ET-nc2-dp2 | `mat=no_q_r\|reg=ET\|nc2=1\|dp2=1\|k=1\|dbl=W\|first=W\|n=8000\|e=search` | 384 | 306/23/55 | 0.827 | [0.786, 0.861] | +272 | 27 | checkmate:361, repetition:16, no_progress:7 | no |
| s3-no_q_r-ET-dp2 | `mat=no_q_r\|reg=ET\|nc2=0\|dp2=1\|k=1\|dbl=W\|first=W\|n=8000\|e=search` | 384 | 310/16/58 | 0.828 | [0.787, 0.863] | +273 | 25 | checkmate:368, repetition:16 | no |
| s3-no_q_r-IL-dp2 | `mat=no_q_r\|reg=IL\|nc2=0\|dp2=1\|k=1\|dbl=W\|first=W\|n=8000\|e=search` | 384 | 311/26/47 | 0.844 | [0.804, 0.877] | +293 | 24 | checkmate:358, repetition:17, no_progress:9 | no |
| s3-no_q_rr-IL-nc2 | `mat=no_q_rr\|reg=IL\|nc2=1\|dp2=0\|k=1\|dbl=W\|first=W\|n=8000\|e=search` | 384 | 331/20/33 | 0.888 | [0.853, 0.916] | +360 | 26 | checkmate:364, repetition:16, no_progress:3, stalemate:1 | no |
| s3-no_rr-IL-nc2-dp2 | `mat=no_rr\|reg=IL\|nc2=1\|dp2=1\|k=1\|dbl=W\|first=W\|n=8000\|e=search` | 384 | 338/15/31 | 0.900 | [0.866, 0.926] | +381 | 21 | checkmate:369, repetition:11, no_progress:3, stalemate:1 | no |
| s3-no_q-IL-nc2-dp2 | `mat=no_q\|reg=IL\|nc2=1\|dp2=1\|k=1\|dbl=W\|first=W\|n=8000\|e=search` | 384 | 346/15/23 | 0.921 | [0.889, 0.944] | +426 | 27 | checkmate:369, repetition:13, no_progress:2 | no |
| s3-no_nn-IL-nc2-dp2 | `mat=no_nn\|reg=IL\|nc2=1\|dp2=1\|k=1\|dbl=W\|first=W\|n=8000\|e=search` | 384 | 352/10/22 | 0.930 | [0.900, 0.951] | +448 | 20 | checkmate:374, repetition:9, no_progress:1 | no |
| s3-no_bb-IL-nc2-dp2 | `mat=no_bb\|reg=IL\|nc2=1\|dp2=1\|k=1\|dbl=W\|first=W\|n=8000\|e=search` | 384 | 348/19/17 | 0.931 | [0.901, 0.952] | +452 | 22 | checkmate:365, repetition:18, no_progress:1 | no |
| s3-no_nn-ET-nc2-dp2 | `mat=no_nn\|reg=ET\|nc2=1\|dp2=1\|k=1\|dbl=W\|first=W\|n=8000\|e=search` | 384 | 354/10/20 | 0.935 | [0.906, 0.956] | +463 | 18 | checkmate:374, repetition:7, no_progress:2, stalemate:1 | no |
| s3-no_q_rr-ET-nc2 | `mat=no_q_rr\|reg=ET\|nc2=1\|dp2=0\|k=1\|dbl=W\|first=W\|n=8000\|e=search` | 384 | 355/10/19 | 0.938 | [0.909, 0.958] | +470 | 24 | checkmate:374, repetition:10 | no |
| s3-no_rr-IL-dp2 | `mat=no_rr\|reg=IL\|nc2=0\|dp2=1\|k=1\|dbl=W\|first=W\|n=8000\|e=search` | 384 | 356/9/19 | 0.939 | [0.910, 0.959] | +474 | 11 | checkmate:375, repetition:6, no_progress:3 | no |
| s3-no_nn-ET-dp2 | `mat=no_nn\|reg=ET\|nc2=0\|dp2=1\|k=1\|dbl=W\|first=W\|n=8000\|e=search` | 384 | 361/7/16 | 0.949 | [0.922, 0.967] | +509 | 13 | checkmate:377, repetition:7 | no |
| s3-no_bb-ET-nc2-dp2 | `mat=no_bb\|reg=ET\|nc2=1\|dp2=1\|k=1\|dbl=W\|first=W\|n=8000\|e=search` | 384 | 361/11/12 | 0.954 | [0.929, 0.971] | +528 | 17 | checkmate:373, repetition:8, no_progress:3 | no |
| s3-no_rr-ET-dp2 | `mat=no_rr\|reg=ET\|nc2=0\|dp2=1\|k=1\|dbl=W\|first=W\|n=8000\|e=search` | 384 | 365/4/15 | 0.956 | [0.930, 0.972] | +534 | 11 | checkmate:380, repetition:3, no_progress:1 | no |
| s3-no_rr-ET-nc2-dp2 | `mat=no_rr\|reg=ET\|nc2=1\|dp2=1\|k=1\|dbl=W\|first=W\|n=8000\|e=search` | 384 | 365/5/14 | 0.957 | [0.932, 0.973] | +539 | 14 | checkmate:379, repetition:4, no_progress:1 | no |
| s3-no_q-ET-nc2-dp2 | `mat=no_q\|reg=ET\|nc2=1\|dp2=1\|k=1\|dbl=W\|first=W\|n=8000\|e=search` | 384 | 361/14/9 | 0.958 | [0.933, 0.974] | +545 | 24 | checkmate:370, repetition:10, no_progress:4 | no |
| s3-no_nn-IL-dp2 | `mat=no_nn\|reg=IL\|nc2=0\|dp2=1\|k=1\|dbl=W\|first=W\|n=8000\|e=search` | 384 | 366/5/13 | 0.960 | [0.935, 0.975] | +550 | 13 | checkmate:379, repetition:4, no_progress:1 | no |
| s3-no_q-IL-dp2 | `mat=no_q\|reg=IL\|nc2=0\|dp2=1\|k=1\|dbl=W\|first=W\|n=8000\|e=search` | 384 | 368/5/11 | 0.965 | [0.941, 0.979] | +575 | 21 | checkmate:379, repetition:4, no_progress:1 | no |
| s3-no_bb-ET-dp2 | `mat=no_bb\|reg=ET\|nc2=0\|dp2=1\|k=1\|dbl=W\|first=W\|n=8000\|e=search` | 384 | 370/2/12 | 0.966 | [0.943, 0.980] | +582 | 13 | checkmate:382, no_progress:1, repetition:1 | no |
| s3-no_q-ET-dp2 | `mat=no_q\|reg=ET\|nc2=0\|dp2=1\|k=1\|dbl=W\|first=W\|n=8000\|e=search` | 384 | 370/4/10 | 0.969 | [0.946, 0.982] | +596 | 21 | checkmate:380, repetition:4 | no |
| s3-no_bb-IL-dp2 | `mat=no_bb\|reg=IL\|nc2=0\|dp2=1\|k=1\|dbl=W\|first=W\|n=8000\|e=search` | 384 | 370/5/9 | 0.970 | [0.948, 0.983] | +604 | 14 | checkmate:379, repetition:5 | no |
| s3-no_r-IL-nc2-dp2 | `mat=no_r\|reg=IL\|nc2=1\|dp2=1\|k=1\|dbl=W\|first=W\|n=8000\|e=search` | 384 | 370/6/8 | 0.971 | [0.949, 0.984] | +612 | 18 | checkmate:378, repetition:4, no_progress:2 | no |
| s3-no_r-ET-nc2-dp2 | `mat=no_r\|reg=ET\|nc2=1\|dp2=1\|k=1\|dbl=W\|first=W\|n=8000\|e=search` | 384 | 372/4/8 | 0.974 | [0.953, 0.986] | +629 | 14 | checkmate:380, repetition:3, no_progress:1 | no |
| s3-no_r-ET-dp2 | `mat=no_r\|reg=ET\|nc2=0\|dp2=1\|k=1\|dbl=W\|first=W\|n=8000\|e=search` | 384 | 378/3/3 | 0.988 | [0.972, 0.995] | +770 | 10 | checkmate:381, repetition:3 | no |
| s3-no_q_r-IL-nc2 | `mat=no_q_r\|reg=IL\|nc2=1\|dp2=0\|k=1\|dbl=W\|first=W\|n=8000\|e=search` | 384 | 378/5/1 | 0.991 | [0.975, 0.997] | +814 | 23 | checkmate:379, repetition:4, no_progress:1 | no |
| s3-no_r-IL-dp2 | `mat=no_r\|reg=IL\|nc2=0\|dp2=1\|k=1\|dbl=W\|first=W\|n=8000\|e=search` | 384 | 380/1/3 | 0.991 | [0.975, 0.997] | +814 | 12 | checkmate:383, repetition:1 | no |
| s3-no_nn-ET-nc2 | `mat=no_nn\|reg=ET\|nc2=1\|dp2=0\|k=1\|dbl=W\|first=W\|n=8000\|e=search` | 384 | 382/0/2 | 0.995 | [0.981, 0.999] | +912 | 13 | checkmate:384 | no |
| s3-no_nn-IL-nc2 | `mat=no_nn\|reg=IL\|nc2=1\|dp2=0\|k=1\|dbl=W\|first=W\|n=8000\|e=search` | 384 | 383/0/1 | 0.997 | [0.985, 1.000] | +1033 | 15 | checkmate:384 | no |
| s3-no_q_r-ET-nc2 | `mat=no_q_r\|reg=ET\|nc2=1\|dp2=0\|k=1\|dbl=W\|first=W\|n=8000\|e=search` | 384 | 382/2/0 | 0.997 | [0.985, 1.000] | +1033 | 20 | checkmate:382, repetition:2 | no |
| s3-no_rr-ET-nc2 | `mat=no_rr\|reg=ET\|nc2=1\|dp2=0\|k=1\|dbl=W\|first=W\|n=8000\|e=search` | 384 | 383/0/1 | 0.997 | [0.985, 1.000] | +1033 | 11 | checkmate:384 | no |
| s3-no_q-ET-nc2 | `mat=no_q\|reg=ET\|nc2=1\|dp2=0\|k=1\|dbl=W\|first=W\|n=8000\|e=search` | 384 | 383/1/0 | 0.999 | [0.988, 1.000] | +1154 | 19 | checkmate:383, repetition:1 | no |
| s3-no_q-IL-nc2 | `mat=no_q\|reg=IL\|nc2=1\|dp2=0\|k=1\|dbl=W\|first=W\|n=8000\|e=search` | 384 | 383/1/0 | 0.999 | [0.988, 1.000] | +1154 | 20 | checkmate:383, no_progress:1 | no |
| s3-no_rr-IL-nc2 | `mat=no_rr\|reg=IL\|nc2=1\|dp2=0\|k=1\|dbl=W\|first=W\|n=8000\|e=search` | 384 | 383/1/0 | 0.999 | [0.988, 1.000] | +1154 | 13 | checkmate:383, no_progress:1 | no |
| s3-no_bb-ET-nc2 | `mat=no_bb\|reg=ET\|nc2=1\|dp2=0\|k=1\|dbl=W\|first=W\|n=8000\|e=search` | 384 | 384/0/0 | 1.000 | [0.990, 1.000] | +2400 | 12 | checkmate:384 | no |
| s3-no_bb-IL-nc2 | `mat=no_bb\|reg=IL\|nc2=1\|dp2=0\|k=1\|dbl=W\|first=W\|n=8000\|e=search` | 384 | 384/0/0 | 1.000 | [0.990, 1.000] | +2400 | 15 | checkmate:384 | no |
| s3-no_r-ET-nc2 | `mat=no_r\|reg=ET\|nc2=1\|dp2=0\|k=1\|dbl=W\|first=W\|n=8000\|e=search` | 384 | 384/0/0 | 1.000 | [0.990, 1.000] | +2400 | 11 | checkmate:384 | no |
| s3-no_r-IL-nc2 | `mat=no_r\|reg=IL\|nc2=1\|dp2=0\|k=1\|dbl=W\|first=W\|n=8000\|e=search` | 384 | 384/0/0 | 1.000 | [0.990, 1.000] | +2400 | 12 | checkmate:384 | no |
